logged_at_utc,ts,device_id,alerts
2025-11-18T03:25:13Z,2025-11-18T03:25:13Z,safesleep-dev-01,Temperatura abaixo do recomendado para o bebê (< 20 ºC). | Bebê em posição de bruços (prono) – atenção ao risco de sufocamento.
2025-11-18T03:25:16Z,2025-11-18T03:25:16Z,safesleep-dev-01,Temperatura acima do recomendado para o bebê (> 26 ºC). | Umidade baixa – ambiente mais seco que o ideal (< 40%).
2025-11-18T03:25:19Z,2025-11-18T03:25:19Z,safesleep-dev-01,Umidade baixa – ambiente mais seco que o ideal (< 40%).
2025-11-18T03:25:22Z,2025-11-18T03:25:22Z,safesleep-dev-01,Temperatura abaixo do recomendado para o bebê (< 20 ºC).
2025-11-18T03:25:28Z,2025-11-18T03:25:28Z,safesleep-dev-01,Temperatura abaixo do recomendado para o bebê (< 20 ºC). | Nível de ruído elevado – possível choro ou barulho no quarto (> 60 dB).
2025-11-18T03:25:31Z,2025-11-18T03:25:31Z,safesleep-dev-01,Temperatura acima do recomendado para o bebê (> 26 ºC). | Umidade baixa – ambiente mais seco que o ideal (< 40%). | Nível de ruído elevado – possível choro ou barulho no quarto (> 60 dB).
2025-11-18T03:25:34Z,2025-11-18T03:25:34Z,safesleep-dev-01,Nível de ruído elevado – possível choro ou barulho no quarto (> 60 dB).
2025-11-18T03:25:37Z,2025-11-18T03:25:37Z,safesleep-dev-01,Umidade alta – risco de mofo/desconforto (> 60%).
2025-11-18T03:25:40Z,2025-11-18T03:25:40Z,safesleep-dev-01,Temperatura acima do recomendado para o bebê (> 26 ºC).
2025-11-18T03:25:43Z,2025-11-18T03:25:43Z,safesleep-dev-01,Temperatura acima do recomendado para o bebê (> 26 ºC).
2025-11-18T03:25:46Z,2025-11-18T03:25:46Z,safesleep-dev-01,Umidade alta – risco de mofo/desconforto (> 60%).
2025-11-18T03:25:49Z,2025-11-18T03:25:49Z,safesleep-dev-01,Temperatura acima do recomendado para o bebê (> 26 ºC). | Umidade baixa – ambiente mais seco que o ideal (< 40%). | Nível de ruído elevado – possível choro ou barulho no quarto (> 60 dB).
2025-11-18T03:25:52Z,2025-11-18T03:25:52Z,safesleep-dev-01,Temperatura abaixo do recomendado para o bebê (< 20 ºC). | Nível de ruído elevado – possível choro ou barulho no quarto (> 60 dB). | Bebê em posição de bruços (prono) – atenção ao risco de sufocamento.
2025-11-18T03:25:55Z,2025-11-18T03:25:55Z,safesleep-dev-01,Temperatura abaixo do recomendado para o bebê (< 20 ºC). | Umidade baixa – ambiente mais seco que o ideal (< 40%). | Nível de ruído elevado – possível choro ou barulho no quarto (> 60 dB).
2025-11-18T03:25:58Z,2025-11-18T03:25:58Z,safesleep-dev-01,Temperatura acima do recomendado para o bebê (> 26 ºC). | Nível de ruído elevado – possível choro ou barulho no quarto (> 60 dB).
2025-11-18T03:27:03Z,2025-11-18T03:27:03Z,safesleep-dev-01,Temperatura abaixo do recomendado para o bebê (< 20 ºC). | Nível de ruído elevado – possível choro ou barulho no quarto (> 60 dB).
2025-11-18T03:27:09Z,2025-11-18T03:27:09Z,safesleep-dev-01,Temperatura abaixo do recomendado para o bebê (< 20 ºC).
2025-11-18T03:27:18Z,2025-11-18T03:27:18Z,safesleep-dev-01,Umidade alta – risco de mofo/desconforto (> 60%). | Nível de ruído elevado – possível choro ou barulho no quarto (> 60 dB).
2025-11-18T03:27:21Z,2025-11-18T03:27:21Z,safesleep-dev-01,Temperatura acima do recomendado para o bebê (> 26 ºC). | Umidade alta – risco de mofo/desconforto (> 60%).
2025-11-18T03:27:24Z,2025-11-18T03:27:24Z,safesleep-dev-01,Temperatura acima do recomendado para o bebê (> 26 ºC).
2025-11-18T03:27:30Z,2025-11-18T03:27:30Z,safesleep-dev-01,Umidade alta – risco de mofo/desconforto (> 60%). | Bebê em posição de bruços (prono) – atenção ao risco de sufocamento.
2025-11-18T03:27:33Z,2025-11-18T03:27:33Z,safesleep-dev-01,Umidade alta – risco de mofo/desconforto (> 60%). | Nível de ruído elevado – possível choro ou barulho no quarto (> 60 dB).
2025-11-18T03:27:36Z,2025-11-18T03:27:36Z,safesleep-dev-01,Umidade alta – risco de mofo/desconforto (> 60%).
2025-11-18T03:27:39Z,2025-11-18T03:27:39Z,safesleep-dev-01,Temperatura acima do recomendado para o bebê (> 26 ºC). | Nível de ruído elevado – possível choro ou barulho no quarto (> 60 dB).
2025-11-18T03:27:42Z,2025-11-18T03:27:42Z,safesleep-dev-01,Bebê em posição de bruços (prono) – atenção ao risco de sufocamento.
2025-11-18T03:27:45Z,2025-11-18T03:27:45Z,safesleep-dev-01,Temperatura acima do recomendado para o bebê (> 26 ºC). | Umidade baixa – ambiente mais seco que o ideal (< 40%).
2025-11-18T03:27:48Z,2025-11-18T03:27:48Z,safesleep-dev-01,Temperatura abaixo do recomendado para o bebê (< 20 ºC). | Umidade alta – risco de mofo/desconforto (> 60%). | Nível de ruído elevado – possível choro ou barulho no quarto (> 60 dB).
2025-11-18T03:27:51Z,2025-11-18T03:27:51Z,safesleep-dev-01,Temperatura acima do recomendado para o bebê (> 26 ºC).
2025-11-18T03:27:54Z,2025-11-18T03:27:54Z,safesleep-dev-01,Umidade baixa – ambiente mais seco que o ideal (< 40%). | Nível de ruído elevado – possível choro ou barulho no quarto (> 60 dB).
2025-11-18T03:27:57Z,2025-11-18T03:27:57Z,safesleep-dev-01,Umidade alta – risco de mofo/desconforto (> 60%).
2025-11-18T03:28:00Z,2025-11-18T03:28:00Z,safesleep-dev-01,Umidade alta – risco de mofo/desconforto (> 60%).
2025-11-18T03:28:03Z,2025-11-18T03:28:03Z,safesleep-dev-01,Bebê em posição de bruços (prono) – atenção ao risco de sufocamento.
2025-11-18T03:28:06Z,2025-11-18T03:28:06Z,safesleep-dev-01,Temperatura abaixo do recomendado para o bebê (< 20 ºC).
2025-11-18T03:28:09Z,2025-11-18T03:28:09Z,safesleep-dev-01,Temperatura acima do recomendado para o bebê (> 26 ºC). | Umidade baixa – ambiente mais seco que o ideal (< 40%). | Nível de ruído elevado – possível choro ou barulho no quarto (> 60 dB).
2025-11-18T03:28:12Z,2025-11-18T03:28:12Z,safesleep-dev-01,Temperatura acima do recomendado para o bebê (> 26 ºC). | Nível de ruído elevado – possível choro ou barulho no quarto (> 60 dB).
2025-11-18T03:28:15Z,2025-11-18T03:28:15Z,safesleep-dev-01,Umidade alta – risco de mofo/desconforto (> 60%).
2025-11-18T03:28:18Z,2025-11-18T03:28:18Z,safesleep-dev-01,Umidade baixa – ambiente mais seco que o ideal (< 40%).
2025-11-18T03:28:21Z,2025-11-18T03:28:21Z,safesleep-dev-01,Temperatura acima do recomendado para o bebê (> 26 ºC). | Umidade baixa – ambiente mais seco que o ideal (< 40%). | Nível de ruído elevado – possível choro ou barulho no quarto (> 60 dB).
2025-11-18T03:28:24Z,2025-11-18T03:28:24Z,safesleep-dev-01,Temperatura abaixo do recomendado para o bebê (< 20 ºC). | Umidade baixa – ambiente mais seco que o ideal (< 40%).
2025-11-18T03:28:27Z,2025-11-18T03:28:27Z,safesleep-dev-01,Temperatura acima do recomendado para o bebê (> 26 ºC). | Nível de ruído elevado – possível choro ou barulho no quarto (> 60 dB).
2025-11-18T03:28:30Z,2025-11-18T03:28:30Z,safesleep-dev-01,Nível de ruído elevado – possível choro ou barulho no quarto (> 60 dB).
2025-11-18T03:28:33Z,2025-11-18T03:28:33Z,safesleep-dev-01,Temperatura acima do recomendado para o bebê (> 26 ºC). | Umidade alta – risco de mofo/desconforto (> 60%). | Nível de ruído elevado – possível choro ou barulho no quarto (> 60 dB).
2025-11-18T03:28:36Z,2025-11-18T03:28:36Z,safesleep-dev-01,Bebê em posição de bruços (prono) – atenção ao risco de sufocamento.
2025-11-18T03:28:39Z,2025-11-18T03:28:39Z,safesleep-dev-01,Temperatura abaixo do recomendado para o bebê (< 20 ºC). | Umidade baixa – ambiente mais seco que o ideal (< 40%). | Nível de ruído elevado – possível choro ou barulho no quarto (> 60 dB).
2025-11-18T03:28:42Z,2025-11-18T03:28:42Z,safesleep-dev-01,Temperatura abaixo do recomendado para o bebê (< 20 ºC). | Umidade baixa – ambiente mais seco que o ideal (< 40%).
2025-11-18T03:28:45Z,2025-11-18T03:28:45Z,safesleep-dev-01,Temperatura acima do recomendado para o bebê (> 26 ºC). | Umidade baixa – ambiente mais seco que o ideal (< 40%).
2025-11-18T03:28:48Z,2025-11-18T03:28:48Z,safesleep-dev-01,Temperatura acima do recomendado para o bebê (> 26 ºC). | Nível de ruído elevado – possível choro ou barulho no quarto (> 60 dB).
2025-11-18T03:28:51Z,2025-11-18T03:28:51Z,safesleep-dev-01,Temperatura abaixo do recomendado para o bebê (< 20 ºC). | Umidade baixa – ambiente mais seco que o ideal (< 40%).
2025-11-18T03:28:54Z,2025-11-18T03:28:54Z,safesleep-dev-01,Nível de ruído elevado – possível choro ou barulho no quarto (> 60 dB).
2025-11-18T03:29:00Z,2025-11-18T03:29:00Z,safesleep-dev-01,Temperatura acima do recomendado para o bebê (> 26 ºC). | Umidade alta – risco de mofo/desconforto (> 60%). | Nível de ruído elevado – possível choro ou barulho no quarto (> 60 dB).
2025-11-18T03:29:03Z,2025-11-18T03:29:03Z,safesleep-dev-01,Bebê em posição de bruços (prono) – atenção ao risco de sufocamento.
2025-11-18T03:29:06Z,2025-11-18T03:29:06Z,safesleep-dev-01,Temperatura abaixo do recomendado para o bebê (< 20 ºC). | Bebê em posição de bruços (prono) – atenção ao risco de sufocamento.
2025-11-18T03:29:09Z,2025-11-18T03:29:09Z,safesleep-dev-01,Temperatura acima do recomendado para o bebê (> 26 ºC).
2025-11-18T03:29:12Z,2025-11-18T03:29:12Z,safesleep-dev-01,Temperatura acima do recomendado para o bebê (> 26 ºC). | Umidade alta – risco de mofo/desconforto (> 60%).
2025-11-18T03:29:18Z,2025-11-18T03:29:18Z,safesleep-dev-01,Umidade alta – risco de mofo/desconforto (> 60%). | Bebê em posição de bruços (prono) – atenção ao risco de sufocamento.
2025-11-18T03:29:21Z,2025-11-18T03:29:21Z,safesleep-dev-01,Nível de ruído elevado – possível choro ou barulho no quarto (> 60 dB).
2025-11-18T03:29:24Z,2025-11-18T03:29:24Z,safesleep-dev-01,Umidade alta – risco de mofo/desconforto (> 60%). | Nível de ruído elevado – possível choro ou barulho no quarto (> 60 dB).
2025-11-18T03:29:27Z,2025-11-18T03:29:27Z,safesleep-dev-01,Nível de ruído elevado – possível choro ou barulho no quarto (> 60 dB).
2025-11-18T03:29:30Z,2025-11-18T03:29:30Z,safesleep-dev-01,Nível de ruído elevado – possível choro ou barulho no quarto (> 60 dB).
2025-11-18T03:29:33Z,2025-11-18T03:29:33Z,safesleep-dev-01,Temperatura abaixo do recomendado para o bebê (< 20 ºC). | Umidade alta – risco de mofo/desconforto (> 60%).
2025-11-18T03:29:36Z,2025-11-18T03:29:36Z,safesleep-dev-01,Temperatura acima do recomendado para o bebê (> 26 ºC). | Umidade alta – risco de mofo/desconforto (> 60%). | Bebê em posição de bruços (prono) – atenção ao risco de sufocamento.
2025-11-18T03:29:45Z,2025-11-18T03:29:45Z,safesleep-dev-01,Nível de ruído elevado – possível choro ou barulho no quarto (> 60 dB).
2025-11-18T03:29:48Z,2025-11-18T03:29:48Z,safesleep-dev-01,Temperatura acima do recomendado para o bebê (> 26 ºC). | Umidade alta – risco de mofo/desconforto (> 60%). | Nível de ruído elevado – possível choro ou barulho no quarto (> 60 dB).
2025-11-18T03:29:51Z,2025-11-18T03:29:51Z,safesleep-dev-01,Temperatura acima do recomendado para o bebê (> 26 ºC). | Umidade alta – risco de mofo/desconforto (> 60%). | Bebê em posição de bruços (prono) – atenção ao risco de sufocamento.
2025-11-18T03:29:54Z,2025-11-18T03:29:54Z,safesleep-dev-01,Nível de ruído elevado – possível choro ou barulho no quarto (> 60 dB).
2025-11-18T03:29:57Z,2025-11-18T03:29:57Z,safesleep-dev-01,Temperatura acima do recomendado para o bebê (> 26 ºC). | Nível de ruído elevado – possível choro ou barulho no quarto (> 60 dB). | Bebê em posição de bruços (prono) – atenção ao risco de sufocamento.
2025-11-18T03:30:00Z,2025-11-18T03:30:00Z,safesleep-dev-01,Temperatura acima do recomendado para o bebê (> 26 ºC). | Bebê em posição de bruços (prono) – atenção ao risco de sufocamento.
2025-11-18T03:30:03Z,2025-11-18T03:30:03Z,safesleep-dev-01,Umidade alta – risco de mofo/desconforto (> 60%). | Nível de ruído elevado – possível choro ou barulho no quarto (> 60 dB).
2025-11-18T03:30:06Z,2025-11-18T03:30:06Z,safesleep-dev-01,Temperatura acima do recomendado para o bebê (> 26 ºC). | Bebê em posição de bruços (prono) – atenção ao risco de sufocamento.
2025-11-18T03:30:09Z,2025-11-18T03:30:09Z,safesleep-dev-01,Umidade alta – risco de mofo/desconforto (> 60%). | Nível de ruído elevado – possível choro ou barulho no quarto (> 60 dB).
2025-11-18T03:30:12Z,2025-11-18T03:30:12Z,safesleep-dev-01,Temperatura abaixo do recomendado para o bebê (< 20 ºC). | Umidade baixa – ambiente mais seco que o ideal (< 40%).
2025-11-18T03:30:15Z,2025-11-18T03:30:15Z,safesleep-dev-01,Umidade baixa – ambiente mais seco que o ideal (< 40%).
2025-11-18T03:30:18Z,2025-11-18T03:30:18Z,safesleep-dev-01,Temperatura abaixo do recomendado para o bebê (< 20 ºC).
2025-11-18T03:30:21Z,2025-11-18T03:30:21Z,safesleep-dev-01,Umidade baixa – ambiente mais seco que o ideal (< 40%). | Nível de ruído elevado – possível choro ou barulho no quarto (> 60 dB).
2025-11-18T03:30:24Z,2025-11-18T03:30:24Z,safesleep-dev-01,Temperatura acima do recomendado para o bebê (> 26 ºC). | Nível de ruído elevado – possível choro ou barulho no quarto (> 60 dB).
2025-11-18T03:30:30Z,2025-11-18T03:30:30Z,safesleep-dev-01,Temperatura acima do recomendado para o bebê (> 26 ºC). | Umidade alta – risco de mofo/desconforto (> 60%).
2025-11-18T03:30:33Z,2025-11-18T03:30:33Z,safesleep-dev-01,Umidade baixa – ambiente mais seco que o ideal (< 40%).
2025-11-18T03:30:36Z,2025-11-18T03:30:36Z,safesleep-dev-01,Temperatura acima do recomendado para o bebê (> 26 ºC). | Umidade baixa – ambiente mais seco que o ideal (< 40%).
2025-11-18T03:30:39Z,2025-11-18T03:30:39Z,safesleep-dev-01,Bebê em posição de bruços (prono) – atenção ao risco de sufocamento.
2025-11-18T03:30:42Z,2025-11-18T03:30:42Z,safesleep-dev-01,Temperatura acima do recomendado para o bebê (> 26 ºC). | Umidade alta – risco de mofo/desconforto (> 60%). | Nível de ruído elevado – possível choro ou barulho no quarto (> 60 dB).
2025-11-18T03:30:45Z,2025-11-18T03:30:45Z,safesleep-dev-01,Nível de ruído elevado – possível choro ou barulho no quarto (> 60 dB).
2025-11-18T03:30:48Z,2025-11-18T03:30:48Z,safesleep-dev-01,Nível de ruído elevado – possível choro ou barulho no quarto (> 60 dB).
2025-11-18T03:30:51Z,2025-11-18T03:30:51Z,safesleep-dev-01,Temperatura acima do recomendado para o bebê (> 26 ºC). | Umidade baixa – ambiente mais seco que o ideal (< 40%).
2025-11-18T03:30:54Z,2025-11-18T03:30:54Z,safesleep-dev-01,Temperatura acima do recomendado para o bebê (> 26 ºC). | Umidade alta – risco de mofo/desconforto (> 60%).
2025-11-18T03:30:57Z,2025-11-18T03:30:57Z,safesleep-dev-01,Temperatura abaixo do recomendado para o bebê (< 20 ºC).
2025-11-18T03:31:00Z,2025-11-18T03:31:00Z,safesleep-dev-01,Temperatura acima do recomendado para o bebê (> 26 ºC). | Umidade alta – risco de mofo/desconforto (> 60%). | Nível de ruído elevado – possível choro ou barulho no quarto (> 60 dB).
2025-11-18T03:31:03Z,2025-11-18T03:31:03Z,safesleep-dev-01,Umidade alta – risco de mofo/desconforto (> 60%). | Nível de ruído elevado – possível choro ou barulho no quarto (> 60 dB).
2025-11-18T03:31:06Z,2025-11-18T03:31:06Z,safesleep-dev-01,Temperatura abaixo do recomendado para o bebê (< 20 ºC).
2025-11-18T03:31:09Z,2025-11-18T03:31:09Z,safesleep-dev-01,Umidade alta – risco de mofo/desconforto (> 60%). | Nível de ruído elevado – possível choro ou barulho no quarto (> 60 dB).
2025-11-18T03:31:12Z,2025-11-18T03:31:12Z,safesleep-dev-01,Temperatura acima do recomendado para o bebê (> 26 ºC). | Umidade baixa – ambiente mais seco que o ideal (< 40%).
2025-11-18T03:31:15Z,2025-11-18T03:31:15Z,safesleep-dev-01,Temperatura acima do recomendado para o bebê (> 26 ºC). | Bebê em posição de bruços (prono) – atenção ao risco de sufocamento.
2025-11-18T03:31:18Z,2025-11-18T03:31:18Z,safesleep-dev-01,Temperatura acima do recomendado para o bebê (> 26 ºC). | Nível de ruído elevado – possível choro ou barulho no quarto (> 60 dB). | Bebê em posição de bruços (prono) – atenção ao risco de sufocamento.
2025-11-18T03:31:21Z,2025-11-18T03:31:21Z,safesleep-dev-01,Temperatura acima do recomendado para o bebê (> 26 ºC). | Umidade alta – risco de mofo/desconforto (> 60%). | Nível de ruído elevado – possível choro ou barulho no quarto (> 60 dB).
2025-11-18T03:31:24Z,2025-11-18T03:31:24Z,safesleep-dev-01,Temperatura abaixo do recomendado para o bebê (< 20 ºC). | Umidade baixa – ambiente mais seco que o ideal (< 40%).
2025-11-18T03:31:28Z,2025-11-18T03:31:27Z,safesleep-dev-01,Temperatura acima do recomendado para o bebê (> 26 ºC). | Nível de ruído elevado – possível choro ou barulho no quarto (> 60 dB).
2025-11-18T03:31:34Z,2025-11-18T03:31:34Z,safesleep-dev-01,Umidade alta – risco de mofo/desconforto (> 60%).
2025-11-18T03:31:37Z,2025-11-18T03:31:37Z,safesleep-dev-01,Temperatura abaixo do recomendado para o bebê (< 20 ºC). | Nível de ruído elevado – possível choro ou barulho no quarto (> 60 dB). | Bebê em posição de bruços (prono) – atenção ao risco de sufocamento.
2025-11-18T03:31:40Z,2025-11-18T03:31:40Z,safesleep-dev-01,Umidade alta – risco de mofo/desconforto (> 60%). | Nível de ruído elevado – possível choro ou barulho no quarto (> 60 dB).
2025-11-18T03:31:43Z,2025-11-18T03:31:43Z,safesleep-dev-01,Temperatura acima do recomendado para o bebê (> 26 ºC). | Umidade alta – risco de mofo/desconforto (> 60%). | Nível de ruído elevado – possível choro ou barulho no quarto (> 60 dB). | Bebê em posição de bruços (prono) – atenção ao risco de sufocamento.
2025-11-18T03:31:46Z,2025-11-18T03:31:46Z,safesleep-dev-01,Temperatura acima do recomendado para o bebê (> 26 ºC). | Umidade alta – risco de mofo/desconforto (> 60%). | Nível de ruído elevado – possível choro ou barulho no quarto (> 60 dB).
2025-11-18T03:31:52Z,2025-11-18T03:31:52Z,safesleep-dev-01,Temperatura abaixo do recomendado para o bebê (< 20 ºC).
2025-11-18T03:31:55Z,2025-11-18T03:31:55Z,safesleep-dev-01,Temperatura acima do recomendado para o bebê (> 26 ºC). | Nível de ruído elevado – possível choro ou barulho no quarto (> 60 dB). | Bebê em posição de bruços (prono) – atenção ao risco de sufocamento.
2025-11-18T03:31:58Z,2025-11-18T03:31:58Z,safesleep-dev-01,Temperatura abaixo do recomendado para o bebê (< 20 ºC). | Umidade baixa – ambiente mais seco que o ideal (< 40%). | Nível de ruído elevado – possível choro ou barulho no quarto (> 60 dB).
2025-11-18T03:32:01Z,2025-11-18T03:32:01Z,safesleep-dev-01,Temperatura abaixo do recomendado para o bebê (< 20 ºC). | Umidade alta – risco de mofo/desconforto (> 60%).
2025-11-18T03:32:04Z,2025-11-18T03:32:04Z,safesleep-dev-01,Temperatura acima do recomendado para o bebê (> 26 ºC). | Umidade baixa – ambiente mais seco que o ideal (< 40%). | Nível de ruído elevado – possível choro ou barulho no quarto (> 60 dB).
2025-11-18T03:32:07Z,2025-11-18T03:32:07Z,safesleep-dev-01,Umidade baixa – ambiente mais seco que o ideal (< 40%).
2025-11-18T03:32:10Z,2025-11-18T03:32:10Z,safesleep-dev-01,Nível de ruído elevado – possível choro ou barulho no quarto (> 60 dB).
2025-11-18T03:32:13Z,2025-11-18T03:32:13Z,safesleep-dev-01,Nível de ruído elevado – possível choro ou barulho no quarto (> 60 dB).
2025-11-18T03:32:16Z,2025-11-18T03:32:16Z,safesleep-dev-01,Umidade alta – risco de mofo/desconforto (> 60%).
2025-11-18T03:32:19Z,2025-11-18T03:32:19Z,safesleep-dev-01,Nível de ruído elevado – possível choro ou barulho no quarto (> 60 dB).
2025-11-18T03:32:22Z,2025-11-18T03:32:22Z,safesleep-dev-01,Umidade alta – risco de mofo/desconforto (> 60%).
2025-11-18T03:32:25Z,2025-11-18T03:32:25Z,safesleep-dev-01,Temperatura acima do recomendado para o bebê (> 26 ºC). | Bebê em posição de bruços (prono) – atenção ao risco de sufocamento.
2025-11-18T03:32:28Z,2025-11-18T03:32:28Z,safesleep-dev-01,Temperatura abaixo do recomendado para o bebê (< 20 ºC). | Bebê em posição de bruços (prono) – atenção ao risco de sufocamento.
2025-11-18T03:32:31Z,2025-11-18T03:32:31Z,safesleep-dev-01,Bebê em posição de bruços (prono) – atenção ao risco de sufocamento.
2025-11-18T03:32:37Z,2025-11-18T03:32:37Z,safesleep-dev-01,Umidade baixa – ambiente mais seco que o ideal (< 40%). | Nível de ruído elevado – possível choro ou barulho no quarto (> 60 dB). | Bebê em posição de bruços (prono) – atenção ao risco de sufocamento.
2025-11-18T03:32:40Z,2025-11-18T03:32:40Z,safesleep-dev-01,Temperatura acima do recomendado para o bebê (> 26 ºC). | Umidade baixa – ambiente mais seco que o ideal (< 40%).
2025-11-18T03:32:43Z,2025-11-18T03:32:43Z,safesleep-dev-01,Umidade baixa – ambiente mais seco que o ideal (< 40%).
2025-11-18T03:32:46Z,2025-11-18T03:32:46Z,safesleep-dev-01,Temperatura acima do recomendado para o bebê (> 26 ºC).
2025-11-18T03:32:49Z,2025-11-18T03:32:49Z,safesleep-dev-01,Nível de ruído elevado – possível choro ou barulho no quarto (> 60 dB).
2025-11-18T03:32:52Z,2025-11-18T03:32:52Z,safesleep-dev-01,Temperatura acima do recomendado para o bebê (> 26 ºC). | Nível de ruído elevado – possível choro ou barulho no quarto (> 60 dB). | Bebê em posição de bruços (prono) – atenção ao risco de sufocamento.
2025-11-18T03:32:55Z,2025-11-18T03:32:55Z,safesleep-dev-01,Umidade alta – risco de mofo/desconforto (> 60%). | Nível de ruído elevado – possível choro ou barulho no quarto (> 60 dB).
2025-11-18T03:33:01Z,2025-11-18T03:33:01Z,safesleep-dev-01,Temperatura acima do recomendado para o bebê (> 26 ºC). | Umidade baixa – ambiente mais seco que o ideal (< 40%). | Nível de ruído elevado – possível choro ou barulho no quarto (> 60 dB).
2025-11-18T03:33:04Z,2025-11-18T03:33:04Z,safesleep-dev-01,Nível de ruído elevado – possível choro ou barulho no quarto (> 60 dB).
2025-11-18T03:33:07Z,2025-11-18T03:33:07Z,safesleep-dev-01,Umidade baixa – ambiente mais seco que o ideal (< 40%). | Nível de ruído elevado – possível choro ou barulho no quarto (> 60 dB).
2025-11-18T03:33:10Z,2025-11-18T03:33:10Z,safesleep-dev-01,Temperatura acima do recomendado para o bebê (> 26 ºC).
2025-11-18T03:33:13Z,2025-11-18T03:33:13Z,safesleep-dev-01,Nível de ruído elevado – possível choro ou barulho no quarto (> 60 dB).
2025-11-18T03:33:16Z,2025-11-18T03:33:16Z,safesleep-dev-01,Umidade alta – risco de mofo/desconforto (> 60%). | Bebê em posição de bruços (prono) – atenção ao risco de sufocamento.
2025-11-18T03:33:19Z,2025-11-18T03:33:19Z,safesleep-dev-01,Umidade alta – risco de mofo/desconforto (> 60%).
2025-11-18T03:33:22Z,2025-11-18T03:33:22Z,safesleep-dev-01,Temperatura acima do recomendado para o bebê (> 26 ºC). | Umidade alta – risco de mofo/desconforto (> 60%).
2025-11-18T03:33:28Z,2025-11-18T03:33:28Z,safesleep-dev-01,Temperatura acima do recomendado para o bebê (> 26 ºC). | Umidade baixa – ambiente mais seco que o ideal (< 40%). | Nível de ruído elevado – possível choro ou barulho no quarto (> 60 dB).
2025-11-18T03:33:31Z,2025-11-18T03:33:31Z,safesleep-dev-01,Temperatura acima do recomendado para o bebê (> 26 ºC). | Bebê em posição de bruços (prono) – atenção ao risco de sufocamento.
2025-11-18T03:33:34Z,2025-11-18T03:33:34Z,safesleep-dev-01,Temperatura acima do recomendado para o bebê (> 26 ºC). | Umidade alta – risco de mofo/desconforto (> 60%). | Nível de ruído elevado – possível choro ou barulho no quarto (> 60 dB).
2025-11-18T03:33:37Z,2025-11-18T03:33:37Z,safesleep-dev-01,Umidade alta – risco de mofo/desconforto (> 60%). | Nível de ruído elevado – possível choro ou barulho no quarto (> 60 dB).
2025-11-18T03:33:40Z,2025-11-18T03:33:40Z,safesleep-dev-01,Nível de ruído elevado – possível choro ou barulho no quarto (> 60 dB).
2025-11-18T03:33:43Z,2025-11-18T03:33:43Z,safesleep-dev-01,Bebê em posição de bruços (prono) – atenção ao risco de sufocamento.
2025-11-18T03:33:46Z,2025-11-18T03:33:46Z,safesleep-dev-01,Nível de ruído elevado – possível choro ou barulho no quarto (> 60 dB).
2025-11-18T03:33:49Z,2025-11-18T03:33:49Z,safesleep-dev-01,Umidade alta – risco de mofo/desconforto (> 60%).
2025-11-18T03:33:52Z,2025-11-18T03:33:52Z,safesleep-dev-01,Temperatura abaixo do recomendado para o bebê (< 20 ºC).
2025-11-18T03:33:55Z,2025-11-18T03:33:55Z,safesleep-dev-01,Temperatura acima do recomendado para o bebê (> 26 ºC). | Nível de ruído elevado – possível choro ou barulho no quarto (> 60 dB). | Bebê em posição de bruços (prono) – atenção ao risco de sufocamento.
2025-11-18T03:33:58Z,2025-11-18T03:33:58Z,safesleep-dev-01,Umidade baixa – ambiente mais seco que o ideal (< 40%).
2025-11-18T03:34:01Z,2025-11-18T03:34:01Z,safesleep-dev-01,Temperatura acima do recomendado para o bebê (> 26 ºC). | Umidade alta – risco de mofo/desconforto (> 60%). | Nível de ruído elevado – possível choro ou barulho no quarto (> 60 dB).
2025-11-18T03:34:04Z,2025-11-18T03:34:04Z,safesleep-dev-01,Temperatura acima do recomendado para o bebê (> 26 ºC).
2025-11-18T03:34:07Z,2025-11-18T03:34:07Z,safesleep-dev-01,Umidade alta – risco de mofo/desconforto (> 60%). | Nível de ruído elevado – possível choro ou barulho no quarto (> 60 dB).
2025-11-18T03:34:10Z,2025-11-18T03:34:10Z,safesleep-dev-01,Umidade baixa – ambiente mais seco que o ideal (< 40%).
2025-11-18T03:34:13Z,2025-11-18T03:34:13Z,safesleep-dev-01,Temperatura acima do recomendado para o bebê (> 26 ºC).
2025-11-18T03:34:16Z,2025-11-18T03:34:16Z,safesleep-dev-01,Temperatura acima do recomendado para o bebê (> 26 ºC). | Bebê em posição de bruços (prono) – atenção ao risco de sufocamento.
2025-11-18T03:34:19Z,2025-11-18T03:34:19Z,safesleep-dev-01,Temperatura acima do recomendado para o bebê (> 26 ºC). | Umidade alta – risco de mofo/desconforto (> 60%). | Nível de ruído elevado – possível choro ou barulho no quarto (> 60 dB).
2025-11-18T03:34:22Z,2025-11-18T03:34:22Z,safesleep-dev-01,Umidade baixa – ambiente mais seco que o ideal (< 40%). | Bebê em posição de bruços (prono) – atenção ao risco de sufocamento.
2025-11-18T03:34:25Z,2025-11-18T03:34:25Z,safesleep-dev-01,Temperatura acima do recomendado para o bebê (> 26 ºC). | Umidade alta – risco de mofo/desconforto (> 60%).
2025-11-18T03:34:28Z,2025-11-18T03:34:28Z,safesleep-dev-01,Temperatura acima do recomendado para o bebê (> 26 ºC). | Umidade alta – risco de mofo/desconforto (> 60%). | Bebê em posição de bruços (prono) – atenção ao risco de sufocamento.
2025-11-18T03:34:31Z,2025-11-18T03:34:31Z,safesleep-dev-01,Umidade alta – risco de mofo/desconforto (> 60%).
2025-11-18T03:34:40Z,2025-11-18T03:34:40Z,safesleep-dev-01,Temperatura abaixo do recomendado para o bebê (< 20 ºC). | Umidade alta – risco de mofo/desconforto (> 60%).
2025-11-18T03:34:43Z,2025-11-18T03:34:43Z,safesleep-dev-01,Temperatura abaixo do recomendado para o bebê (< 20 ºC). | Umidade alta – risco de mofo/desconforto (> 60%). | Nível de ruído elevado – possível choro ou barulho no quarto (> 60 dB).
2025-11-18T03:34:46Z,2025-11-18T03:34:46Z,safesleep-dev-01,Umidade alta – risco de mofo/desconforto (> 60%).
2025-11-18T03:34:49Z,2025-11-18T03:34:49Z,safesleep-dev-01,Umidade baixa – ambiente mais seco que o ideal (< 40%).
2025-11-18T03:34:52Z,2025-11-18T03:34:52Z,safesleep-dev-01,Temperatura abaixo do recomendado para o bebê (< 20 ºC). | Nível de ruído elevado – possível choro ou barulho no quarto (> 60 dB).
2025-11-18T03:34:55Z,2025-11-18T03:34:55Z,safesleep-dev-01,Umidade baixa – ambiente mais seco que o ideal (< 40%).
2025-11-18T03:34:58Z,2025-11-18T03:34:58Z,safesleep-dev-01,Umidade baixa – ambiente mais seco que o ideal (< 40%). | Nível de ruído elevado – possível choro ou barulho no quarto (> 60 dB).
2025-11-18T03:35:01Z,2025-11-18T03:35:01Z,safesleep-dev-01,Bebê em posição de bruços (prono) – atenção ao risco de sufocamento.
2025-11-18T03:35:04Z,2025-11-18T03:35:04Z,safesleep-dev-01,Temperatura acima do recomendado para o bebê (> 26 ºC).
2025-11-18T03:35:07Z,2025-11-18T03:35:07Z,safesleep-dev-01,Temperatura acima do recomendado para o bebê (> 26 ºC).
2025-11-18T03:35:10Z,2025-11-18T03:35:10Z,safesleep-dev-01,Umidade alta – risco de mofo/desconforto (> 60%). | Nível de ruído elevado – possível choro ou barulho no quarto (> 60 dB).
2025-11-18T03:35:13Z,2025-11-18T03:35:13Z,safesleep-dev-01,Temperatura abaixo do recomendado para o bebê (< 20 ºC). | Umidade baixa – ambiente mais seco que o ideal (< 40%). | Nível de ruído elevado – possível choro ou barulho no quarto (> 60 dB).
2025-11-18T03:35:19Z,2025-11-18T03:35:19Z,safesleep-dev-01,Temperatura abaixo do recomendado para o bebê (< 20 ºC). | Umidade baixa – ambiente mais seco que o ideal (< 40%). | Nível de ruído elevado – possível choro ou barulho no quarto (> 60 dB).
2025-11-18T03:35:22Z,2025-11-18T03:35:22Z,safesleep-dev-01,Umidade baixa – ambiente mais seco que o ideal (< 40%).
2025-11-18T03:35:25Z,2025-11-18T03:35:25Z,safesleep-dev-01,Nível de ruído elevado – possível choro ou barulho no quarto (> 60 dB).
2025-11-18T03:35:28Z,2025-11-18T03:35:28Z,safesleep-dev-01,Umidade alta – risco de mofo/desconforto (> 60%). | Bebê em posição de bruços (prono) – atenção ao risco de sufocamento.
2025-11-18T03:35:31Z,2025-11-18T03:35:31Z,safesleep-dev-01,Temperatura acima do recomendado para o bebê (> 26 ºC).
2025-11-18T03:35:34Z,2025-11-18T03:35:34Z,safesleep-dev-01,Temperatura acima do recomendado para o bebê (> 26 ºC).
2025-11-18T03:35:37Z,2025-11-18T03:35:37Z,safesleep-dev-01,Temperatura acima do recomendado para o bebê (> 26 ºC). | Umidade baixa – ambiente mais seco que o ideal (< 40%). | Nível de ruído elevado – possível choro ou barulho no quarto (> 60 dB).
2025-11-18T03:35:40Z,2025-11-18T03:35:40Z,safesleep-dev-01,Temperatura acima do recomendado para o bebê (> 26 ºC). | Umidade baixa – ambiente mais seco que o ideal (< 40%).
2025-11-18T03:35:49Z,2025-11-18T03:35:49Z,safesleep-dev-01,Umidade alta – risco de mofo/desconforto (> 60%). | Nível de ruído elevado – possível choro ou barulho no quarto (> 60 dB).
2025-11-18T03:35:52Z,2025-11-18T03:35:52Z,safesleep-dev-01,Nível de ruído elevado – possível choro ou barulho no quarto (> 60 dB).
2025-11-18T03:35:55Z,2025-11-18T03:35:55Z,safesleep-dev-01,Nível de ruído elevado – possível choro ou barulho no quarto (> 60 dB).
2025-11-18T03:35:58Z,2025-11-18T03:35:58Z,safesleep-dev-01,Nível de ruído elevado – possível choro ou barulho no quarto (> 60 dB).
2025-11-18T03:36:01Z,2025-11-18T03:36:01Z,safesleep-dev-01,Temperatura abaixo do recomendado para o bebê (< 20 ºC).
2025-11-18T03:36:04Z,2025-11-18T03:36:04Z,safesleep-dev-01,Temperatura acima do recomendado para o bebê (> 26 ºC). | Umidade baixa – ambiente mais seco que o ideal (< 40%).
2025-11-18T03:36:10Z,2025-11-18T03:36:10Z,safesleep-dev-01,Temperatura acima do recomendado para o bebê (> 26 ºC).
2025-11-18T03:36:13Z,2025-11-18T03:36:13Z,safesleep-dev-01,Umidade alta – risco de mofo/desconforto (> 60%). | Nível de ruído elevado – possível choro ou barulho no quarto (> 60 dB).
2025-11-18T03:36:16Z,2025-11-18T03:36:16Z,safesleep-dev-01,Temperatura abaixo do recomendado para o bebê (< 20 ºC).
2025-11-18T03:36:19Z,2025-11-18T03:36:19Z,safesleep-dev-01,Umidade alta – risco de mofo/desconforto (> 60%).
2025-11-18T03:36:22Z,2025-11-18T03:36:22Z,safesleep-dev-01,Nível de ruído elevado – possível choro ou barulho no quarto (> 60 dB).
2025-11-18T03:36:25Z,2025-11-18T03:36:25Z,safesleep-dev-01,Umidade baixa – ambiente mais seco que o ideal (< 40%).
2025-11-18T03:36:34Z,2025-11-18T03:36:34Z,safesleep-dev-01,Temperatura acima do recomendado para o bebê (> 26 ºC).
2025-11-18T03:36:37Z,2025-11-18T03:36:37Z,safesleep-dev-01,Temperatura acima do recomendado para o bebê (> 26 ºC). | Nível de ruído elevado – possível choro ou barulho no quarto (> 60 dB).
2025-11-18T03:36:40Z,2025-11-18T03:36:40Z,safesleep-dev-01,Temperatura acima do recomendado para o bebê (> 26 ºC). | Umidade baixa – ambiente mais seco que o ideal (< 40%). | Nível de ruído elevado – possível choro ou barulho no quarto (> 60 dB).
2025-11-18T03:36:43Z,2025-11-18T03:36:43Z,safesleep-dev-01,Umidade baixa – ambiente mais seco que o ideal (< 40%). | Nível de ruído elevado – possível choro ou barulho no quarto (> 60 dB).
2025-11-18T03:36:46Z,2025-11-18T03:36:46Z,safesleep-dev-01,Nível de ruído elevado – possível choro ou barulho no quarto (> 60 dB).
2025-11-18T03:36:49Z,2025-11-18T03:36:49Z,safesleep-dev-01,Temperatura acima do recomendado para o bebê (> 26 ºC). | Nível de ruído elevado – possível choro ou barulho no quarto (> 60 dB).
2025-11-18T03:36:52Z,2025-11-18T03:36:52Z,safesleep-dev-01,Temperatura acima do recomendado para o bebê (> 26 ºC). | Nível de ruído elevado – possível choro ou barulho no quarto (> 60 dB).
2025-11-18T03:36:55Z,2025-11-18T03:36:55Z,safesleep-dev-01,Temperatura acima do recomendado para o bebê (> 26 ºC).
2025-11-18T03:36:58Z,2025-11-18T03:36:58Z,safesleep-dev-01,Temperatura abaixo do recomendado para o bebê (< 20 ºC).
2025-11-18T03:37:01Z,2025-11-18T03:37:01Z,safesleep-dev-01,Nível de ruído elevado – possível choro ou barulho no quarto (> 60 dB).
2025-11-18T03:37:04Z,2025-11-18T03:37:04Z,safesleep-dev-01,Nível de ruído elevado – possível choro ou barulho no quarto (> 60 dB).
2025-11-18T03:37:07Z,2025-11-18T03:37:07Z,safesleep-dev-01,Umidade baixa – ambiente mais seco que o ideal (< 40%).
2025-11-18T03:37:10Z,2025-11-18T03:37:10Z,safesleep-dev-01,Temperatura acima do recomendado para o bebê (> 26 ºC).
2025-11-18T03:37:13Z,2025-11-18T03:37:13Z,safesleep-dev-01,Nível de ruído elevado – possível choro ou barulho no quarto (> 60 dB). | Bebê em posição de bruços (prono) – atenção ao risco de sufocamento.
2025-11-18T03:37:16Z,2025-11-18T03:37:16Z,safesleep-dev-01,Temperatura acima do recomendado para o bebê (> 26 ºC). | Umidade alta – risco de mofo/desconforto (> 60%).
2025-11-18T03:37:19Z,2025-11-18T03:37:19Z,safesleep-dev-01,Umidade alta – risco de mofo/desconforto (> 60%). | Nível de ruído elevado – possível choro ou barulho no quarto (> 60 dB).
2025-11-18T03:37:25Z,2025-11-18T03:37:25Z,safesleep-dev-01,Nível de ruído elevado – possível choro ou barulho no quarto (> 60 dB).
2025-11-18T03:37:28Z,2025-11-18T03:37:28Z,safesleep-dev-01,Umidade alta – risco de mofo/desconforto (> 60%).
2025-11-18T03:37:31Z,2025-11-18T03:37:31Z,safesleep-dev-01,Temperatura acima do recomendado para o bebê (> 26 ºC).
2025-11-18T03:37:34Z,2025-11-18T03:37:34Z,safesleep-dev-01,Temperatura acima do recomendado para o bebê (> 26 ºC). | Umidade alta – risco de mofo/desconforto (> 60%).
2025-11-18T03:37:37Z,2025-11-18T03:37:37Z,safesleep-dev-01,Umidade baixa – ambiente mais seco que o ideal (< 40%). | Bebê em posição de bruços (prono) – atenção ao risco de sufocamento.
2025-11-18T03:37:40Z,2025-11-18T03:37:40Z,safesleep-dev-01,Temperatura acima do recomendado para o bebê (> 26 ºC). | Umidade alta – risco de mofo/desconforto (> 60%).
2025-11-18T03:37:43Z,2025-11-18T03:37:43Z,safesleep-dev-01,Umidade baixa – ambiente mais seco que o ideal (< 40%).
2025-11-18T03:37:46Z,2025-11-18T03:37:46Z,safesleep-dev-01,Temperatura acima do recomendado para o bebê (> 26 ºC). | Umidade baixa – ambiente mais seco que o ideal (< 40%). | Nível de ruído elevado – possível choro ou barulho no quarto (> 60 dB).
2025-11-18T03:37:49Z,2025-11-18T03:37:49Z,safesleep-dev-01,Temperatura abaixo do recomendado para o bebê (< 20 ºC). | Umidade alta – risco de mofo/desconforto (> 60%).
2025-11-18T03:37:52Z,2025-11-18T03:37:52Z,safesleep-dev-01,Nível de ruído elevado – possível choro ou barulho no quarto (> 60 dB).
2025-11-18T03:37:55Z,2025-11-18T03:37:55Z,safesleep-dev-01,Umidade baixa – ambiente mais seco que o ideal (< 40%). | Nível de ruído elevado – possível choro ou barulho no quarto (> 60 dB).
2025-11-18T03:37:58Z,2025-11-18T03:37:58Z,safesleep-dev-01,Temperatura abaixo do recomendado para o bebê (< 20 ºC). | Nível de ruído elevado – possível choro ou barulho no quarto (> 60 dB).
2025-11-18T03:38:01Z,2025-11-18T03:38:01Z,safesleep-dev-01,Umidade alta – risco de mofo/desconforto (> 60%). | Nível de ruído elevado – possível choro ou barulho no quarto (> 60 dB).
2025-11-18T03:38:04Z,2025-11-18T03:38:04Z,safesleep-dev-01,Temperatura acima do recomendado para o bebê (> 26 ºC). | Nível de ruído elevado – possível choro ou barulho no quarto (> 60 dB).
2025-11-18T03:38:07Z,2025-11-18T03:38:07Z,safesleep-dev-01,Temperatura abaixo do recomendado para o bebê (< 20 ºC). | Umidade baixa – ambiente mais seco que o ideal (< 40%). | Nível de ruído elevado – possível choro ou barulho no quarto (> 60 dB). | Bebê em posição de bruços (prono) – atenção ao risco de sufocamento.
2025-11-18T03:38:10Z,2025-11-18T03:38:10Z,safesleep-dev-01,Umidade alta – risco de mofo/desconforto (> 60%). | Nível de ruído elevado – possível choro ou barulho no quarto (> 60 dB).
2025-11-18T03:38:13Z,2025-11-18T03:38:13Z,safesleep-dev-01,Temperatura abaixo do recomendado para o bebê (< 20 ºC). | Umidade baixa – ambiente mais seco que o ideal (< 40%).
2025-11-18T03:38:16Z,2025-11-18T03:38:16Z,safesleep-dev-01,Temperatura acima do recomendado para o bebê (> 26 ºC). | Umidade baixa – ambiente mais seco que o ideal (< 40%). | Nível de ruído elevado – possível choro ou barulho no quarto (> 60 dB).
2025-11-18T03:38:19Z,2025-11-18T03:38:19Z,safesleep-dev-01,Bebê em posição de bruços (prono) – atenção ao risco de sufocamento.
2025-11-18T03:38:22Z,2025-11-18T03:38:22Z,safesleep-dev-01,Temperatura abaixo do recomendado para o bebê (< 20 ºC).
2025-11-18T03:40:52Z,2025-11-18T03:40:52Z,safesleep-dev-01,Nível de ruído elevado – possível choro ou barulho no quarto (> 60 dB).
2025-11-18T03:40:55Z,2025-11-18T03:40:55Z,safesleep-dev-01,Umidade baixa – ambiente mais seco que o ideal (< 40%).
2025-11-18T03:40:58Z,2025-11-18T03:40:58Z,safesleep-dev-01,Umidade baixa – ambiente mais seco que o ideal (< 40%). | Nível de ruído elevado – possível choro ou barulho no quarto (> 60 dB).
2025-11-18T03:41:04Z,2025-11-18T03:41:04Z,safesleep-dev-01,Umidade alta – risco de mofo/desconforto (> 60%).
2025-11-18T03:41:07Z,2025-11-18T03:41:07Z,safesleep-dev-01,Umidade alta – risco de mofo/desconforto (> 60%).
2025-11-18T03:41:10Z,2025-11-18T03:41:10Z,safesleep-dev-01,Umidade alta – risco de mofo/desconforto (> 60%). | Bebê em posição de bruços (prono) – atenção ao risco de sufocamento.
2025-11-18T03:41:13Z,2025-11-18T03:41:13Z,safesleep-dev-01,Umidade baixa – ambiente mais seco que o ideal (< 40%).
2025-11-18T03:41:16Z,2025-11-18T03:41:16Z,safesleep-dev-01,Temperatura acima do recomendado para o bebê (> 26 ºC). | Umidade alta – risco de mofo/desconforto (> 60%).
2025-11-18T03:41:19Z,2025-11-18T03:41:19Z,safesleep-dev-01,Temperatura acima do recomendado para o bebê (> 26 ºC). | Nível de ruído elevado – possível choro ou barulho no quarto (> 60 dB).
2025-11-18T03:41:22Z,2025-11-18T03:41:22Z,safesleep-dev-01,Temperatura acima do recomendado para o bebê (> 26 ºC). | Umidade baixa – ambiente mais seco que o ideal (< 40%).
2025-11-18T03:41:25Z,2025-11-18T03:41:25Z,safesleep-dev-01,Temperatura abaixo do recomendado para o bebê (< 20 ºC).
2025-11-18T03:41:28Z,2025-11-18T03:41:28Z,safesleep-dev-01,Nível de ruído elevado – possível choro ou barulho no quarto (> 60 dB).
2025-11-18T03:41:31Z,2025-11-18T03:41:31Z,safesleep-dev-01,Temperatura abaixo do recomendado para o bebê (< 20 ºC). | Bebê em posição de bruços (prono) – atenção ao risco de sufocamento.
2025-11-18T03:41:34Z,2025-11-18T03:41:34Z,safesleep-dev-01,Temperatura acima do recomendado para o bebê (> 26 ºC). | Bebê em posição de bruços (prono) – atenção ao risco de sufocamento.
2025-11-18T03:41:40Z,2025-11-18T03:41:40Z,safesleep-dev-01,Temperatura acima do recomendado para o bebê (> 26 ºC). | Bebê em posição de bruços (prono) – atenção ao risco de sufocamento.
2025-11-18T03:41:43Z,2025-11-18T03:41:43Z,safesleep-dev-01,Temperatura acima do recomendado para o bebê (> 26 ºC). | Umidade alta – risco de mofo/desconforto (> 60%). | Nível de ruído elevado – possível choro ou barulho no quarto (> 60 dB).
2025-11-18T03:41:46Z,2025-11-18T03:41:46Z,safesleep-dev-01,Umidade baixa – ambiente mais seco que o ideal (< 40%). | Nível de ruído elevado – possível choro ou barulho no quarto (> 60 dB).
2025-11-18T03:41:49Z,2025-11-18T03:41:49Z,safesleep-dev-01,Temperatura acima do recomendado para o bebê (> 26 ºC). | Umidade baixa – ambiente mais seco que o ideal (< 40%).
2025-11-18T03:41:52Z,2025-11-18T03:41:52Z,safesleep-dev-01,Umidade baixa – ambiente mais seco que o ideal (< 40%). | Nível de ruído elevado – possível choro ou barulho no quarto (> 60 dB).
2025-11-18T03:41:55Z,2025-11-18T03:41:55Z,safesleep-dev-01,Umidade baixa – ambiente mais seco que o ideal (< 40%).
2025-11-18T03:41:58Z,2025-11-18T03:41:58Z,safesleep-dev-01,Umidade baixa – ambiente mais seco que o ideal (< 40%). | Nível de ruído elevado – possível choro ou barulho no quarto (> 60 dB).
2025-11-18T03:42:01Z,2025-11-18T03:42:01Z,safesleep-dev-01,Temperatura acima do recomendado para o bebê (> 26 ºC). | Umidade baixa – ambiente mais seco que o ideal (< 40%). | Nível de ruído elevado – possível choro ou barulho no quarto (> 60 dB).
2025-11-18T03:42:04Z,2025-11-18T03:42:04Z,safesleep-dev-01,Temperatura acima do recomendado para o bebê (> 26 ºC). | Umidade baixa – ambiente mais seco que o ideal (< 40%).
2025-11-18T03:42:07Z,2025-11-18T03:42:07Z,safesleep-dev-01,Umidade baixa – ambiente mais seco que o ideal (< 40%).
2025-11-18T03:42:10Z,2025-11-18T03:42:10Z,safesleep-dev-01,Temperatura abaixo do recomendado para o bebê (< 20 ºC). | Nível de ruído elevado – possível choro ou barulho no quarto (> 60 dB).
2025-11-18T03:42:13Z,2025-11-18T03:42:13Z,safesleep-dev-01,Temperatura acima do recomendado para o bebê (> 26 ºC). | Umidade alta – risco de mofo/desconforto (> 60%). | Bebê em posição de bruços (prono) – atenção ao risco de sufocamento.
2025-11-18T03:42:16Z,2025-11-18T03:42:16Z,safesleep-dev-01,Temperatura acima do recomendado para o bebê (> 26 ºC). | Umidade alta – risco de mofo/desconforto (> 60%). | Bebê em posição de bruços (prono) – atenção ao risco de sufocamento.
2025-11-18T03:42:19Z,2025-11-18T03:42:19Z,safesleep-dev-01,Temperatura abaixo do recomendado para o bebê (< 20 ºC). | Umidade alta – risco de mofo/desconforto (> 60%).
2025-11-18T03:42:22Z,2025-11-18T03:42:22Z,safesleep-dev-01,Nível de ruído elevado – possível choro ou barulho no quarto (> 60 dB).
2025-11-18T03:42:25Z,2025-11-18T03:42:25Z,safesleep-dev-01,Temperatura abaixo do recomendado para o bebê (< 20 ºC). | Nível de ruído elevado – possível choro ou barulho no quarto (> 60 dB).
2025-11-18T03:42:28Z,2025-11-18T03:42:28Z,safesleep-dev-01,Temperatura abaixo do recomendado para o bebê (< 20 ºC).
2025-11-18T03:42:34Z,2025-11-18T03:42:34Z,safesleep-dev-01,Umidade baixa – ambiente mais seco que o ideal (< 40%). | Bebê em posição de bruços (prono) – atenção ao risco de sufocamento.
2025-11-18T03:42:37Z,2025-11-18T03:42:37Z,safesleep-dev-01,Temperatura acima do recomendado para o bebê (> 26 ºC). | Nível de ruído elevado – possível choro ou barulho no quarto (> 60 dB).
2025-11-18T03:42:40Z,2025-11-18T03:42:40Z,safesleep-dev-01,Temperatura acima do recomendado para o bebê (> 26 ºC).
2025-11-18T03:42:43Z,2025-11-18T03:42:43Z,safesleep-dev-01,Temperatura acima do recomendado para o bebê (> 26 ºC). | Umidade alta – risco de mofo/desconforto (> 60%). | Nível de ruído elevado – possível choro ou barulho no quarto (> 60 dB).
2025-11-18T03:42:46Z,2025-11-18T03:42:46Z,safesleep-dev-01,Temperatura acima do recomendado para o bebê (> 26 ºC).
2025-11-18T03:42:49Z,2025-11-18T03:42:49Z,safesleep-dev-01,Umidade baixa – ambiente mais seco que o ideal (< 40%).
2025-11-18T03:42:52Z,2025-11-18T03:42:52Z,safesleep-dev-01,Temperatura acima do recomendado para o bebê (> 26 ºC). | Umidade baixa – ambiente mais seco que o ideal (< 40%).
2025-11-18T03:42:55Z,2025-11-18T03:42:55Z,safesleep-dev-01,Nível de ruído elevado – possível choro ou barulho no quarto (> 60 dB).
2025-11-18T03:42:58Z,2025-11-18T03:42:58Z,safesleep-dev-01,Temperatura acima do recomendado para o bebê (> 26 ºC).
2025-11-18T03:43:01Z,2025-11-18T03:43:01Z,safesleep-dev-01,Temperatura acima do recomendado para o bebê (> 26 ºC). | Umidade alta – risco de mofo/desconforto (> 60%).
2025-11-18T03:43:04Z,2025-11-18T03:43:04Z,safesleep-dev-01,Umidade baixa – ambiente mais seco que o ideal (< 40%).
2025-11-18T03:43:07Z,2025-11-18T03:43:07Z,safesleep-dev-01,Temperatura abaixo do recomendado para o bebê (< 20 ºC).
2025-11-18T03:43:10Z,2025-11-18T03:43:10Z,safesleep-dev-01,Nível de ruído elevado – possível choro ou barulho no quarto (> 60 dB).
2025-11-18T03:43:13Z,2025-11-18T03:43:13Z,safesleep-dev-01,Umidade alta – risco de mofo/desconforto (> 60%).
2025-11-18T03:43:16Z,2025-11-18T03:43:16Z,safesleep-dev-01,Temperatura acima do recomendado para o bebê (> 26 ºC). | Umidade baixa – ambiente mais seco que o ideal (< 40%). | Nível de ruído elevado – possível choro ou barulho no quarto (> 60 dB). | Bebê em posição de bruços (prono) – atenção ao risco de sufocamento.
2025-11-18T03:43:22Z,2025-11-18T03:43:22Z,safesleep-dev-01,Umidade baixa – ambiente mais seco que o ideal (< 40%).
2025-11-18T03:43:25Z,2025-11-18T03:43:25Z,safesleep-dev-01,Temperatura acima do recomendado para o bebê (> 26 ºC). | Umidade baixa – ambiente mais seco que o ideal (< 40%).
2025-11-18T03:43:28Z,2025-11-18T03:43:28Z,safesleep-dev-01,Temperatura acima do recomendado para o bebê (> 26 ºC). | Nível de ruído elevado – possível choro ou barulho no quarto (> 60 dB).
2025-11-18T03:43:31Z,2025-11-18T03:43:31Z,safesleep-dev-01,Umidade alta – risco de mofo/desconforto (> 60%). | Nível de ruído elevado – possível choro ou barulho no quarto (> 60 dB).
2025-11-18T03:43:34Z,2025-11-18T03:43:34Z,safesleep-dev-01,Temperatura abaixo do recomendado para o bebê (< 20 ºC).
2025-11-18T03:43:37Z,2025-11-18T03:43:37Z,safesleep-dev-01,Temperatura acima do recomendado para o bebê (> 26 ºC). | Nível de ruído elevado – possível choro ou barulho no quarto (> 60 dB).
2025-11-18T03:43:40Z,2025-11-18T03:43:40Z,safesleep-dev-01,Nível de ruído elevado – possível choro ou barulho no quarto (> 60 dB).
2025-11-18T03:43:43Z,2025-11-18T03:43:43Z,safesleep-dev-01,Temperatura acima do recomendado para o bebê (> 26 ºC). | Umidade baixa – ambiente mais seco que o ideal (< 40%).
2025-11-18T03:43:46Z,2025-11-18T03:43:46Z,safesleep-dev-01,Umidade alta – risco de mofo/desconforto (> 60%).
2025-11-18T03:43:49Z,2025-11-18T03:43:49Z,safesleep-dev-01,Temperatura acima do recomendado para o bebê (> 26 ºC). | Umidade alta – risco de mofo/desconforto (> 60%). | Nível de ruído elevado – possível choro ou barulho no quarto (> 60 dB).
2025-11-18T03:43:52Z,2025-11-18T03:43:52Z,safesleep-dev-01,Temperatura acima do recomendado para o bebê (> 26 ºC). | Nível de ruído elevado – possível choro ou barulho no quarto (> 60 dB).
2025-11-18T03:44:01Z,2025-11-18T03:44:01Z,safesleep-dev-01,Umidade baixa – ambiente mais seco que o ideal (< 40%).
2025-11-18T03:44:04Z,2025-11-18T03:44:04Z,safesleep-dev-01,Temperatura acima do recomendado para o bebê (> 26 ºC).
2025-11-18T03:44:07Z,2025-11-18T03:44:07Z,safesleep-dev-01,Temperatura abaixo do recomendado para o bebê (< 20 ºC). | Umidade baixa – ambiente mais seco que o ideal (< 40%).
2025-11-18T03:44:10Z,2025-11-18T03:44:10Z,safesleep-dev-01,Temperatura acima do recomendado para o bebê (> 26 ºC). | Umidade alta – risco de mofo/desconforto (> 60%).
2025-11-18T03:44:13Z,2025-11-18T03:44:13Z,safesleep-dev-01,Temperatura acima do recomendado para o bebê (> 26 ºC). | Umidade baixa – ambiente mais seco que o ideal (< 40%).
2025-11-18T03:44:16Z,2025-11-18T03:44:16Z,safesleep-dev-01,Temperatura acima do recomendado para o bebê (> 26 ºC). | Umidade baixa – ambiente mais seco que o ideal (< 40%).
2025-11-18T03:44:19Z,2025-11-18T03:44:19Z,safesleep-dev-01,Temperatura abaixo do recomendado para o bebê (< 20 ºC). | Nível de ruído elevado – possível choro ou barulho no quarto (> 60 dB).
2025-11-18T03:44:25Z,2025-11-18T03:44:25Z,safesleep-dev-01,Temperatura acima do recomendado para o bebê (> 26 ºC). | Umidade alta – risco de mofo/desconforto (> 60%).
2025-11-18T03:44:28Z,2025-11-18T03:44:28Z,safesleep-dev-01,Bebê em posição de bruços (prono) – atenção ao risco de sufocamento.
2025-11-18T03:44:31Z,2025-11-18T03:44:31Z,safesleep-dev-01,Umidade baixa – ambiente mais seco que o ideal (< 40%). | Nível de ruído elevado – possível choro ou barulho no quarto (> 60 dB).
2025-11-18T03:44:37Z,2025-11-18T03:44:37Z,safesleep-dev-01,Temperatura abaixo do recomendado para o bebê (< 20 ºC). | Umidade baixa – ambiente mais seco que o ideal (< 40%). | Nível de ruído elevado – possível choro ou barulho no quarto (> 60 dB).
2025-11-18T03:44:40Z,2025-11-18T03:44:40Z,safesleep-dev-01,Temperatura acima do recomendado para o bebê (> 26 ºC). | Bebê em posição de bruços (prono) – atenção ao risco de sufocamento.
2025-11-18T03:44:43Z,2025-11-18T03:44:43Z,safesleep-dev-01,Temperatura acima do recomendado para o bebê (> 26 ºC). | Umidade alta – risco de mofo/desconforto (> 60%).
2025-11-18T03:44:46Z,2025-11-18T03:44:46Z,safesleep-dev-01,Umidade alta – risco de mofo/desconforto (> 60%). | Nível de ruído elevado – possível choro ou barulho no quarto (> 60 dB).
2025-11-18T03:44:55Z,2025-11-18T03:44:55Z,safesleep-dev-01,Temperatura abaixo do recomendado para o bebê (< 20 ºC). | Umidade alta – risco de mofo/desconforto (> 60%). | Nível de ruído elevado – possível choro ou barulho no quarto (> 60 dB).
2025-11-18T03:44:58Z,2025-11-18T03:44:58Z,safesleep-dev-01,Nível de ruído elevado – possível choro ou barulho no quarto (> 60 dB).
2025-11-18T03:45:01Z,2025-11-18T03:45:01Z,safesleep-dev-01,Nível de ruído elevado – possível choro ou barulho no quarto (> 60 dB).
2025-11-18T03:45:04Z,2025-11-18T03:45:04Z,safesleep-dev-01,Temperatura abaixo do recomendado para o bebê (< 20 ºC). | Umidade alta – risco de mofo/desconforto (> 60%). | Nível de ruído elevado – possível choro ou barulho no quarto (> 60 dB).
2025-11-18T03:45:07Z,2025-11-18T03:45:07Z,safesleep-dev-01,Umidade alta – risco de mofo/desconforto (> 60%).
2025-11-18T03:45:10Z,2025-11-18T03:45:10Z,safesleep-dev-01,Umidade alta – risco de mofo/desconforto (> 60%). | Nível de ruído elevado – possível choro ou barulho no quarto (> 60 dB).
2025-11-18T03:45:16Z,2025-11-18T03:45:16Z,safesleep-dev-01,Temperatura acima do recomendado para o bebê (> 26 ºC). | Umidade baixa – ambiente mais seco que o ideal (< 40%). | Nível de ruído elevado – possível choro ou barulho no quarto (> 60 dB).
2025-11-18T03:45:19Z,2025-11-18T03:45:19Z,safesleep-dev-01,Umidade alta – risco de mofo/desconforto (> 60%). | Nível de ruído elevado – possível choro ou barulho no quarto (> 60 dB). | Bebê em posição de bruços (prono) – atenção ao risco de sufocamento.
2025-11-18T03:45:22Z,2025-11-18T03:45:22Z,safesleep-dev-01,Temperatura abaixo do recomendado para o bebê (< 20 ºC). | Umidade alta – risco de mofo/desconforto (> 60%).
2025-11-18T03:45:25Z,2025-11-18T03:45:25Z,safesleep-dev-01,Temperatura acima do recomendado para o bebê (> 26 ºC). | Umidade alta – risco de mofo/desconforto (> 60%). | Nível de ruído elevado – possível choro ou barulho no quarto (> 60 dB).
2025-11-18T03:45:28Z,2025-11-18T03:45:28Z,safesleep-dev-01,Temperatura abaixo do recomendado para o bebê (< 20 ºC). | Nível de ruído elevado – possível choro ou barulho no quarto (> 60 dB). | Bebê em posição de bruços (prono) – atenção ao risco de sufocamento.
2025-11-18T03:45:31Z,2025-11-18T03:45:31Z,safesleep-dev-01,Umidade alta – risco de mofo/desconforto (> 60%).
2025-11-18T03:45:34Z,2025-11-18T03:45:34Z,safesleep-dev-01,Temperatura acima do recomendado para o bebê (> 26 ºC). | Nível de ruído elevado – possível choro ou barulho no quarto (> 60 dB).
2025-11-18T03:45:37Z,2025-11-18T03:45:37Z,safesleep-dev-01,Umidade alta – risco de mofo/desconforto (> 60%).
2025-11-18T03:45:40Z,2025-11-18T03:45:40Z,safesleep-dev-01,Umidade baixa – ambiente mais seco que o ideal (< 40%). | Nível de ruído elevado – possível choro ou barulho no quarto (> 60 dB).
2025-11-18T03:45:43Z,2025-11-18T03:45:43Z,safesleep-dev-01,Temperatura acima do recomendado para o bebê (> 26 ºC).
2025-11-18T03:45:46Z,2025-11-18T03:45:46Z,safesleep-dev-01,Umidade baixa – ambiente mais seco que o ideal (< 40%).
2025-11-18T03:45:49Z,2025-11-18T03:45:49Z,safesleep-dev-01,Temperatura abaixo do recomendado para o bebê (< 20 ºC). | Nível de ruído elevado – possível choro ou barulho no quarto (> 60 dB).
2025-11-18T03:45:52Z,2025-11-18T03:45:52Z,safesleep-dev-01,Temperatura acima do recomendado para o bebê (> 26 ºC). | Nível de ruído elevado – possível choro ou barulho no quarto (> 60 dB).
2025-11-18T03:45:55Z,2025-11-18T03:45:55Z,safesleep-dev-01,Temperatura acima do recomendado para o bebê (> 26 ºC). | Nível de ruído elevado – possível choro ou barulho no quarto (> 60 dB).
2025-11-18T03:45:58Z,2025-11-18T03:45:58Z,safesleep-dev-01,Temperatura abaixo do recomendado para o bebê (< 20 ºC). | Umidade baixa – ambiente mais seco que o ideal (< 40%).
2025-11-18T03:46:04Z,2025-11-18T03:46:04Z,safesleep-dev-01,Temperatura abaixo do recomendado para o bebê (< 20 ºC).
2025-11-18T03:46:07Z,2025-11-18T03:46:07Z,safesleep-dev-01,Nível de ruído elevado – possível choro ou barulho no quarto (> 60 dB).
2025-11-18T03:46:10Z,2025-11-18T03:46:10Z,safesleep-dev-01,Temperatura acima do recomendado para o bebê (> 26 ºC). | Nível de ruído elevado – possível choro ou barulho no quarto (> 60 dB).
2025-11-18T03:46:13Z,2025-11-18T03:46:13Z,safesleep-dev-01,Temperatura acima do recomendado para o bebê (> 26 ºC). | Nível de ruído elevado – possível choro ou barulho no quarto (> 60 dB).
2025-11-18T03:46:16Z,2025-11-18T03:46:16Z,safesleep-dev-01,Temperatura acima do recomendado para o bebê (> 26 ºC). | Umidade alta – risco de mofo/desconforto (> 60%).
2025-11-18T03:46:19Z,2025-11-18T03:46:19Z,safesleep-dev-01,Umidade alta – risco de mofo/desconforto (> 60%).
2025-11-18T03:46:22Z,2025-11-18T03:46:22Z,safesleep-dev-01,Temperatura acima do recomendado para o bebê (> 26 ºC).
2025-11-18T03:46:25Z,2025-11-18T03:46:25Z,safesleep-dev-01,Temperatura acima do recomendado para o bebê (> 26 ºC). | Umidade alta – risco de mofo/desconforto (> 60%).
2025-11-18T03:46:28Z,2025-11-18T03:46:28Z,safesleep-dev-01,Umidade alta – risco de mofo/desconforto (> 60%).
2025-11-18T03:46:31Z,2025-11-18T03:46:31Z,safesleep-dev-01,Temperatura acima do recomendado para o bebê (> 26 ºC). | Umidade alta – risco de mofo/desconforto (> 60%). | Nível de ruído elevado – possível choro ou barulho no quarto (> 60 dB).
2025-11-18T03:46:34Z,2025-11-18T03:46:34Z,safesleep-dev-01,Temperatura abaixo do recomendado para o bebê (< 20 ºC). | Umidade baixa – ambiente mais seco que o ideal (< 40%). | Nível de ruído elevado – possível choro ou barulho no quarto (> 60 dB).
2025-11-18T03:46:37Z,2025-11-18T03:46:37Z,safesleep-dev-01,Umidade baixa – ambiente mais seco que o ideal (< 40%).
2025-11-18T03:46:40Z,2025-11-18T03:46:40Z,safesleep-dev-01,Temperatura acima do recomendado para o bebê (> 26 ºC). | Umidade alta – risco de mofo/desconforto (> 60%).
2025-11-18T03:46:43Z,2025-11-18T03:46:43Z,safesleep-dev-01,Temperatura abaixo do recomendado para o bebê (< 20 ºC). | Umidade alta – risco de mofo/desconforto (> 60%).
2025-11-18T03:46:46Z,2025-11-18T03:46:46Z,safesleep-dev-01,Umidade baixa – ambiente mais seco que o ideal (< 40%). | Bebê em posição de bruços (prono) – atenção ao risco de sufocamento.
2025-11-18T03:46:49Z,2025-11-18T03:46:49Z,safesleep-dev-01,Temperatura abaixo do recomendado para o bebê (< 20 ºC). | Umidade alta – risco de mofo/desconforto (> 60%).
2025-11-18T03:46:52Z,2025-11-18T03:46:52Z,safesleep-dev-01,Umidade baixa – ambiente mais seco que o ideal (< 40%). | Nível de ruído elevado – possível choro ou barulho no quarto (> 60 dB).
2025-11-18T03:46:55Z,2025-11-18T03:46:55Z,safesleep-dev-01,Temperatura acima do recomendado para o bebê (> 26 ºC). | Umidade alta – risco de mofo/desconforto (> 60%).
2025-11-18T03:47:01Z,2025-11-18T03:47:01Z,safesleep-dev-01,Umidade baixa – ambiente mais seco que o ideal (< 40%). | Nível de ruído elevado – possível choro ou barulho no quarto (> 60 dB).
2025-11-18T03:47:04Z,2025-11-18T03:47:04Z,safesleep-dev-01,Temperatura acima do recomendado para o bebê (> 26 ºC). | Umidade baixa – ambiente mais seco que o ideal (< 40%).
2025-11-18T03:47:07Z,2025-11-18T03:47:07Z,safesleep-dev-01,Umidade alta – risco de mofo/desconforto (> 60%).
2025-11-18T03:47:10Z,2025-11-18T03:47:10Z,safesleep-dev-01,Temperatura acima do recomendado para o bebê (> 26 ºC). | Nível de ruído elevado – possível choro ou barulho no quarto (> 60 dB).
2025-11-18T03:47:13Z,2025-11-18T03:47:13Z,safesleep-dev-01,Temperatura acima do recomendado para o bebê (> 26 ºC). | Umidade alta – risco de mofo/desconforto (> 60%). | Nível de ruído elevado – possível choro ou barulho no quarto (> 60 dB).
2025-11-18T03:47:16Z,2025-11-18T03:47:16Z,safesleep-dev-01,Temperatura acima do recomendado para o bebê (> 26 ºC). | Nível de ruído elevado – possível choro ou barulho no quarto (> 60 dB).
2025-11-18T03:47:19Z,2025-11-18T03:47:19Z,safesleep-dev-01,Umidade alta – risco de mofo/desconforto (> 60%). | Bebê em posição de bruços (prono) – atenção ao risco de sufocamento.
2025-11-18T03:47:22Z,2025-11-18T03:47:22Z,safesleep-dev-01,Temperatura acima do recomendado para o bebê (> 26 ºC). | Nível de ruído elevado – possível choro ou barulho no quarto (> 60 dB).
2025-11-18T03:47:25Z,2025-11-18T03:47:25Z,safesleep-dev-01,Temperatura acima do recomendado para o bebê (> 26 ºC).
2025-11-18T03:47:28Z,2025-11-18T03:47:28Z,safesleep-dev-01,Nível de ruído elevado – possível choro ou barulho no quarto (> 60 dB).
2025-11-18T03:47:31Z,2025-11-18T03:47:31Z,safesleep-dev-01,Temperatura acima do recomendado para o bebê (> 26 ºC).
2025-11-18T03:47:34Z,2025-11-18T03:47:34Z,safesleep-dev-01,Temperatura abaixo do recomendado para o bebê (< 20 ºC). | Nível de ruído elevado – possível choro ou barulho no quarto (> 60 dB).
2025-11-18T03:47:37Z,2025-11-18T03:47:37Z,safesleep-dev-01,Bebê em posição de bruços (prono) – atenção ao risco de sufocamento.
2025-11-18T03:47:43Z,2025-11-18T03:47:43Z,safesleep-dev-01,Bebê em posição de bruços (prono) – atenção ao risco de sufocamento.
2025-11-18T03:48:18Z,2025-11-18T03:48:18Z,safesleep-dev-01,Nível de ruído elevado – possível choro ou barulho no quarto (> 60 dB).
2025-11-18T03:48:21Z,2025-11-18T03:48:21Z,safesleep-dev-01,Temperatura acima do recomendado para o bebê (> 26 ºC). | Nível de ruído elevado – possível choro ou barulho no quarto (> 60 dB).
2025-11-18T03:48:24Z,2025-11-18T03:48:24Z,safesleep-dev-01,Umidade baixa – ambiente mais seco que o ideal (< 40%).
2025-11-18T03:48:27Z,2025-11-18T03:48:27Z,safesleep-dev-01,Umidade baixa – ambiente mais seco que o ideal (< 40%). | Nível de ruído elevado – possível choro ou barulho no quarto (> 60 dB).
2025-11-18T03:48:30Z,2025-11-18T03:48:30Z,safesleep-dev-01,Umidade baixa – ambiente mais seco que o ideal (< 40%).
2025-11-18T03:48:33Z,2025-11-18T03:48:33Z,safesleep-dev-01,Umidade alta – risco de mofo/desconforto (> 60%).
2025-11-18T03:48:36Z,2025-11-18T03:48:36Z,safesleep-dev-01,Umidade baixa – ambiente mais seco que o ideal (< 40%). | Nível de ruído elevado – possível choro ou barulho no quarto (> 60 dB).
2025-11-18T03:48:39Z,2025-11-18T03:48:39Z,safesleep-dev-01,Umidade baixa – ambiente mais seco que o ideal (< 40%). | Nível de ruído elevado – possível choro ou barulho no quarto (> 60 dB). | Bebê em posição de bruços (prono) – atenção ao risco de sufocamento.
2025-11-18T03:48:42Z,2025-11-18T03:48:42Z,safesleep-dev-01,Temperatura acima do recomendado para o bebê (> 26 ºC). | Umidade baixa – ambiente mais seco que o ideal (< 40%). | Bebê em posição de bruços (prono) – atenção ao risco de sufocamento.
2025-11-18T03:48:45Z,2025-11-18T03:48:45Z,safesleep-dev-01,Temperatura abaixo do recomendado para o bebê (< 20 ºC). | Umidade alta – risco de mofo/desconforto (> 60%).
2025-11-18T03:48:48Z,2025-11-18T03:48:48Z,safesleep-dev-01,Temperatura abaixo do recomendado para o bebê (< 20 ºC). | Umidade baixa – ambiente mais seco que o ideal (< 40%). | Nível de ruído elevado – possível choro ou barulho no quarto (> 60 dB). | Bebê em posição de bruços (prono) – atenção ao risco de sufocamento.
2025-11-18T03:48:51Z,2025-11-18T03:48:51Z,safesleep-dev-01,Nível de ruído elevado – possível choro ou barulho no quarto (> 60 dB).
2025-11-18T03:48:54Z,2025-11-18T03:48:54Z,safesleep-dev-01,Temperatura acima do recomendado para o bebê (> 26 ºC).
2025-11-18T03:48:57Z,2025-11-18T03:48:57Z,safesleep-dev-01,Temperatura acima do recomendado para o bebê (> 26 ºC). | Umidade alta – risco de mofo/desconforto (> 60%). | Nível de ruído elevado – possível choro ou barulho no quarto (> 60 dB).
2025-11-18T03:49:00Z,2025-11-18T03:49:00Z,safesleep-dev-01,Nível de ruído elevado – possível choro ou barulho no quarto (> 60 dB).
2025-11-18T03:49:03Z,2025-11-18T03:49:03Z,safesleep-dev-01,Temperatura abaixo do recomendado para o bebê (< 20 ºC). | Umidade alta – risco de mofo/desconforto (> 60%). | Bebê em posição de bruços (prono) – atenção ao risco de sufocamento.
2025-11-18T03:49:06Z,2025-11-18T03:49:06Z,safesleep-dev-01,Temperatura abaixo do recomendado para o bebê (< 20 ºC).
2025-11-18T03:49:09Z,2025-11-18T03:49:09Z,safesleep-dev-01,Umidade baixa – ambiente mais seco que o ideal (< 40%).
2025-11-18T03:49:12Z,2025-11-18T03:49:12Z,safesleep-dev-01,Temperatura abaixo do recomendado para o bebê (< 20 ºC). | Nível de ruído elevado – possível choro ou barulho no quarto (> 60 dB). | Bebê em posição de bruços (prono) – atenção ao risco de sufocamento.
2025-11-18T03:49:15Z,2025-11-18T03:49:15Z,safesleep-dev-01,Temperatura acima do recomendado para o bebê (> 26 ºC). | Umidade alta – risco de mofo/desconforto (> 60%). | Nível de ruído elevado – possível choro ou barulho no quarto (> 60 dB). | Bebê em posição de bruços (prono) – atenção ao risco de sufocamento.
2025-11-18T03:49:18Z,2025-11-18T03:49:18Z,safesleep-dev-01,Temperatura acima do recomendado para o bebê (> 26 ºC). | Umidade baixa – ambiente mais seco que o ideal (< 40%).
2025-11-18T03:49:21Z,2025-11-18T03:49:21Z,safesleep-dev-01,Umidade alta – risco de mofo/desconforto (> 60%). | Nível de ruído elevado – possível choro ou barulho no quarto (> 60 dB). | Bebê em posição de bruços (prono) – atenção ao risco de sufocamento.
2025-11-18T03:49:24Z,2025-11-18T03:49:24Z,safesleep-dev-01,Temperatura abaixo do recomendado para o bebê (< 20 ºC). | Umidade baixa – ambiente mais seco que o ideal (< 40%).
2025-11-18T03:49:30Z,2025-11-18T03:49:30Z,safesleep-dev-01,Umidade alta – risco de mofo/desconforto (> 60%). | Nível de ruído elevado – possível choro ou barulho no quarto (> 60 dB).
2025-11-18T03:49:33Z,2025-11-18T03:49:33Z,safesleep-dev-01,Nível de ruído elevado – possível choro ou barulho no quarto (> 60 dB).
2025-11-18T22:23:08Z,2025-11-18T22:23:08Z,safesleep-dev-01,Temperatura acima do recomendado para o bebê (> 26 ºC). | Umidade alta – risco de mofo/desconforto (> 60%).
2025-11-18T22:23:11Z,2025-11-18T22:23:11Z,safesleep-dev-01,Temperatura acima do recomendado para o bebê (> 26 ºC).
2025-11-18T22:23:14Z,2025-11-18T22:23:14Z,safesleep-dev-01,Temperatura abaixo do recomendado para o bebê (< 20 ºC). | Umidade alta – risco de mofo/desconforto (> 60%).
2025-11-18T22:23:17Z,2025-11-18T22:23:17Z,safesleep-dev-01,Temperatura acima do recomendado para o bebê (> 26 ºC).
2025-11-18T22:23:20Z,2025-11-18T22:23:20Z,safesleep-dev-01,Umidade baixa – ambiente mais seco que o ideal (< 40%).
2025-11-18T22:23:23Z,2025-11-18T22:23:23Z,safesleep-dev-01,Temperatura acima do recomendado para o bebê (> 26 ºC). | Bebê em posição de bruços (prono) – atenção ao risco de sufocamento.
2025-11-18T22:23:26Z,2025-11-18T22:23:26Z,safesleep-dev-01,Umidade baixa – ambiente mais seco que o ideal (< 40%).
2025-11-18T22:23:29Z,2025-11-18T22:23:29Z,safesleep-dev-01,Umidade alta – risco de mofo/desconforto (> 60%).
2025-11-18T22:23:32Z,2025-11-18T22:23:32Z,safesleep-dev-01,Nível de ruído elevado – possível choro ou barulho no quarto (> 60 dB).
2025-11-18T22:23:35Z,2025-11-18T22:23:35Z,safesleep-dev-01,Umidade baixa – ambiente mais seco que o ideal (< 40%).
2025-11-18T22:23:38Z,2025-11-18T22:23:38Z,safesleep-dev-01,Nível de ruído elevado – possível choro ou barulho no quarto (> 60 dB).
2025-11-18T22:23:41Z,2025-11-18T22:23:41Z,safesleep-dev-01,Umidade alta – risco de mofo/desconforto (> 60%).
2025-11-18T22:23:44Z,2025-11-18T22:23:44Z,safesleep-dev-01,Umidade baixa – ambiente mais seco que o ideal (< 40%). | Nível de ruído elevado – possível choro ou barulho no quarto (> 60 dB). | Bebê em posição de bruços (prono) – atenção ao risco de sufocamento.
2025-11-18T22:23:47Z,2025-11-18T22:23:47Z,safesleep-dev-01,Temperatura acima do recomendado para o bebê (> 26 ºC).
2025-11-18T22:23:50Z,2025-11-18T22:23:50Z,safesleep-dev-01,Nível de ruído elevado – possível choro ou barulho no quarto (> 60 dB). | Bebê em posição de bruços (prono) – atenção ao risco de sufocamento.
2025-11-18T22:23:53Z,2025-11-18T22:23:53Z,safesleep-dev-01,Temperatura acima do recomendado para o bebê (> 26 ºC). | Umidade baixa – ambiente mais seco que o ideal (< 40%).
2025-11-18T22:23:56Z,2025-11-18T22:23:56Z,safesleep-dev-01,Temperatura acima do recomendado para o bebê (> 26 ºC). | Umidade baixa – ambiente mais seco que o ideal (< 40%).
2025-11-18T22:23:59Z,2025-11-18T22:23:59Z,safesleep-dev-01,Temperatura acima do recomendado para o bebê (> 26 ºC).
2025-11-18T22:24:05Z,2025-11-18T22:24:05Z,safesleep-dev-01,Temperatura acima do recomendado para o bebê (> 26 ºC). | Umidade alta – risco de mofo/desconforto (> 60%).
2025-11-18T22:24:08Z,2025-11-18T22:24:08Z,safesleep-dev-01,Temperatura acima do recomendado para o bebê (> 26 ºC). | Umidade alta – risco de mofo/desconforto (> 60%). | Nível de ruído elevado – possível choro ou barulho no quarto (> 60 dB).
2025-11-18T22:24:11Z,2025-11-18T22:24:11Z,safesleep-dev-01,Temperatura acima do recomendado para o bebê (> 26 ºC).
2025-11-18T22:24:14Z,2025-11-18T22:24:14Z,safesleep-dev-01,Umidade baixa – ambiente mais seco que o ideal (< 40%). | Nível de ruído elevado – possível choro ou barulho no quarto (> 60 dB).
2025-11-18T22:24:17Z,2025-11-18T22:24:17Z,safesleep-dev-01,Umidade alta – risco de mofo/desconforto (> 60%). | Nível de ruído elevado – possível choro ou barulho no quarto (> 60 dB).
2025-11-18T22:24:20Z,2025-11-18T22:24:20Z,safesleep-dev-01,Umidade alta – risco de mofo/desconforto (> 60%).
2025-11-18T22:24:23Z,2025-11-18T22:24:23Z,safesleep-dev-01,Temperatura abaixo do recomendado para o bebê (< 20 ºC). | Nível de ruído elevado – possível choro ou barulho no quarto (> 60 dB).
2025-11-18T22:24:29Z,2025-11-18T22:24:29Z,safesleep-dev-01,Temperatura acima do recomendado para o bebê (> 26 ºC). | Umidade alta – risco de mofo/desconforto (> 60%). | Nível de ruído elevado – possível choro ou barulho no quarto (> 60 dB).
2025-11-18T22:24:32Z,2025-11-18T22:24:32Z,safesleep-dev-01,Umidade baixa – ambiente mais seco que o ideal (< 40%). | Nível de ruído elevado – possível choro ou barulho no quarto (> 60 dB).
2025-11-18T22:24:35Z,2025-11-18T22:24:35Z,safesleep-dev-01,Temperatura abaixo do recomendado para o bebê (< 20 ºC).
2025-11-18T22:24:38Z,2025-11-18T22:24:38Z,safesleep-dev-01,Nível de ruído elevado – possível choro ou barulho no quarto (> 60 dB).
2025-11-18T22:24:41Z,2025-11-18T22:24:41Z,safesleep-dev-01,Temperatura acima do recomendado para o bebê (> 26 ºC).
2025-11-18T22:24:44Z,2025-11-18T22:24:44Z,safesleep-dev-01,Umidade alta – risco de mofo/desconforto (> 60%).
2025-11-18T22:24:47Z,2025-11-18T22:24:47Z,safesleep-dev-01,Temperatura acima do recomendado para o bebê (> 26 ºC).
2025-11-18T22:24:50Z,2025-11-18T22:24:50Z,safesleep-dev-01,Umidade baixa – ambiente mais seco que o ideal (< 40%). | Nível de ruído elevado – possível choro ou barulho no quarto (> 60 dB).
2025-11-18T22:24:53Z,2025-11-18T22:24:53Z,safesleep-dev-01,Umidade alta – risco de mofo/desconforto (> 60%).
2025-11-18T22:24:57Z,2025-11-18T22:24:56Z,safesleep-dev-01,Temperatura abaixo do recomendado para o bebê (< 20 ºC).
2025-11-18T22:24:59Z,2025-11-18T22:24:59Z,safesleep-dev-01,Temperatura acima do recomendado para o bebê (> 26 ºC).
2025-11-18T22:25:02Z,2025-11-18T22:25:02Z,safesleep-dev-01,Nível de ruído elevado – possível choro ou barulho no quarto (> 60 dB).
2025-11-18T22:25:05Z,2025-11-18T22:25:05Z,safesleep-dev-01,Bebê em posição de bruços (prono) – atenção ao risco de sufocamento.
2025-11-18T22:25:08Z,2025-11-18T22:25:08Z,safesleep-dev-01,Temperatura abaixo do recomendado para o bebê (< 20 ºC). | Nível de ruído elevado – possível choro ou barulho no quarto (> 60 dB).
2025-11-18T22:25:11Z,2025-11-18T22:25:11Z,safesleep-dev-01,Umidade alta – risco de mofo/desconforto (> 60%). | Nível de ruído elevado – possível choro ou barulho no quarto (> 60 dB). | Bebê em posição de bruços (prono) – atenção ao risco de sufocamento.
2025-11-18T22:25:14Z,2025-11-18T22:25:14Z,safesleep-dev-01,Temperatura acima do recomendado para o bebê (> 26 ºC). | Nível de ruído elevado – possível choro ou barulho no quarto (> 60 dB). | Bebê em posição de bruços (prono) – atenção ao risco de sufocamento.
2025-11-18T22:25:17Z,2025-11-18T22:25:17Z,safesleep-dev-01,Temperatura abaixo do recomendado para o bebê (< 20 ºC). | Umidade baixa – ambiente mais seco que o ideal (< 40%).
2025-11-18T22:25:20Z,2025-11-18T22:25:20Z,safesleep-dev-01,Temperatura acima do recomendado para o bebê (> 26 ºC).
2025-11-18T22:25:26Z,2025-11-18T22:25:26Z,safesleep-dev-01,Temperatura acima do recomendado para o bebê (> 26 ºC). | Umidade alta – risco de mofo/desconforto (> 60%).
2025-11-18T22:25:29Z,2025-11-18T22:25:29Z,safesleep-dev-01,Temperatura acima do recomendado para o bebê (> 26 ºC). | Nível de ruído elevado – possível choro ou barulho no quarto (> 60 dB).
2025-11-18T22:25:32Z,2025-11-18T22:25:32Z,safesleep-dev-01,Umidade baixa – ambiente mais seco que o ideal (< 40%). | Nível de ruído elevado – possível choro ou barulho no quarto (> 60 dB).
2025-11-18T22:25:35Z,2025-11-18T22:25:35Z,safesleep-dev-01,Temperatura acima do recomendado para o bebê (> 26 ºC). | Nível de ruído elevado – possível choro ou barulho no quarto (> 60 dB). | Bebê em posição de bruços (prono) – atenção ao risco de sufocamento.
2025-11-18T22:25:38Z,2025-11-18T22:25:38Z,safesleep-dev-01,Temperatura acima do recomendado para o bebê (> 26 ºC).
2025-11-18T22:25:41Z,2025-11-18T22:25:41Z,safesleep-dev-01,Temperatura acima do recomendado para o bebê (> 26 ºC). | Umidade baixa – ambiente mais seco que o ideal (< 40%).
2025-11-18T22:25:51Z,2025-11-18T22:25:51Z,safesleep-dev-01,Temperatura abaixo do recomendado para o bebê (< 20 ºC). | Umidade baixa – ambiente mais seco que o ideal (< 40%). | Nível de ruído elevado – possível choro ou barulho no quarto (> 60 dB).
2025-11-18T22:25:54Z,2025-11-18T22:25:54Z,safesleep-dev-01,Temperatura acima do recomendado para o bebê (> 26 ºC). | Nível de ruído elevado – possível choro ou barulho no quarto (> 60 dB). | Bebê em posição de bruços (prono) – atenção ao risco de sufocamento.
2025-11-18T22:25:57Z,2025-11-18T22:25:57Z,safesleep-dev-01,Temperatura abaixo do recomendado para o bebê (< 20 ºC).
2025-11-18T22:26:00Z,2025-11-18T22:26:00Z,safesleep-dev-01,Temperatura acima do recomendado para o bebê (> 26 ºC).
2025-11-18T22:26:03Z,2025-11-18T22:26:03Z,safesleep-dev-01,Temperatura acima do recomendado para o bebê (> 26 ºC). | Umidade alta – risco de mofo/desconforto (> 60%).
2025-11-18T22:26:06Z,2025-11-18T22:26:06Z,safesleep-dev-01,Temperatura acima do recomendado para o bebê (> 26 ºC). | Umidade alta – risco de mofo/desconforto (> 60%). | Nível de ruído elevado – possível choro ou barulho no quarto (> 60 dB).
2025-11-18T22:26:09Z,2025-11-18T22:26:09Z,safesleep-dev-01,Umidade baixa – ambiente mais seco que o ideal (< 40%).
2025-11-18T22:26:15Z,2025-11-18T22:26:15Z,safesleep-dev-01,Umidade alta – risco de mofo/desconforto (> 60%). | Nível de ruído elevado – possível choro ou barulho no quarto (> 60 dB). | Bebê em posição de bruços (prono) – atenção ao risco de sufocamento.
2025-11-18T22:26:18Z,2025-11-18T22:26:18Z,safesleep-dev-01,Umidade alta – risco de mofo/desconforto (> 60%).
2025-11-18T22:26:21Z,2025-11-18T22:26:21Z,safesleep-dev-01,Temperatura abaixo do recomendado para o bebê (< 20 ºC). | Umidade baixa – ambiente mais seco que o ideal (< 40%). | Bebê em posição de bruços (prono) – atenção ao risco de sufocamento.
2025-11-18T22:26:24Z,2025-11-18T22:26:24Z,safesleep-dev-01,Umidade baixa – ambiente mais seco que o ideal (< 40%). | Nível de ruído elevado – possível choro ou barulho no quarto (> 60 dB).
2025-11-18T22:26:27Z,2025-11-18T22:26:27Z,safesleep-dev-01,Temperatura acima do recomendado para o bebê (> 26 ºC).
2025-11-18T22:26:30Z,2025-11-18T22:26:30Z,safesleep-dev-01,Umidade alta – risco de mofo/desconforto (> 60%).
2025-11-18T22:26:33Z,2025-11-18T22:26:33Z,safesleep-dev-01,Nível de ruído elevado – possível choro ou barulho no quarto (> 60 dB).
2025-11-18T22:26:36Z,2025-11-18T22:26:36Z,safesleep-dev-01,Temperatura acima do recomendado para o bebê (> 26 ºC). | Umidade alta – risco de mofo/desconforto (> 60%).
2025-11-18T22:26:39Z,2025-11-18T22:26:39Z,safesleep-dev-01,Temperatura abaixo do recomendado para o bebê (< 20 ºC). | Umidade baixa – ambiente mais seco que o ideal (< 40%).
2025-11-18T22:26:42Z,2025-11-18T22:26:42Z,safesleep-dev-01,Temperatura abaixo do recomendado para o bebê (< 20 ºC). | Umidade baixa – ambiente mais seco que o ideal (< 40%).
2025-11-18T22:26:45Z,2025-11-18T22:26:45Z,safesleep-dev-01,Nível de ruído elevado – possível choro ou barulho no quarto (> 60 dB). | Bebê em posição de bruços (prono) – atenção ao risco de sufocamento.
2025-11-18T22:26:48Z,2025-11-18T22:26:48Z,safesleep-dev-01,Umidade alta – risco de mofo/desconforto (> 60%).
2025-11-18T22:26:51Z,2025-11-18T22:26:51Z,safesleep-dev-01,Temperatura acima do recomendado para o bebê (> 26 ºC). | Umidade baixa – ambiente mais seco que o ideal (< 40%).
2025-11-18T22:26:54Z,2025-11-18T22:26:54Z,safesleep-dev-01,Nível de ruído elevado – possível choro ou barulho no quarto (> 60 dB).
2025-11-18T22:26:57Z,2025-11-18T22:26:57Z,safesleep-dev-01,Temperatura abaixo do recomendado para o bebê (< 20 ºC). | Umidade alta – risco de mofo/desconforto (> 60%).
2025-11-18T22:27:00Z,2025-11-18T22:27:00Z,safesleep-dev-01,Temperatura acima do recomendado para o bebê (> 26 ºC). | Umidade baixa – ambiente mais seco que o ideal (< 40%).
2025-11-18T22:27:03Z,2025-11-18T22:27:03Z,safesleep-dev-01,Temperatura abaixo do recomendado para o bebê (< 20 ºC). | Nível de ruído elevado – possível choro ou barulho no quarto (> 60 dB).
2025-11-18T22:27:06Z,2025-11-18T22:27:06Z,safesleep-dev-01,Temperatura acima do recomendado para o bebê (> 26 ºC). | Umidade alta – risco de mofo/desconforto (> 60%).
2025-11-18T22:27:09Z,2025-11-18T22:27:09Z,safesleep-dev-01,Umidade alta – risco de mofo/desconforto (> 60%).
2025-11-18T22:27:12Z,2025-11-18T22:27:12Z,safesleep-dev-01,Temperatura acima do recomendado para o bebê (> 26 ºC). | Umidade alta – risco de mofo/desconforto (> 60%). | Nível de ruído elevado – possível choro ou barulho no quarto (> 60 dB).
2025-11-18T22:27:15Z,2025-11-18T22:27:15Z,safesleep-dev-01,Temperatura acima do recomendado para o bebê (> 26 ºC). | Umidade alta – risco de mofo/desconforto (> 60%).
2025-11-18T22:27:18Z,2025-11-18T22:27:18Z,safesleep-dev-01,Temperatura abaixo do recomendado para o bebê (< 20 ºC). | Umidade alta – risco de mofo/desconforto (> 60%).
2025-11-18T22:27:21Z,2025-11-18T22:27:21Z,safesleep-dev-01,Umidade alta – risco de mofo/desconforto (> 60%). | Nível de ruído elevado – possível choro ou barulho no quarto (> 60 dB). | Bebê em posição de bruços (prono) – atenção ao risco de sufocamento.
2025-11-18T22:27:24Z,2025-11-18T22:27:24Z,safesleep-dev-01,Temperatura acima do recomendado para o bebê (> 26 ºC). | Nível de ruído elevado – possível choro ou barulho no quarto (> 60 dB).
2025-11-18T22:27:27Z,2025-11-18T22:27:27Z,safesleep-dev-01,Temperatura abaixo do recomendado para o bebê (< 20 ºC). | Umidade alta – risco de mofo/desconforto (> 60%). | Nível de ruído elevado – possível choro ou barulho no quarto (> 60 dB).
2025-11-18T22:27:30Z,2025-11-18T22:27:30Z,safesleep-dev-01,Temperatura acima do recomendado para o bebê (> 26 ºC). | Nível de ruído elevado – possível choro ou barulho no quarto (> 60 dB).
2025-11-18T22:27:33Z,2025-11-18T22:27:33Z,safesleep-dev-01,Nível de ruído elevado – possível choro ou barulho no quarto (> 60 dB).
2025-11-18T22:27:36Z,2025-11-18T22:27:36Z,safesleep-dev-01,Temperatura abaixo do recomendado para o bebê (< 20 ºC).
2025-11-18T22:27:39Z,2025-11-18T22:27:39Z,safesleep-dev-01,Temperatura acima do recomendado para o bebê (> 26 ºC).
2025-11-18T22:27:42Z,2025-11-18T22:27:42Z,safesleep-dev-01,Umidade alta – risco de mofo/desconforto (> 60%). | Nível de ruído elevado – possível choro ou barulho no quarto (> 60 dB).
2025-11-18T22:27:45Z,2025-11-18T22:27:45Z,safesleep-dev-01,Temperatura acima do recomendado para o bebê (> 26 ºC). | Umidade alta – risco de mofo/desconforto (> 60%). | Nível de ruído elevado – possível choro ou barulho no quarto (> 60 dB).
2025-11-18T22:27:48Z,2025-11-18T22:27:48Z,safesleep-dev-01,Bebê em posição de bruços (prono) – atenção ao risco de sufocamento.
2025-11-18T22:27:51Z,2025-11-18T22:27:51Z,safesleep-dev-01,Temperatura abaixo do recomendado para o bebê (< 20 ºC). | Umidade alta – risco de mofo/desconforto (> 60%). | Nível de ruído elevado – possível choro ou barulho no quarto (> 60 dB).
2025-11-18T22:27:54Z,2025-11-18T22:27:54Z,safesleep-dev-01,Temperatura acima do recomendado para o bebê (> 26 ºC). | Bebê em posição de bruços (prono) – atenção ao risco de sufocamento.
2025-11-18T22:27:57Z,2025-11-18T22:27:57Z,safesleep-dev-01,Umidade alta – risco de mofo/desconforto (> 60%).
2025-11-18T22:28:00Z,2025-11-18T22:28:00Z,safesleep-dev-01,Temperatura acima do recomendado para o bebê (> 26 ºC). | Umidade baixa – ambiente mais seco que o ideal (< 40%).
2025-11-18T22:28:03Z,2025-11-18T22:28:03Z,safesleep-dev-01,Temperatura abaixo do recomendado para o bebê (< 20 ºC).
2025-11-18T22:28:06Z,2025-11-18T22:28:06Z,safesleep-dev-01,Temperatura abaixo do recomendado para o bebê (< 20 ºC).
2025-11-18T22:28:09Z,2025-11-18T22:28:09Z,safesleep-dev-01,Umidade baixa – ambiente mais seco que o ideal (< 40%). | Nível de ruído elevado – possível choro ou barulho no quarto (> 60 dB).
2025-11-18T22:28:12Z,2025-11-18T22:28:12Z,safesleep-dev-01,Umidade baixa – ambiente mais seco que o ideal (< 40%).
2025-11-18T22:28:15Z,2025-11-18T22:28:15Z,safesleep-dev-01,Nível de ruído elevado – possível choro ou barulho no quarto (> 60 dB).
2025-11-18T22:28:18Z,2025-11-18T22:28:18Z,safesleep-dev-01,Umidade baixa – ambiente mais seco que o ideal (< 40%).
2025-11-18T22:28:24Z,2025-11-18T22:28:24Z,safesleep-dev-01,Umidade baixa – ambiente mais seco que o ideal (< 40%).
2025-11-18T22:28:27Z,2025-11-18T22:28:27Z,safesleep-dev-01,Bebê em posição de bruços (prono) – atenção ao risco de sufocamento.
2025-11-18T22:28:30Z,2025-11-18T22:28:30Z,safesleep-dev-01,Temperatura acima do recomendado para o bebê (> 26 ºC). | Umidade alta – risco de mofo/desconforto (> 60%).
2025-11-18T22:28:33Z,2025-11-18T22:28:33Z,safesleep-dev-01,Temperatura acima do recomendado para o bebê (> 26 ºC). | Umidade baixa – ambiente mais seco que o ideal (< 40%).
2025-11-18T22:28:36Z,2025-11-18T22:28:36Z,safesleep-dev-01,Temperatura acima do recomendado para o bebê (> 26 ºC).
2025-11-18T22:28:39Z,2025-11-18T22:28:39Z,safesleep-dev-01,Temperatura acima do recomendado para o bebê (> 26 ºC).
2025-11-18T22:28:42Z,2025-11-18T22:28:42Z,safesleep-dev-01,Temperatura acima do recomendado para o bebê (> 26 ºC). | Nível de ruído elevado – possível choro ou barulho no quarto (> 60 dB).
2025-11-18T22:28:45Z,2025-11-18T22:28:45Z,safesleep-dev-01,Temperatura abaixo do recomendado para o bebê (< 20 ºC). | Umidade alta – risco de mofo/desconforto (> 60%). | Nível de ruído elevado – possível choro ou barulho no quarto (> 60 dB).
2025-11-18T22:28:48Z,2025-11-18T22:28:48Z,safesleep-dev-01,Temperatura abaixo do recomendado para o bebê (< 20 ºC).
2025-11-18T22:28:51Z,2025-11-18T22:28:51Z,safesleep-dev-01,Temperatura acima do recomendado para o bebê (> 26 ºC). | Umidade alta – risco de mofo/desconforto (> 60%).
2025-11-18T22:28:54Z,2025-11-18T22:28:54Z,safesleep-dev-01,Bebê em posição de bruços (prono) – atenção ao risco de sufocamento.
2025-11-18T22:28:57Z,2025-11-18T22:28:57Z,safesleep-dev-01,Temperatura abaixo do recomendado para o bebê (< 20 ºC). | Umidade baixa – ambiente mais seco que o ideal (< 40%). | Nível de ruído elevado – possível choro ou barulho no quarto (> 60 dB). | Bebê em posição de bruços (prono) – atenção ao risco de sufocamento.
2025-11-18T22:29:00Z,2025-11-18T22:29:00Z,safesleep-dev-01,Umidade alta – risco de mofo/desconforto (> 60%). | Nível de ruído elevado – possível choro ou barulho no quarto (> 60 dB).
2025-11-18T22:29:03Z,2025-11-18T22:29:03Z,safesleep-dev-01,Umidade alta – risco de mofo/desconforto (> 60%).
2025-11-18T22:29:06Z,2025-11-18T22:29:06Z,safesleep-dev-01,Umidade baixa – ambiente mais seco que o ideal (< 40%). | Nível de ruído elevado – possível choro ou barulho no quarto (> 60 dB).
2025-11-18T22:29:09Z,2025-11-18T22:29:09Z,safesleep-dev-01,Nível de ruído elevado – possível choro ou barulho no quarto (> 60 dB).
2025-11-18T22:29:15Z,2025-11-18T22:29:15Z,safesleep-dev-01,Nível de ruído elevado – possível choro ou barulho no quarto (> 60 dB). | Bebê em posição de bruços (prono) – atenção ao risco de sufocamento.
2025-11-18T22:29:18Z,2025-11-18T22:29:18Z,safesleep-dev-01,Umidade baixa – ambiente mais seco que o ideal (< 40%).
2025-11-18T22:29:27Z,2025-11-18T22:29:27Z,safesleep-dev-01,Temperatura acima do recomendado para o bebê (> 26 ºC). | Umidade alta – risco de mofo/desconforto (> 60%).
2025-11-18T22:29:30Z,2025-11-18T22:29:30Z,safesleep-dev-01,Bebê em posição de bruços (prono) – atenção ao risco de sufocamento.
2025-11-18T22:29:33Z,2025-11-18T22:29:33Z,safesleep-dev-01,Temperatura acima do recomendado para o bebê (> 26 ºC). | Umidade baixa – ambiente mais seco que o ideal (< 40%). | Bebê em posição de bruços (prono) – atenção ao risco de sufocamento.
2025-11-18T22:29:39Z,2025-11-18T22:29:39Z,safesleep-dev-01,Nível de ruído elevado – possível choro ou barulho no quarto (> 60 dB).
2025-11-18T22:29:45Z,2025-11-18T22:29:45Z,safesleep-dev-01,Umidade alta – risco de mofo/desconforto (> 60%).
2025-11-18T22:29:48Z,2025-11-18T22:29:48Z,safesleep-dev-01,Temperatura acima do recomendado para o bebê (> 26 ºC). | Umidade alta – risco de mofo/desconforto (> 60%). | Nível de ruído elevado – possível choro ou barulho no quarto (> 60 dB).
2025-11-18T22:29:51Z,2025-11-18T22:29:51Z,safesleep-dev-01,Nível de ruído elevado – possível choro ou barulho no quarto (> 60 dB).
2025-11-18T22:29:54Z,2025-11-18T22:29:54Z,safesleep-dev-01,Temperatura abaixo do recomendado para o bebê (< 20 ºC).
2025-11-18T22:29:57Z,2025-11-18T22:29:57Z,safesleep-dev-01,Temperatura acima do recomendado para o bebê (> 26 ºC). | Umidade alta – risco de mofo/desconforto (> 60%).
2025-11-18T22:30:00Z,2025-11-18T22:30:00Z,safesleep-dev-01,Temperatura abaixo do recomendado para o bebê (< 20 ºC). | Bebê em posição de bruços (prono) – atenção ao risco de sufocamento.
2025-11-18T22:30:03Z,2025-11-18T22:30:03Z,safesleep-dev-01,Umidade baixa – ambiente mais seco que o ideal (< 40%). | Nível de ruído elevado – possível choro ou barulho no quarto (> 60 dB).
2025-11-18T22:30:09Z,2025-11-18T22:30:09Z,safesleep-dev-01,Temperatura abaixo do recomendado para o bebê (< 20 ºC). | Umidade alta – risco de mofo/desconforto (> 60%). | Nível de ruído elevado – possível choro ou barulho no quarto (> 60 dB).
2025-11-18T22:30:15Z,2025-11-18T22:30:15Z,safesleep-dev-01,Temperatura acima do recomendado para o bebê (> 26 ºC). | Nível de ruído elevado – possível choro ou barulho no quarto (> 60 dB).
2025-11-18T22:30:18Z,2025-11-18T22:30:18Z,safesleep-dev-01,Temperatura acima do recomendado para o bebê (> 26 ºC). | Umidade baixa – ambiente mais seco que o ideal (< 40%). | Nível de ruído elevado – possível choro ou barulho no quarto (> 60 dB). | Bebê em posição de bruços (prono) – atenção ao risco de sufocamento.
2025-11-18T22:30:21Z,2025-11-18T22:30:21Z,safesleep-dev-01,Umidade alta – risco de mofo/desconforto (> 60%).
2025-11-18T22:30:24Z,2025-11-18T22:30:24Z,safesleep-dev-01,Temperatura acima do recomendado para o bebê (> 26 ºC). | Nível de ruído elevado – possível choro ou barulho no quarto (> 60 dB).
2025-11-18T22:30:27Z,2025-11-18T22:30:27Z,safesleep-dev-01,Nível de ruído elevado – possível choro ou barulho no quarto (> 60 dB).
2025-11-18T22:30:30Z,2025-11-18T22:30:30Z,safesleep-dev-01,Temperatura acima do recomendado para o bebê (> 26 ºC). | Umidade alta – risco de mofo/desconforto (> 60%). | Nível de ruído elevado – possível choro ou barulho no quarto (> 60 dB).
2025-11-18T22:30:33Z,2025-11-18T22:30:33Z,safesleep-dev-01,Umidade alta – risco de mofo/desconforto (> 60%).
2025-11-18T22:30:36Z,2025-11-18T22:30:36Z,safesleep-dev-01,Temperatura abaixo do recomendado para o bebê (< 20 ºC). | Umidade baixa – ambiente mais seco que o ideal (< 40%). | Nível de ruído elevado – possível choro ou barulho no quarto (> 60 dB).
2025-11-18T22:30:39Z,2025-11-18T22:30:39Z,safesleep-dev-01,Bebê em posição de bruços (prono) – atenção ao risco de sufocamento.
2025-11-18T22:30:48Z,2025-11-18T22:30:48Z,safesleep-dev-01,Temperatura acima do recomendado para o bebê (> 26 ºC).
2025-11-18T22:30:54Z,2025-11-18T22:30:54Z,safesleep-dev-01,Temperatura acima do recomendado para o bebê (> 26 ºC).
2025-11-18T22:31:00Z,2025-11-18T22:31:00Z,safesleep-dev-01,Nível de ruído elevado – possível choro ou barulho no quarto (> 60 dB).
2025-11-18T22:31:03Z,2025-11-18T22:31:03Z,safesleep-dev-01,Temperatura acima do recomendado para o bebê (> 26 ºC). | Umidade alta – risco de mofo/desconforto (> 60%). | Nível de ruído elevado – possível choro ou barulho no quarto (> 60 dB). | Bebê em posição de bruços (prono) – atenção ao risco de sufocamento.
2025-11-18T22:31:06Z,2025-11-18T22:31:06Z,safesleep-dev-01,Nível de ruído elevado – possível choro ou barulho no quarto (> 60 dB).
2025-11-18T22:31:09Z,2025-11-18T22:31:09Z,safesleep-dev-01,Temperatura acima do recomendado para o bebê (> 26 ºC). | Umidade baixa – ambiente mais seco que o ideal (< 40%).
2025-11-18T22:31:12Z,2025-11-18T22:31:12Z,safesleep-dev-01,Umidade baixa – ambiente mais seco que o ideal (< 40%).
2025-11-18T22:31:15Z,2025-11-18T22:31:15Z,safesleep-dev-01,Temperatura acima do recomendado para o bebê (> 26 ºC). | Nível de ruído elevado – possível choro ou barulho no quarto (> 60 dB). | Bebê em posição de bruços (prono) – atenção ao risco de sufocamento.
2025-11-18T22:31:21Z,2025-11-18T22:31:21Z,safesleep-dev-01,Temperatura acima do recomendado para o bebê (> 26 ºC). | Umidade baixa – ambiente mais seco que o ideal (< 40%). | Nível de ruído elevado – possível choro ou barulho no quarto (> 60 dB).
2025-11-18T22:31:24Z,2025-11-18T22:31:24Z,safesleep-dev-01,Umidade alta – risco de mofo/desconforto (> 60%). | Nível de ruído elevado – possível choro ou barulho no quarto (> 60 dB).
2025-11-18T22:31:27Z,2025-11-18T22:31:27Z,safesleep-dev-01,Temperatura acima do recomendado para o bebê (> 26 ºC). | Umidade baixa – ambiente mais seco que o ideal (< 40%).
2025-11-18T22:31:30Z,2025-11-18T22:31:30Z,safesleep-dev-01,Nível de ruído elevado – possível choro ou barulho no quarto (> 60 dB).
2025-11-18T22:31:33Z,2025-11-18T22:31:33Z,safesleep-dev-01,Temperatura acima do recomendado para o bebê (> 26 ºC). | Nível de ruído elevado – possível choro ou barulho no quarto (> 60 dB).
2025-11-18T22:31:36Z,2025-11-18T22:31:36Z,safesleep-dev-01,Temperatura acima do recomendado para o bebê (> 26 ºC). | Umidade alta – risco de mofo/desconforto (> 60%).
2025-11-18T22:31:39Z,2025-11-18T22:31:39Z,safesleep-dev-01,Temperatura abaixo do recomendado para o bebê (< 20 ºC).
2025-11-18T22:31:42Z,2025-11-18T22:31:42Z,safesleep-dev-01,Bebê em posição de bruços (prono) – atenção ao risco de sufocamento.
2025-11-18T22:31:45Z,2025-11-18T22:31:45Z,safesleep-dev-01,Umidade baixa – ambiente mais seco que o ideal (< 40%).
2025-11-18T22:31:51Z,2025-11-18T22:31:51Z,safesleep-dev-01,Nível de ruído elevado – possível choro ou barulho no quarto (> 60 dB). | Bebê em posição de bruços (prono) – atenção ao risco de sufocamento.
2025-11-18T22:31:54Z,2025-11-18T22:31:54Z,safesleep-dev-01,Temperatura abaixo do recomendado para o bebê (< 20 ºC). | Umidade baixa – ambiente mais seco que o ideal (< 40%). | Nível de ruído elevado – possível choro ou barulho no quarto (> 60 dB).
2025-11-18T22:32:00Z,2025-11-18T22:32:00Z,safesleep-dev-01,Nível de ruído elevado – possível choro ou barulho no quarto (> 60 dB). | Bebê em posição de bruços (prono) – atenção ao risco de sufocamento.
2025-11-18T22:32:03Z,2025-11-18T22:32:03Z,safesleep-dev-01,Temperatura acima do recomendado para o bebê (> 26 ºC). | Umidade alta – risco de mofo/desconforto (> 60%).
2025-11-18T22:32:06Z,2025-11-18T22:32:06Z,safesleep-dev-01,Temperatura abaixo do recomendado para o bebê (< 20 ºC). | Nível de ruído elevado – possível choro ou barulho no quarto (> 60 dB). | Bebê em posição de bruços (prono) – atenção ao risco de sufocamento.
2025-11-18T22:32:09Z,2025-11-18T22:32:09Z,safesleep-dev-01,Bebê em posição de bruços (prono) – atenção ao risco de sufocamento.
2025-11-18T22:32:12Z,2025-11-18T22:32:12Z,safesleep-dev-01,Umidade baixa – ambiente mais seco que o ideal (< 40%).
2025-11-18T22:32:15Z,2025-11-18T22:32:15Z,safesleep-dev-01,Temperatura acima do recomendado para o bebê (> 26 ºC). | Nível de ruído elevado – possível choro ou barulho no quarto (> 60 dB).
2025-11-18T22:32:18Z,2025-11-18T22:32:18Z,safesleep-dev-01,Nível de ruído elevado – possível choro ou barulho no quarto (> 60 dB).
2025-11-18T22:32:21Z,2025-11-18T22:32:21Z,safesleep-dev-01,Temperatura acima do recomendado para o bebê (> 26 ºC).
2025-11-18T22:32:24Z,2025-11-18T22:32:24Z,safesleep-dev-01,Umidade baixa – ambiente mais seco que o ideal (< 40%). | Nível de ruído elevado – possível choro ou barulho no quarto (> 60 dB).
2025-11-18T22:32:27Z,2025-11-18T22:32:27Z,safesleep-dev-01,Temperatura acima do recomendado para o bebê (> 26 ºC). | Umidade baixa – ambiente mais seco que o ideal (< 40%). | Nível de ruído elevado – possível choro ou barulho no quarto (> 60 dB). | Bebê em posição de bruços (prono) – atenção ao risco de sufocamento.
2025-11-18T22:32:30Z,2025-11-18T22:32:30Z,safesleep-dev-01,Temperatura abaixo do recomendado para o bebê (< 20 ºC).
2025-11-18T22:32:33Z,2025-11-18T22:32:33Z,safesleep-dev-01,Temperatura acima do recomendado para o bebê (> 26 ºC). | Umidade alta – risco de mofo/desconforto (> 60%).
2025-11-18T22:32:36Z,2025-11-18T22:32:36Z,safesleep-dev-01,Nível de ruído elevado – possível choro ou barulho no quarto (> 60 dB). | Bebê em posição de bruços (prono) – atenção ao risco de sufocamento.
2025-11-18T22:32:39Z,2025-11-18T22:32:39Z,safesleep-dev-01,Temperatura acima do recomendado para o bebê (> 26 ºC). | Umidade alta – risco de mofo/desconforto (> 60%).
2025-11-18T22:32:42Z,2025-11-18T22:32:42Z,safesleep-dev-01,Umidade alta – risco de mofo/desconforto (> 60%).
2025-11-18T22:32:45Z,2025-11-18T22:32:45Z,safesleep-dev-01,Umidade alta – risco de mofo/desconforto (> 60%). | Nível de ruído elevado – possível choro ou barulho no quarto (> 60 dB).
2025-11-18T22:32:48Z,2025-11-18T22:32:48Z,safesleep-dev-01,Nível de ruído elevado – possível choro ou barulho no quarto (> 60 dB).
2025-11-18T22:32:51Z,2025-11-18T22:32:51Z,safesleep-dev-01,Temperatura acima do recomendado para o bebê (> 26 ºC). | Umidade baixa – ambiente mais seco que o ideal (< 40%).
2025-11-18T22:32:54Z,2025-11-18T22:32:54Z,safesleep-dev-01,Umidade alta – risco de mofo/desconforto (> 60%). | Bebê em posição de bruços (prono) – atenção ao risco de sufocamento.
2025-11-18T22:32:57Z,2025-11-18T22:32:57Z,safesleep-dev-01,Temperatura acima do recomendado para o bebê (> 26 ºC). | Nível de ruído elevado – possível choro ou barulho no quarto (> 60 dB).
2025-11-18T22:33:00Z,2025-11-18T22:33:00Z,safesleep-dev-01,Temperatura abaixo do recomendado para o bebê (< 20 ºC). | Umidade baixa – ambiente mais seco que o ideal (< 40%). | Nível de ruído elevado – possível choro ou barulho no quarto (> 60 dB).
2025-11-18T22:33:03Z,2025-11-18T22:33:03Z,safesleep-dev-01,Temperatura abaixo do recomendado para o bebê (< 20 ºC). | Umidade baixa – ambiente mais seco que o ideal (< 40%).
2025-11-18T22:33:06Z,2025-11-18T22:33:06Z,safesleep-dev-01,Temperatura acima do recomendado para o bebê (> 26 ºC). | Umidade baixa – ambiente mais seco que o ideal (< 40%).
2025-11-18T22:33:09Z,2025-11-18T22:33:09Z,safesleep-dev-01,Umidade alta – risco de mofo/desconforto (> 60%).
2025-11-18T22:33:12Z,2025-11-18T22:33:12Z,safesleep-dev-01,Temperatura abaixo do recomendado para o bebê (< 20 ºC). | Nível de ruído elevado – possível choro ou barulho no quarto (> 60 dB).
2025-11-18T22:33:15Z,2025-11-18T22:33:15Z,safesleep-dev-01,Temperatura acima do recomendado para o bebê (> 26 ºC). | Umidade alta – risco de mofo/desconforto (> 60%).
2025-11-18T22:33:18Z,2025-11-18T22:33:18Z,safesleep-dev-01,Temperatura acima do recomendado para o bebê (> 26 ºC).
2025-11-18T22:33:21Z,2025-11-18T22:33:21Z,safesleep-dev-01,Temperatura acima do recomendado para o bebê (> 26 ºC).
2025-11-18T22:33:24Z,2025-11-18T22:33:24Z,safesleep-dev-01,Temperatura acima do recomendado para o bebê (> 26 ºC). | Umidade alta – risco de mofo/desconforto (> 60%). | Bebê em posição de bruços (prono) – atenção ao risco de sufocamento.
2025-11-18T22:33:27Z,2025-11-18T22:33:27Z,safesleep-dev-01,Temperatura abaixo do recomendado para o bebê (< 20 ºC). | Umidade baixa – ambiente mais seco que o ideal (< 40%). | Nível de ruído elevado – possível choro ou barulho no quarto (> 60 dB).
2025-11-18T22:33:30Z,2025-11-18T22:33:30Z,safesleep-dev-01,Temperatura acima do recomendado para o bebê (> 26 ºC). | Umidade alta – risco de mofo/desconforto (> 60%). | Bebê em posição de bruços (prono) – atenção ao risco de sufocamento.
2025-11-18T22:33:33Z,2025-11-18T22:33:33Z,safesleep-dev-01,Umidade alta – risco de mofo/desconforto (> 60%).
2025-11-18T22:33:36Z,2025-11-18T22:33:36Z,safesleep-dev-01,Temperatura acima do recomendado para o bebê (> 26 ºC). | Umidade baixa – ambiente mais seco que o ideal (< 40%). | Nível de ruído elevado – possível choro ou barulho no quarto (> 60 dB).
2025-11-18T22:33:39Z,2025-11-18T22:33:39Z,safesleep-dev-01,Temperatura acima do recomendado para o bebê (> 26 ºC). | Umidade alta – risco de mofo/desconforto (> 60%). | Nível de ruído elevado – possível choro ou barulho no quarto (> 60 dB).
2025-11-18T22:33:42Z,2025-11-18T22:33:42Z,safesleep-dev-01,Umidade alta – risco de mofo/desconforto (> 60%).
2025-11-18T22:33:45Z,2025-11-18T22:33:45Z,safesleep-dev-01,Nível de ruído elevado – possível choro ou barulho no quarto (> 60 dB).
2025-11-18T22:33:48Z,2025-11-18T22:33:48Z,safesleep-dev-01,Temperatura acima do recomendado para o bebê (> 26 ºC).
2025-11-18T22:33:51Z,2025-11-18T22:33:51Z,safesleep-dev-01,Temperatura abaixo do recomendado para o bebê (< 20 ºC). | Nível de ruído elevado – possível choro ou barulho no quarto (> 60 dB).
2025-11-18T22:33:54Z,2025-11-18T22:33:54Z,safesleep-dev-01,Temperatura acima do recomendado para o bebê (> 26 ºC). | Umidade alta – risco de mofo/desconforto (> 60%).
2025-11-18T22:33:57Z,2025-11-18T22:33:57Z,safesleep-dev-01,Nível de ruído elevado – possível choro ou barulho no quarto (> 60 dB).
2025-11-18T22:34:00Z,2025-11-18T22:34:00Z,safesleep-dev-01,Bebê em posição de bruços (prono) – atenção ao risco de sufocamento.
2025-11-18T22:34:03Z,2025-11-18T22:34:03Z,safesleep-dev-01,Bebê em posição de bruços (prono) – atenção ao risco de sufocamento.
2025-11-18T22:34:06Z,2025-11-18T22:34:06Z,safesleep-dev-01,Temperatura abaixo do recomendado para o bebê (< 20 ºC). | Nível de ruído elevado – possível choro ou barulho no quarto (> 60 dB).
2025-11-18T22:34:09Z,2025-11-18T22:34:09Z,safesleep-dev-01,Temperatura acima do recomendado para o bebê (> 26 ºC). | Nível de ruído elevado – possível choro ou barulho no quarto (> 60 dB).
2025-11-18T22:34:12Z,2025-11-18T22:34:12Z,safesleep-dev-01,Temperatura acima do recomendado para o bebê (> 26 ºC). | Nível de ruído elevado – possível choro ou barulho no quarto (> 60 dB).
2025-11-18T22:34:15Z,2025-11-18T22:34:15Z,safesleep-dev-01,Nível de ruído elevado – possível choro ou barulho no quarto (> 60 dB).
2025-11-18T22:34:18Z,2025-11-18T22:34:18Z,safesleep-dev-01,Temperatura abaixo do recomendado para o bebê (< 20 ºC).
2025-11-18T22:34:24Z,2025-11-18T22:34:24Z,safesleep-dev-01,Temperatura acima do recomendado para o bebê (> 26 ºC). | Nível de ruído elevado – possível choro ou barulho no quarto (> 60 dB).
2025-11-18T22:34:27Z,2025-11-18T22:34:27Z,safesleep-dev-01,Umidade alta – risco de mofo/desconforto (> 60%). | Nível de ruído elevado – possível choro ou barulho no quarto (> 60 dB).
2025-11-18T22:34:30Z,2025-11-18T22:34:30Z,safesleep-dev-01,Temperatura acima do recomendado para o bebê (> 26 ºC). | Umidade baixa – ambiente mais seco que o ideal (< 40%). | Nível de ruído elevado – possível choro ou barulho no quarto (> 60 dB).
2025-11-18T22:34:33Z,2025-11-18T22:34:33Z,safesleep-dev-01,Umidade baixa – ambiente mais seco que o ideal (< 40%).
2025-11-18T22:34:39Z,2025-11-18T22:34:39Z,safesleep-dev-01,Temperatura acima do recomendado para o bebê (> 26 ºC). | Umidade alta – risco de mofo/desconforto (> 60%). | Nível de ruído elevado – possível choro ou barulho no quarto (> 60 dB).
2025-11-18T22:34:42Z,2025-11-18T22:34:42Z,safesleep-dev-01,Nível de ruído elevado – possível choro ou barulho no quarto (> 60 dB).
2025-11-18T22:34:45Z,2025-11-18T22:34:45Z,safesleep-dev-01,Umidade alta – risco de mofo/desconforto (> 60%).
2025-11-18T22:34:54Z,2025-11-18T22:34:54Z,safesleep-dev-01,Umidade alta – risco de mofo/desconforto (> 60%).
2025-11-18T22:34:57Z,2025-11-18T22:34:57Z,safesleep-dev-01,Umidade alta – risco de mofo/desconforto (> 60%). | Nível de ruído elevado – possível choro ou barulho no quarto (> 60 dB).
2025-11-18T22:35:00Z,2025-11-18T22:35:00Z,safesleep-dev-01,Temperatura acima do recomendado para o bebê (> 26 ºC). | Nível de ruído elevado – possível choro ou barulho no quarto (> 60 dB).
2025-11-18T22:35:03Z,2025-11-18T22:35:03Z,safesleep-dev-01,Umidade baixa – ambiente mais seco que o ideal (< 40%). | Nível de ruído elevado – possível choro ou barulho no quarto (> 60 dB).
2025-11-18T22:35:12Z,2025-11-18T22:35:12Z,safesleep-dev-01,Temperatura acima do recomendado para o bebê (> 26 ºC). | Umidade alta – risco de mofo/desconforto (> 60%). | Nível de ruído elevado – possível choro ou barulho no quarto (> 60 dB).
2025-11-18T22:35:15Z,2025-11-18T22:35:15Z,safesleep-dev-01,Umidade alta – risco de mofo/desconforto (> 60%). | Bebê em posição de bruços (prono) – atenção ao risco de sufocamento.
2025-11-18T22:35:18Z,2025-11-18T22:35:18Z,safesleep-dev-01,Temperatura acima do recomendado para o bebê (> 26 ºC). | Umidade alta – risco de mofo/desconforto (> 60%).
2025-11-18T22:35:21Z,2025-11-18T22:35:21Z,safesleep-dev-01,Temperatura acima do recomendado para o bebê (> 26 ºC).
2025-11-18T22:35:24Z,2025-11-18T22:35:24Z,safesleep-dev-01,Temperatura acima do recomendado para o bebê (> 26 ºC). | Umidade baixa – ambiente mais seco que o ideal (< 40%). | Nível de ruído elevado – possível choro ou barulho no quarto (> 60 dB). | Bebê em posição de bruços (prono) – atenção ao risco de sufocamento.
2025-11-18T22:35:27Z,2025-11-18T22:35:27Z,safesleep-dev-01,Temperatura acima do recomendado para o bebê (> 26 ºC). | Umidade baixa – ambiente mais seco que o ideal (< 40%). | Nível de ruído elevado – possível choro ou barulho no quarto (> 60 dB).
2025-11-18T22:35:30Z,2025-11-18T22:35:30Z,safesleep-dev-01,Umidade alta – risco de mofo/desconforto (> 60%). | Nível de ruído elevado – possível choro ou barulho no quarto (> 60 dB).
2025-11-18T22:35:33Z,2025-11-18T22:35:33Z,safesleep-dev-01,Temperatura acima do recomendado para o bebê (> 26 ºC). | Umidade alta – risco de mofo/desconforto (> 60%). | Nível de ruído elevado – possível choro ou barulho no quarto (> 60 dB).
2025-11-18T22:35:36Z,2025-11-18T22:35:36Z,safesleep-dev-01,Temperatura abaixo do recomendado para o bebê (< 20 ºC). | Umidade baixa – ambiente mais seco que o ideal (< 40%). | Bebê em posição de bruços (prono) – atenção ao risco de sufocamento.
2025-11-18T22:35:39Z,2025-11-18T22:35:39Z,safesleep-dev-01,Temperatura acima do recomendado para o bebê (> 26 ºC). | Umidade baixa – ambiente mais seco que o ideal (< 40%). | Nível de ruído elevado – possível choro ou barulho no quarto (> 60 dB).
2025-11-18T22:35:42Z,2025-11-18T22:35:42Z,safesleep-dev-01,Temperatura abaixo do recomendado para o bebê (< 20 ºC). | Umidade baixa – ambiente mais seco que o ideal (< 40%). | Nível de ruído elevado – possível choro ou barulho no quarto (> 60 dB).
2025-11-18T22:35:48Z,2025-11-18T22:35:48Z,safesleep-dev-01,Temperatura acima do recomendado para o bebê (> 26 ºC). | Umidade baixa – ambiente mais seco que o ideal (< 40%).
2025-11-18T22:35:51Z,2025-11-18T22:35:51Z,safesleep-dev-01,Temperatura acima do recomendado para o bebê (> 26 ºC). | Umidade baixa – ambiente mais seco que o ideal (< 40%). | Nível de ruído elevado – possível choro ou barulho no quarto (> 60 dB).
2025-11-18T22:35:57Z,2025-11-18T22:35:57Z,safesleep-dev-01,Temperatura abaixo do recomendado para o bebê (< 20 ºC). | Nível de ruído elevado – possível choro ou barulho no quarto (> 60 dB).
2025-11-18T22:36:00Z,2025-11-18T22:36:00Z,safesleep-dev-01,Umidade alta – risco de mofo/desconforto (> 60%). | Nível de ruído elevado – possível choro ou barulho no quarto (> 60 dB).
2025-11-18T22:36:03Z,2025-11-18T22:36:03Z,safesleep-dev-01,Nível de ruído elevado – possível choro ou barulho no quarto (> 60 dB).
2025-11-18T22:36:06Z,2025-11-18T22:36:06Z,safesleep-dev-01,Temperatura abaixo do recomendado para o bebê (< 20 ºC). | Umidade alta – risco de mofo/desconforto (> 60%).
2025-11-18T22:36:09Z,2025-11-18T22:36:09Z,safesleep-dev-01,Umidade alta – risco de mofo/desconforto (> 60%).
2025-11-18T22:36:12Z,2025-11-18T22:36:12Z,safesleep-dev-01,Temperatura acima do recomendado para o bebê (> 26 ºC). | Nível de ruído elevado – possível choro ou barulho no quarto (> 60 dB).
2025-11-18T22:36:15Z,2025-11-18T22:36:15Z,safesleep-dev-01,Temperatura acima do recomendado para o bebê (> 26 ºC). | Nível de ruído elevado – possível choro ou barulho no quarto (> 60 dB).
2025-11-18T22:36:18Z,2025-11-18T22:36:18Z,safesleep-dev-01,Temperatura acima do recomendado para o bebê (> 26 ºC). | Bebê em posição de bruços (prono) – atenção ao risco de sufocamento.
2025-11-18T22:36:21Z,2025-11-18T22:36:21Z,safesleep-dev-01,Umidade baixa – ambiente mais seco que o ideal (< 40%). | Nível de ruído elevado – possível choro ou barulho no quarto (> 60 dB). | Bebê em posição de bruços (prono) – atenção ao risco de sufocamento.
2025-11-18T22:36:24Z,2025-11-18T22:36:24Z,safesleep-dev-01,Temperatura acima do recomendado para o bebê (> 26 ºC). | Nível de ruído elevado – possível choro ou barulho no quarto (> 60 dB).
2025-11-18T22:36:27Z,2025-11-18T22:36:27Z,safesleep-dev-01,Temperatura abaixo do recomendado para o bebê (< 20 ºC). | Umidade baixa – ambiente mais seco que o ideal (< 40%). | Nível de ruído elevado – possível choro ou barulho no quarto (> 60 dB). | Bebê em posição de bruços (prono) – atenção ao risco de sufocamento.
2025-11-18T22:36:30Z,2025-11-18T22:36:30Z,safesleep-dev-01,Temperatura acima do recomendado para o bebê (> 26 ºC). | Nível de ruído elevado – possível choro ou barulho no quarto (> 60 dB).
2025-11-18T22:36:33Z,2025-11-18T22:36:33Z,safesleep-dev-01,Temperatura acima do recomendado para o bebê (> 26 ºC).
2025-11-18T22:36:36Z,2025-11-18T22:36:36Z,safesleep-dev-01,Temperatura acima do recomendado para o bebê (> 26 ºC). | Nível de ruído elevado – possível choro ou barulho no quarto (> 60 dB).
2025-11-18T22:36:39Z,2025-11-18T22:36:39Z,safesleep-dev-01,Temperatura acima do recomendado para o bebê (> 26 ºC). | Umidade baixa – ambiente mais seco que o ideal (< 40%).
2025-11-18T22:36:48Z,2025-11-18T22:36:48Z,safesleep-dev-01,Temperatura acima do recomendado para o bebê (> 26 ºC). | Umidade baixa – ambiente mais seco que o ideal (< 40%). | Nível de ruído elevado – possível choro ou barulho no quarto (> 60 dB).
2025-11-18T22:36:51Z,2025-11-18T22:36:51Z,safesleep-dev-01,Temperatura acima do recomendado para o bebê (> 26 ºC). | Nível de ruído elevado – possível choro ou barulho no quarto (> 60 dB).
2025-11-18T22:36:54Z,2025-11-18T22:36:54Z,safesleep-dev-01,Temperatura acima do recomendado para o bebê (> 26 ºC). | Nível de ruído elevado – possível choro ou barulho no quarto (> 60 dB).
2025-11-18T22:36:57Z,2025-11-18T22:36:57Z,safesleep-dev-01,Temperatura abaixo do recomendado para o bebê (< 20 ºC). | Umidade alta – risco de mofo/desconforto (> 60%).
2025-11-18T22:37:00Z,2025-11-18T22:37:00Z,safesleep-dev-01,Temperatura acima do recomendado para o bebê (> 26 ºC).
2025-11-18T22:37:09Z,2025-11-18T22:37:09Z,safesleep-dev-01,Nível de ruído elevado – possível choro ou barulho no quarto (> 60 dB).
2025-11-18T22:37:12Z,2025-11-18T22:37:12Z,safesleep-dev-01,Umidade baixa – ambiente mais seco que o ideal (< 40%).
2025-11-18T22:37:18Z,2025-11-18T22:37:18Z,safesleep-dev-01,Umidade alta – risco de mofo/desconforto (> 60%).
2025-11-18T22:37:21Z,2025-11-18T22:37:21Z,safesleep-dev-01,Temperatura abaixo do recomendado para o bebê (< 20 ºC). | Umidade alta – risco de mofo/desconforto (> 60%).
2025-11-18T22:37:24Z,2025-11-18T22:37:24Z,safesleep-dev-01,Nível de ruído elevado – possível choro ou barulho no quarto (> 60 dB).
2025-11-18T22:37:27Z,2025-11-18T22:37:27Z,safesleep-dev-01,Temperatura abaixo do recomendado para o bebê (< 20 ºC).
2025-11-18T22:37:30Z,2025-11-18T22:37:30Z,safesleep-dev-01,Temperatura abaixo do recomendado para o bebê (< 20 ºC). | Umidade baixa – ambiente mais seco que o ideal (< 40%).
2025-11-18T22:37:36Z,2025-11-18T22:37:36Z,safesleep-dev-01,Temperatura abaixo do recomendado para o bebê (< 20 ºC). | Nível de ruído elevado – possível choro ou barulho no quarto (> 60 dB).
2025-11-18T22:37:42Z,2025-11-18T22:37:42Z,safesleep-dev-01,Umidade alta – risco de mofo/desconforto (> 60%). | Nível de ruído elevado – possível choro ou barulho no quarto (> 60 dB).
2025-11-18T22:37:45Z,2025-11-18T22:37:45Z,safesleep-dev-01,Temperatura acima do recomendado para o bebê (> 26 ºC). | Umidade baixa – ambiente mais seco que o ideal (< 40%).
2025-11-18T22:37:48Z,2025-11-18T22:37:48Z,safesleep-dev-01,Temperatura acima do recomendado para o bebê (> 26 ºC). | Nível de ruído elevado – possível choro ou barulho no quarto (> 60 dB).
2025-11-18T22:37:51Z,2025-11-18T22:37:51Z,safesleep-dev-01,Temperatura abaixo do recomendado para o bebê (< 20 ºC). | Nível de ruído elevado – possível choro ou barulho no quarto (> 60 dB).
2025-11-18T22:37:54Z,2025-11-18T22:37:54Z,safesleep-dev-01,Nível de ruído elevado – possível choro ou barulho no quarto (> 60 dB).
2025-11-18T22:37:57Z,2025-11-18T22:37:57Z,safesleep-dev-01,Temperatura acima do recomendado para o bebê (> 26 ºC). | Umidade baixa – ambiente mais seco que o ideal (< 40%).
2025-11-18T22:38:00Z,2025-11-18T22:38:00Z,safesleep-dev-01,Bebê em posição de bruços (prono) – atenção ao risco de sufocamento.
2025-11-18T22:38:03Z,2025-11-18T22:38:03Z,safesleep-dev-01,Umidade alta – risco de mofo/desconforto (> 60%). | Nível de ruído elevado – possível choro ou barulho no quarto (> 60 dB).
2025-11-18T22:38:06Z,2025-11-18T22:38:06Z,safesleep-dev-01,Temperatura acima do recomendado para o bebê (> 26 ºC).
2025-11-18T22:38:12Z,2025-11-18T22:38:12Z,safesleep-dev-01,Umidade alta – risco de mofo/desconforto (> 60%).
2025-11-18T22:38:15Z,2025-11-18T22:38:15Z,safesleep-dev-01,Nível de ruído elevado – possível choro ou barulho no quarto (> 60 dB).
2025-11-18T22:38:21Z,2025-11-18T22:38:21Z,safesleep-dev-01,Umidade alta – risco de mofo/desconforto (> 60%).
2025-11-18T22:38:24Z,2025-11-18T22:38:24Z,safesleep-dev-01,Nível de ruído elevado – possível choro ou barulho no quarto (> 60 dB).
2025-11-18T22:38:27Z,2025-11-18T22:38:27Z,safesleep-dev-01,Temperatura acima do recomendado para o bebê (> 26 ºC). | Nível de ruído elevado – possível choro ou barulho no quarto (> 60 dB).
2025-11-18T22:38:30Z,2025-11-18T22:38:30Z,safesleep-dev-01,Temperatura abaixo do recomendado para o bebê (< 20 ºC).
2025-11-18T22:38:33Z,2025-11-18T22:38:33Z,safesleep-dev-01,Umidade baixa – ambiente mais seco que o ideal (< 40%). | Bebê em posição de bruços (prono) – atenção ao risco de sufocamento.
2025-11-18T22:38:36Z,2025-11-18T22:38:36Z,safesleep-dev-01,Temperatura abaixo do recomendado para o bebê (< 20 ºC).
2025-11-18T22:38:42Z,2025-11-18T22:38:42Z,safesleep-dev-01,Temperatura acima do recomendado para o bebê (> 26 ºC).
2025-11-18T22:38:48Z,2025-11-18T22:38:48Z,safesleep-dev-01,Nível de ruído elevado – possível choro ou barulho no quarto (> 60 dB).
2025-11-18T22:38:51Z,2025-11-18T22:38:51Z,safesleep-dev-01,Temperatura abaixo do recomendado para o bebê (< 20 ºC). | Umidade alta – risco de mofo/desconforto (> 60%).
2025-11-18T22:38:54Z,2025-11-18T22:38:54Z,safesleep-dev-01,Temperatura acima do recomendado para o bebê (> 26 ºC). | Nível de ruído elevado – possível choro ou barulho no quarto (> 60 dB).
2025-11-18T22:38:57Z,2025-11-18T22:38:57Z,safesleep-dev-01,Umidade alta – risco de mofo/desconforto (> 60%).
2025-11-18T22:39:00Z,2025-11-18T22:39:00Z,safesleep-dev-01,Umidade alta – risco de mofo/desconforto (> 60%).
2025-11-18T22:39:03Z,2025-11-18T22:39:03Z,safesleep-dev-01,Bebê em posição de bruços (prono) – atenção ao risco de sufocamento.
2025-11-18T22:39:06Z,2025-11-18T22:39:06Z,safesleep-dev-01,Temperatura acima do recomendado para o bebê (> 26 ºC). | Umidade baixa – ambiente mais seco que o ideal (< 40%).
2025-11-18T22:39:12Z,2025-11-18T22:39:12Z,safesleep-dev-01,Nível de ruído elevado – possível choro ou barulho no quarto (> 60 dB).
2025-11-18T22:39:15Z,2025-11-18T22:39:15Z,safesleep-dev-01,Temperatura acima do recomendado para o bebê (> 26 ºC). | Umidade baixa – ambiente mais seco que o ideal (< 40%). | Bebê em posição de bruços (prono) – atenção ao risco de sufocamento.
2025-11-18T22:39:21Z,2025-11-18T22:39:21Z,safesleep-dev-01,Umidade alta – risco de mofo/desconforto (> 60%).
2025-11-18T22:39:24Z,2025-11-18T22:39:24Z,safesleep-dev-01,Temperatura acima do recomendado para o bebê (> 26 ºC). | Nível de ruído elevado – possível choro ou barulho no quarto (> 60 dB). | Bebê em posição de bruços (prono) – atenção ao risco de sufocamento.
2025-11-18T22:39:27Z,2025-11-18T22:39:27Z,safesleep-dev-01,Umidade baixa – ambiente mais seco que o ideal (< 40%). | Nível de ruído elevado – possível choro ou barulho no quarto (> 60 dB).
2025-11-18T22:39:33Z,2025-11-18T22:39:33Z,safesleep-dev-01,Bebê em posição de bruços (prono) – atenção ao risco de sufocamento.
2025-11-18T22:39:36Z,2025-11-18T22:39:36Z,safesleep-dev-01,Umidade alta – risco de mofo/desconforto (> 60%).
2025-11-18T22:39:39Z,2025-11-18T22:39:39Z,safesleep-dev-01,Temperatura acima do recomendado para o bebê (> 26 ºC). | Bebê em posição de bruços (prono) – atenção ao risco de sufocamento.
2025-11-18T22:39:45Z,2025-11-18T22:39:45Z,safesleep-dev-01,Temperatura acima do recomendado para o bebê (> 26 ºC). | Umidade baixa – ambiente mais seco que o ideal (< 40%).
2025-11-18T22:39:48Z,2025-11-18T22:39:48Z,safesleep-dev-01,Umidade alta – risco de mofo/desconforto (> 60%).
2025-11-18T22:39:51Z,2025-11-18T22:39:51Z,safesleep-dev-01,Nível de ruído elevado – possível choro ou barulho no quarto (> 60 dB). | Bebê em posição de bruços (prono) – atenção ao risco de sufocamento.
2025-11-18T22:39:54Z,2025-11-18T22:39:54Z,safesleep-dev-01,Temperatura acima do recomendado para o bebê (> 26 ºC). | Bebê em posição de bruços (prono) – atenção ao risco de sufocamento.
2025-11-18T22:39:57Z,2025-11-18T22:39:57Z,safesleep-dev-01,Umidade baixa – ambiente mais seco que o ideal (< 40%).
2025-11-18T22:40:00Z,2025-11-18T22:40:00Z,safesleep-dev-01,Temperatura acima do recomendado para o bebê (> 26 ºC). | Umidade alta – risco de mofo/desconforto (> 60%). | Nível de ruído elevado – possível choro ou barulho no quarto (> 60 dB).
2025-11-18T22:40:03Z,2025-11-18T22:40:03Z,safesleep-dev-01,Umidade alta – risco de mofo/desconforto (> 60%).
2025-11-18T22:40:06Z,2025-11-18T22:40:06Z,safesleep-dev-01,Temperatura acima do recomendado para o bebê (> 26 ºC). | Bebê em posição de bruços (prono) – atenção ao risco de sufocamento.
2025-11-18T22:40:09Z,2025-11-18T22:40:09Z,safesleep-dev-01,Umidade baixa – ambiente mais seco que o ideal (< 40%).
2025-11-18T22:40:12Z,2025-11-18T22:40:12Z,safesleep-dev-01,Umidade alta – risco de mofo/desconforto (> 60%). | Nível de ruído elevado – possível choro ou barulho no quarto (> 60 dB).
2025-11-18T22:40:15Z,2025-11-18T22:40:15Z,safesleep-dev-01,Umidade alta – risco de mofo/desconforto (> 60%).
2025-11-18T22:40:18Z,2025-11-18T22:40:18Z,safesleep-dev-01,Temperatura acima do recomendado para o bebê (> 26 ºC).
2025-11-18T22:40:21Z,2025-11-18T22:40:21Z,safesleep-dev-01,Umidade alta – risco de mofo/desconforto (> 60%).
2025-11-18T22:40:24Z,2025-11-18T22:40:24Z,safesleep-dev-01,Temperatura abaixo do recomendado para o bebê (< 20 ºC). | Umidade alta – risco de mofo/desconforto (> 60%). | Bebê em posição de bruços (prono) – atenção ao risco de sufocamento.
2025-11-18T22:40:27Z,2025-11-18T22:40:27Z,safesleep-dev-01,Nível de ruído elevado – possível choro ou barulho no quarto (> 60 dB).
2025-11-18T22:40:30Z,2025-11-18T22:40:30Z,safesleep-dev-01,Temperatura abaixo do recomendado para o bebê (< 20 ºC). | Umidade alta – risco de mofo/desconforto (> 60%).
2025-11-18T22:40:36Z,2025-11-18T22:40:36Z,safesleep-dev-01,Umidade alta – risco de mofo/desconforto (> 60%).
2025-11-18T22:40:39Z,2025-11-18T22:40:39Z,safesleep-dev-01,Temperatura abaixo do recomendado para o bebê (< 20 ºC). | Nível de ruído elevado – possível choro ou barulho no quarto (> 60 dB).
2025-11-18T22:40:42Z,2025-11-18T22:40:42Z,safesleep-dev-01,Umidade alta – risco de mofo/desconforto (> 60%).
2025-11-18T22:40:45Z,2025-11-18T22:40:45Z,safesleep-dev-01,Temperatura acima do recomendado para o bebê (> 26 ºC). | Nível de ruído elevado – possível choro ou barulho no quarto (> 60 dB).
2025-11-18T22:40:48Z,2025-11-18T22:40:48Z,safesleep-dev-01,Temperatura abaixo do recomendado para o bebê (< 20 ºC).
2025-11-18T22:40:51Z,2025-11-18T22:40:51Z,safesleep-dev-01,Temperatura acima do recomendado para o bebê (> 26 ºC). | Umidade alta – risco de mofo/desconforto (> 60%). | Nível de ruído elevado – possível choro ou barulho no quarto (> 60 dB).
2025-11-18T22:40:54Z,2025-11-18T22:40:54Z,safesleep-dev-01,Temperatura acima do recomendado para o bebê (> 26 ºC). | Umidade baixa – ambiente mais seco que o ideal (< 40%). | Nível de ruído elevado – possível choro ou barulho no quarto (> 60 dB).
2025-11-18T22:40:57Z,2025-11-18T22:40:57Z,safesleep-dev-01,Umidade alta – risco de mofo/desconforto (> 60%).
2025-11-18T22:41:00Z,2025-11-18T22:41:00Z,safesleep-dev-01,Temperatura abaixo do recomendado para o bebê (< 20 ºC).
2025-11-18T22:41:03Z,2025-11-18T22:41:03Z,safesleep-dev-01,Temperatura acima do recomendado para o bebê (> 26 ºC). | Nível de ruído elevado – possível choro ou barulho no quarto (> 60 dB). | Bebê em posição de bruços (prono) – atenção ao risco de sufocamento.
2025-11-18T22:41:06Z,2025-11-18T22:41:06Z,safesleep-dev-01,Umidade alta – risco de mofo/desconforto (> 60%). | Nível de ruído elevado – possível choro ou barulho no quarto (> 60 dB).
2025-11-18T22:41:09Z,2025-11-18T22:41:09Z,safesleep-dev-01,Temperatura acima do recomendado para o bebê (> 26 ºC).
2025-11-18T22:41:12Z,2025-11-18T22:41:12Z,safesleep-dev-01,Temperatura abaixo do recomendado para o bebê (< 20 ºC). | Nível de ruído elevado – possível choro ou barulho no quarto (> 60 dB). | Bebê em posição de bruços (prono) – atenção ao risco de sufocamento.
2025-11-18T22:41:15Z,2025-11-18T22:41:15Z,safesleep-dev-01,Umidade alta – risco de mofo/desconforto (> 60%).
2025-11-18T22:41:21Z,2025-11-18T22:41:21Z,safesleep-dev-01,Nível de ruído elevado – possível choro ou barulho no quarto (> 60 dB).
2025-11-18T22:41:24Z,2025-11-18T22:41:24Z,safesleep-dev-01,Nível de ruído elevado – possível choro ou barulho no quarto (> 60 dB).
2025-11-18T22:41:27Z,2025-11-18T22:41:27Z,safesleep-dev-01,Umidade alta – risco de mofo/desconforto (> 60%). | Nível de ruído elevado – possível choro ou barulho no quarto (> 60 dB).
2025-11-18T22:41:30Z,2025-11-18T22:41:30Z,safesleep-dev-01,Temperatura abaixo do recomendado para o bebê (< 20 ºC). | Umidade baixa – ambiente mais seco que o ideal (< 40%).
2025-11-18T22:41:33Z,2025-11-18T22:41:33Z,safesleep-dev-01,Nível de ruído elevado – possível choro ou barulho no quarto (> 60 dB).
2025-11-18T22:41:36Z,2025-11-18T22:41:36Z,safesleep-dev-01,Umidade alta – risco de mofo/desconforto (> 60%). | Bebê em posição de bruços (prono) – atenção ao risco de sufocamento.
2025-11-18T22:41:39Z,2025-11-18T22:41:39Z,safesleep-dev-01,Temperatura abaixo do recomendado para o bebê (< 20 ºC). | Umidade alta – risco de mofo/desconforto (> 60%). | Bebê em posição de bruços (prono) – atenção ao risco de sufocamento.
2025-11-18T22:41:42Z,2025-11-18T22:41:42Z,safesleep-dev-01,Temperatura acima do recomendado para o bebê (> 26 ºC).
2025-11-18T22:41:45Z,2025-11-18T22:41:45Z,safesleep-dev-01,Temperatura acima do recomendado para o bebê (> 26 ºC). | Bebê em posição de bruços (prono) – atenção ao risco de sufocamento.
2025-11-18T22:41:48Z,2025-11-18T22:41:48Z,safesleep-dev-01,Nível de ruído elevado – possível choro ou barulho no quarto (> 60 dB). | Bebê em posição de bruços (prono) – atenção ao risco de sufocamento.
2025-11-18T22:41:54Z,2025-11-18T22:41:54Z,safesleep-dev-01,Temperatura acima do recomendado para o bebê (> 26 ºC).
2025-11-18T22:41:57Z,2025-11-18T22:41:57Z,safesleep-dev-01,Temperatura acima do recomendado para o bebê (> 26 ºC). | Umidade baixa – ambiente mais seco que o ideal (< 40%).
2025-11-18T22:42:00Z,2025-11-18T22:42:00Z,safesleep-dev-01,Umidade baixa – ambiente mais seco que o ideal (< 40%). | Nível de ruído elevado – possível choro ou barulho no quarto (> 60 dB). | Bebê em posição de bruços (prono) – atenção ao risco de sufocamento.
2025-11-18T22:42:03Z,2025-11-18T22:42:03Z,safesleep-dev-01,Temperatura acima do recomendado para o bebê (> 26 ºC). | Umidade baixa – ambiente mais seco que o ideal (< 40%). | Bebê em posição de bruços (prono) – atenção ao risco de sufocamento.
2025-11-18T22:42:06Z,2025-11-18T22:42:06Z,safesleep-dev-01,Nível de ruído elevado – possível choro ou barulho no quarto (> 60 dB).
2025-11-18T22:42:09Z,2025-11-18T22:42:09Z,safesleep-dev-01,Umidade alta – risco de mofo/desconforto (> 60%). | Bebê em posição de bruços (prono) – atenção ao risco de sufocamento.
2025-11-18T22:42:12Z,2025-11-18T22:42:12Z,safesleep-dev-01,Nível de ruído elevado – possível choro ou barulho no quarto (> 60 dB).
2025-11-18T22:42:15Z,2025-11-18T22:42:15Z,safesleep-dev-01,Temperatura abaixo do recomendado para o bebê (< 20 ºC). | Nível de ruído elevado – possível choro ou barulho no quarto (> 60 dB).
2025-11-18T22:42:18Z,2025-11-18T22:42:18Z,safesleep-dev-01,Umidade baixa – ambiente mais seco que o ideal (< 40%). | Nível de ruído elevado – possível choro ou barulho no quarto (> 60 dB).
2025-11-18T22:42:21Z,2025-11-18T22:42:21Z,safesleep-dev-01,Umidade baixa – ambiente mais seco que o ideal (< 40%). | Nível de ruído elevado – possível choro ou barulho no quarto (> 60 dB). | Bebê em posição de bruços (prono) – atenção ao risco de sufocamento.
2025-11-18T22:42:24Z,2025-11-18T22:42:24Z,safesleep-dev-01,Temperatura acima do recomendado para o bebê (> 26 ºC). | Umidade baixa – ambiente mais seco que o ideal (< 40%). | Nível de ruído elevado – possível choro ou barulho no quarto (> 60 dB).
2025-11-18T22:42:27Z,2025-11-18T22:42:27Z,safesleep-dev-01,Umidade baixa – ambiente mais seco que o ideal (< 40%).
2025-11-18T22:42:30Z,2025-11-18T22:42:30Z,safesleep-dev-01,Temperatura acima do recomendado para o bebê (> 26 ºC). | Nível de ruído elevado – possível choro ou barulho no quarto (> 60 dB).
2025-11-18T22:42:33Z,2025-11-18T22:42:33Z,safesleep-dev-01,Temperatura acima do recomendado para o bebê (> 26 ºC). | Umidade baixa – ambiente mais seco que o ideal (< 40%). | Nível de ruído elevado – possível choro ou barulho no quarto (> 60 dB). | Bebê em posição de bruços (prono) – atenção ao risco de sufocamento.
2025-11-18T22:42:39Z,2025-11-18T22:42:39Z,safesleep-dev-01,Umidade baixa – ambiente mais seco que o ideal (< 40%). | Nível de ruído elevado – possível choro ou barulho no quarto (> 60 dB).
2025-11-18T22:42:46Z,2025-11-18T22:42:46Z,safesleep-dev-01,Temperatura abaixo do recomendado para o bebê (< 20 ºC).
2025-11-18T22:42:49Z,2025-11-18T22:42:49Z,safesleep-dev-01,Umidade alta – risco de mofo/desconforto (> 60%).
2025-11-18T22:43:01Z,2025-11-18T22:43:01Z,safesleep-dev-01,Umidade alta – risco de mofo/desconforto (> 60%).
2025-11-18T22:43:07Z,2025-11-18T22:43:07Z,safesleep-dev-01,Umidade baixa – ambiente mais seco que o ideal (< 40%).
2025-11-18T22:43:10Z,2025-11-18T22:43:10Z,safesleep-dev-01,Temperatura abaixo do recomendado para o bebê (< 20 ºC).
2025-11-18T22:43:13Z,2025-11-18T22:43:13Z,safesleep-dev-01,Temperatura abaixo do recomendado para o bebê (< 20 ºC). | Umidade alta – risco de mofo/desconforto (> 60%).
2025-11-18T22:43:16Z,2025-11-18T22:43:16Z,safesleep-dev-01,Temperatura acima do recomendado para o bebê (> 26 ºC). | Nível de ruído elevado – possível choro ou barulho no quarto (> 60 dB).
2025-11-18T22:43:22Z,2025-11-18T22:43:22Z,safesleep-dev-01,Umidade baixa – ambiente mais seco que o ideal (< 40%).
2025-11-18T22:43:25Z,2025-11-18T22:43:25Z,safesleep-dev-01,Temperatura acima do recomendado para o bebê (> 26 ºC). | Umidade alta – risco de mofo/desconforto (> 60%).
2025-11-18T22:43:28Z,2025-11-18T22:43:28Z,safesleep-dev-01,Temperatura acima do recomendado para o bebê (> 26 ºC).
2025-11-18T22:43:31Z,2025-11-18T22:43:31Z,safesleep-dev-01,Temperatura acima do recomendado para o bebê (> 26 ºC).
2025-11-18T22:43:34Z,2025-11-18T22:43:34Z,safesleep-dev-01,Temperatura acima do recomendado para o bebê (> 26 ºC). | Umidade alta – risco de mofo/desconforto (> 60%).
2025-11-18T22:43:37Z,2025-11-18T22:43:37Z,safesleep-dev-01,Bebê em posição de bruços (prono) – atenção ao risco de sufocamento.
2025-11-18T22:43:43Z,2025-11-18T22:43:43Z,safesleep-dev-01,Temperatura acima do recomendado para o bebê (> 26 ºC). | Nível de ruído elevado – possível choro ou barulho no quarto (> 60 dB).
2025-11-18T22:43:46Z,2025-11-18T22:43:46Z,safesleep-dev-01,Temperatura acima do recomendado para o bebê (> 26 ºC).
2025-11-18T22:43:49Z,2025-11-18T22:43:49Z,safesleep-dev-01,Temperatura acima do recomendado para o bebê (> 26 ºC).
2025-11-18T22:43:52Z,2025-11-18T22:43:52Z,safesleep-dev-01,Temperatura acima do recomendado para o bebê (> 26 ºC). | Nível de ruído elevado – possível choro ou barulho no quarto (> 60 dB).
2025-11-18T22:43:55Z,2025-11-18T22:43:55Z,safesleep-dev-01,Temperatura abaixo do recomendado para o bebê (< 20 ºC). | Umidade baixa – ambiente mais seco que o ideal (< 40%). | Bebê em posição de bruços (prono) – atenção ao risco de sufocamento.
2025-11-18T22:43:58Z,2025-11-18T22:43:58Z,safesleep-dev-01,Temperatura acima do recomendado para o bebê (> 26 ºC). | Nível de ruído elevado – possível choro ou barulho no quarto (> 60 dB).
2025-11-18T22:44:01Z,2025-11-18T22:44:01Z,safesleep-dev-01,Umidade baixa – ambiente mais seco que o ideal (< 40%). | Nível de ruído elevado – possível choro ou barulho no quarto (> 60 dB).
2025-11-18T22:44:04Z,2025-11-18T22:44:04Z,safesleep-dev-01,Temperatura acima do recomendado para o bebê (> 26 ºC). | Nível de ruído elevado – possível choro ou barulho no quarto (> 60 dB).
2025-11-18T22:44:10Z,2025-11-18T22:44:10Z,safesleep-dev-01,Temperatura abaixo do recomendado para o bebê (< 20 ºC).
2025-11-18T22:44:13Z,2025-11-18T22:44:13Z,safesleep-dev-01,Temperatura abaixo do recomendado para o bebê (< 20 ºC). | Umidade alta – risco de mofo/desconforto (> 60%). | Nível de ruído elevado – possível choro ou barulho no quarto (> 60 dB).
2025-11-18T22:44:16Z,2025-11-18T22:44:16Z,safesleep-dev-01,Temperatura acima do recomendado para o bebê (> 26 ºC). | Umidade baixa – ambiente mais seco que o ideal (< 40%).
2025-11-18T22:44:19Z,2025-11-18T22:44:19Z,safesleep-dev-01,Nível de ruído elevado – possível choro ou barulho no quarto (> 60 dB).
2025-11-18T22:44:22Z,2025-11-18T22:44:22Z,safesleep-dev-01,Umidade baixa – ambiente mais seco que o ideal (< 40%).
2025-11-18T22:44:25Z,2025-11-18T22:44:25Z,safesleep-dev-01,Temperatura acima do recomendado para o bebê (> 26 ºC).
2025-11-18T22:44:28Z,2025-11-18T22:44:28Z,safesleep-dev-01,Umidade baixa – ambiente mais seco que o ideal (< 40%).
2025-11-18T22:44:31Z,2025-11-18T22:44:31Z,safesleep-dev-01,Temperatura acima do recomendado para o bebê (> 26 ºC). | Umidade baixa – ambiente mais seco que o ideal (< 40%). | Nível de ruído elevado – possível choro ou barulho no quarto (> 60 dB).
2025-11-18T22:44:37Z,2025-11-18T22:44:37Z,safesleep-dev-01,Temperatura acima do recomendado para o bebê (> 26 ºC). | Bebê em posição de bruços (prono) – atenção ao risco de sufocamento.
2025-11-18T22:44:40Z,2025-11-18T22:44:40Z,safesleep-dev-01,Umidade alta – risco de mofo/desconforto (> 60%).
2025-11-18T22:44:43Z,2025-11-18T22:44:43Z,safesleep-dev-01,Umidade alta – risco de mofo/desconforto (> 60%). | Nível de ruído elevado – possível choro ou barulho no quarto (> 60 dB). | Bebê em posição de bruços (prono) – atenção ao risco de sufocamento.
2025-11-18T22:44:46Z,2025-11-18T22:44:46Z,safesleep-dev-01,Temperatura acima do recomendado para o bebê (> 26 ºC). | Umidade alta – risco de mofo/desconforto (> 60%).
2025-11-18T22:44:49Z,2025-11-18T22:44:49Z,safesleep-dev-01,Temperatura acima do recomendado para o bebê (> 26 ºC). | Nível de ruído elevado – possível choro ou barulho no quarto (> 60 dB).
2025-11-18T22:44:52Z,2025-11-18T22:44:52Z,safesleep-dev-01,Nível de ruído elevado – possível choro ou barulho no quarto (> 60 dB).
2025-11-18T22:44:58Z,2025-11-18T22:44:58Z,safesleep-dev-01,Umidade baixa – ambiente mais seco que o ideal (< 40%). | Nível de ruído elevado – possível choro ou barulho no quarto (> 60 dB). | Bebê em posição de bruços (prono) – atenção ao risco de sufocamento.
2025-11-18T22:45:01Z,2025-11-18T22:45:01Z,safesleep-dev-01,Umidade alta – risco de mofo/desconforto (> 60%). | Nível de ruído elevado – possível choro ou barulho no quarto (> 60 dB).
2025-11-18T22:45:04Z,2025-11-18T22:45:04Z,safesleep-dev-01,Temperatura abaixo do recomendado para o bebê (< 20 ºC). | Umidade baixa – ambiente mais seco que o ideal (< 40%).
2025-11-18T22:45:07Z,2025-11-18T22:45:07Z,safesleep-dev-01,Umidade baixa – ambiente mais seco que o ideal (< 40%).
2025-11-18T22:45:10Z,2025-11-18T22:45:10Z,safesleep-dev-01,Umidade alta – risco de mofo/desconforto (> 60%).
2025-11-18T22:45:19Z,2025-11-18T22:45:19Z,safesleep-dev-01,Temperatura acima do recomendado para o bebê (> 26 ºC).
2025-11-18T22:45:22Z,2025-11-18T22:45:22Z,safesleep-dev-01,Temperatura acima do recomendado para o bebê (> 26 ºC). | Umidade alta – risco de mofo/desconforto (> 60%).
2025-11-18T22:45:25Z,2025-11-18T22:45:25Z,safesleep-dev-01,Nível de ruído elevado – possível choro ou barulho no quarto (> 60 dB). | Bebê em posição de bruços (prono) – atenção ao risco de sufocamento.
2025-11-18T22:45:28Z,2025-11-18T22:45:28Z,safesleep-dev-01,Temperatura abaixo do recomendado para o bebê (< 20 ºC). | Umidade baixa – ambiente mais seco que o ideal (< 40%).
2025-11-18T22:45:31Z,2025-11-18T22:45:31Z,safesleep-dev-01,Temperatura acima do recomendado para o bebê (> 26 ºC). | Umidade baixa – ambiente mais seco que o ideal (< 40%).
2025-11-18T22:45:34Z,2025-11-18T22:45:34Z,safesleep-dev-01,Temperatura abaixo do recomendado para o bebê (< 20 ºC). | Nível de ruído elevado – possível choro ou barulho no quarto (> 60 dB).
2025-11-18T22:45:37Z,2025-11-18T22:45:37Z,safesleep-dev-01,Umidade alta – risco de mofo/desconforto (> 60%). | Bebê em posição de bruços (prono) – atenção ao risco de sufocamento.
2025-11-18T22:45:40Z,2025-11-18T22:45:40Z,safesleep-dev-01,Temperatura abaixo do recomendado para o bebê (< 20 ºC). | Umidade alta – risco de mofo/desconforto (> 60%). | Nível de ruído elevado – possível choro ou barulho no quarto (> 60 dB).
2025-11-18T22:45:43Z,2025-11-18T22:45:43Z,safesleep-dev-01,Umidade baixa – ambiente mais seco que o ideal (< 40%).
2025-11-18T22:45:46Z,2025-11-18T22:45:46Z,safesleep-dev-01,Temperatura acima do recomendado para o bebê (> 26 ºC). | Umidade alta – risco de mofo/desconforto (> 60%). | Nível de ruído elevado – possível choro ou barulho no quarto (> 60 dB).
2025-11-18T22:45:49Z,2025-11-18T22:45:49Z,safesleep-dev-01,Temperatura abaixo do recomendado para o bebê (< 20 ºC). | Umidade baixa – ambiente mais seco que o ideal (< 40%). | Bebê em posição de bruços (prono) – atenção ao risco de sufocamento.
2025-11-18T22:45:52Z,2025-11-18T22:45:52Z,safesleep-dev-01,Temperatura abaixo do recomendado para o bebê (< 20 ºC). | Umidade baixa – ambiente mais seco que o ideal (< 40%). | Nível de ruído elevado – possível choro ou barulho no quarto (> 60 dB).
2025-11-18T22:45:55Z,2025-11-18T22:45:55Z,safesleep-dev-01,Temperatura acima do recomendado para o bebê (> 26 ºC).
2025-11-18T22:45:58Z,2025-11-18T22:45:58Z,safesleep-dev-01,Umidade baixa – ambiente mais seco que o ideal (< 40%). | Nível de ruído elevado – possível choro ou barulho no quarto (> 60 dB).
2025-11-18T22:46:01Z,2025-11-18T22:46:01Z,safesleep-dev-01,Temperatura acima do recomendado para o bebê (> 26 ºC). | Umidade alta – risco de mofo/desconforto (> 60%). | Nível de ruído elevado – possível choro ou barulho no quarto (> 60 dB).
2025-11-18T22:46:04Z,2025-11-18T22:46:04Z,safesleep-dev-01,Umidade baixa – ambiente mais seco que o ideal (< 40%).
2025-11-18T22:46:07Z,2025-11-18T22:46:07Z,safesleep-dev-01,Temperatura abaixo do recomendado para o bebê (< 20 ºC). | Umidade alta – risco de mofo/desconforto (> 60%). | Nível de ruído elevado – possível choro ou barulho no quarto (> 60 dB). | Bebê em posição de bruços (prono) – atenção ao risco de sufocamento.
2025-11-18T22:46:10Z,2025-11-18T22:46:10Z,safesleep-dev-01,Temperatura acima do recomendado para o bebê (> 26 ºC). | Bebê em posição de bruços (prono) – atenção ao risco de sufocamento.
2025-11-18T22:46:13Z,2025-11-18T22:46:13Z,safesleep-dev-01,Temperatura abaixo do recomendado para o bebê (< 20 ºC). | Nível de ruído elevado – possível choro ou barulho no quarto (> 60 dB).
2025-11-18T22:46:16Z,2025-11-18T22:46:16Z,safesleep-dev-01,Umidade alta – risco de mofo/desconforto (> 60%). | Nível de ruído elevado – possível choro ou barulho no quarto (> 60 dB).
2025-11-18T22:46:19Z,2025-11-18T22:46:19Z,safesleep-dev-01,Nível de ruído elevado – possível choro ou barulho no quarto (> 60 dB).
2025-11-18T22:46:22Z,2025-11-18T22:46:22Z,safesleep-dev-01,Temperatura abaixo do recomendado para o bebê (< 20 ºC). | Umidade alta – risco de mofo/desconforto (> 60%).
2025-11-18T22:46:28Z,2025-11-18T22:46:28Z,safesleep-dev-01,Umidade alta – risco de mofo/desconforto (> 60%).
2025-11-18T22:46:34Z,2025-11-18T22:46:34Z,safesleep-dev-01,Temperatura abaixo do recomendado para o bebê (< 20 ºC). | Nível de ruído elevado – possível choro ou barulho no quarto (> 60 dB).
2025-11-18T22:46:37Z,2025-11-18T22:46:37Z,safesleep-dev-01,Umidade baixa – ambiente mais seco que o ideal (< 40%). | Nível de ruído elevado – possível choro ou barulho no quarto (> 60 dB).
2025-11-18T22:46:40Z,2025-11-18T22:46:40Z,safesleep-dev-01,Umidade alta – risco de mofo/desconforto (> 60%).
2025-11-18T22:46:43Z,2025-11-18T22:46:43Z,safesleep-dev-01,Temperatura abaixo do recomendado para o bebê (< 20 ºC).
2025-11-18T22:46:46Z,2025-11-18T22:46:46Z,safesleep-dev-01,Temperatura abaixo do recomendado para o bebê (< 20 ºC). | Umidade alta – risco de mofo/desconforto (> 60%).
2025-11-18T22:46:49Z,2025-11-18T22:46:49Z,safesleep-dev-01,Temperatura acima do recomendado para o bebê (> 26 ºC). | Umidade baixa – ambiente mais seco que o ideal (< 40%).
2025-11-18T22:46:52Z,2025-11-18T22:46:52Z,safesleep-dev-01,Temperatura acima do recomendado para o bebê (> 26 ºC). | Bebê em posição de bruços (prono) – atenção ao risco de sufocamento.
2025-11-18T22:46:55Z,2025-11-18T22:46:55Z,safesleep-dev-01,Bebê em posição de bruços (prono) – atenção ao risco de sufocamento.
2025-11-18T22:46:58Z,2025-11-18T22:46:58Z,safesleep-dev-01,Temperatura acima do recomendado para o bebê (> 26 ºC). | Umidade baixa – ambiente mais seco que o ideal (< 40%). | Nível de ruído elevado – possível choro ou barulho no quarto (> 60 dB).
2025-11-18T22:47:01Z,2025-11-18T22:47:01Z,safesleep-dev-01,Nível de ruído elevado – possível choro ou barulho no quarto (> 60 dB).
2025-11-18T22:47:04Z,2025-11-18T22:47:04Z,safesleep-dev-01,Temperatura abaixo do recomendado para o bebê (< 20 ºC). | Umidade baixa – ambiente mais seco que o ideal (< 40%). | Nível de ruído elevado – possível choro ou barulho no quarto (> 60 dB).
2025-11-18T22:47:10Z,2025-11-18T22:47:10Z,safesleep-dev-01,Temperatura abaixo do recomendado para o bebê (< 20 ºC). | Umidade baixa – ambiente mais seco que o ideal (< 40%). | Bebê em posição de bruços (prono) – atenção ao risco de sufocamento.
2025-11-18T22:47:13Z,2025-11-18T22:47:13Z,safesleep-dev-01,Temperatura abaixo do recomendado para o bebê (< 20 ºC). | Umidade baixa – ambiente mais seco que o ideal (< 40%).
2025-11-18T22:47:16Z,2025-11-18T22:47:16Z,safesleep-dev-01,Temperatura acima do recomendado para o bebê (> 26 ºC). | Umidade baixa – ambiente mais seco que o ideal (< 40%). | Bebê em posição de bruços (prono) – atenção ao risco de sufocamento.
2025-11-18T22:47:19Z,2025-11-18T22:47:19Z,safesleep-dev-01,Umidade alta – risco de mofo/desconforto (> 60%). | Nível de ruído elevado – possível choro ou barulho no quarto (> 60 dB).
2025-11-18T22:47:22Z,2025-11-18T22:47:22Z,safesleep-dev-01,Temperatura abaixo do recomendado para o bebê (< 20 ºC).
2025-11-18T22:47:25Z,2025-11-18T22:47:25Z,safesleep-dev-01,Temperatura acima do recomendado para o bebê (> 26 ºC). | Umidade alta – risco de mofo/desconforto (> 60%). | Nível de ruído elevado – possível choro ou barulho no quarto (> 60 dB).
2025-11-18T22:47:31Z,2025-11-18T22:47:31Z,safesleep-dev-01,Temperatura acima do recomendado para o bebê (> 26 ºC). | Umidade alta – risco de mofo/desconforto (> 60%). | Bebê em posição de bruços (prono) – atenção ao risco de sufocamento.
2025-11-18T22:47:34Z,2025-11-18T22:47:34Z,safesleep-dev-01,Temperatura acima do recomendado para o bebê (> 26 ºC). | Umidade alta – risco de mofo/desconforto (> 60%). | Nível de ruído elevado – possível choro ou barulho no quarto (> 60 dB).
2025-11-18T22:47:37Z,2025-11-18T22:47:37Z,safesleep-dev-01,Nível de ruído elevado – possível choro ou barulho no quarto (> 60 dB).
2025-11-18T22:47:40Z,2025-11-18T22:47:40Z,safesleep-dev-01,Umidade baixa – ambiente mais seco que o ideal (< 40%). | Bebê em posição de bruços (prono) – atenção ao risco de sufocamento.
2025-11-18T22:47:43Z,2025-11-18T22:47:43Z,safesleep-dev-01,Temperatura acima do recomendado para o bebê (> 26 ºC). | Umidade alta – risco de mofo/desconforto (> 60%). | Bebê em posição de bruços (prono) – atenção ao risco de sufocamento.
2025-11-18T22:47:46Z,2025-11-18T22:47:46Z,safesleep-dev-01,Umidade baixa – ambiente mais seco que o ideal (< 40%). | Nível de ruído elevado – possível choro ou barulho no quarto (> 60 dB).
2025-11-18T22:47:49Z,2025-11-18T22:47:49Z,safesleep-dev-01,Temperatura abaixo do recomendado para o bebê (< 20 ºC). | Nível de ruído elevado – possível choro ou barulho no quarto (> 60 dB).
2025-11-18T22:47:55Z,2025-11-18T22:47:55Z,safesleep-dev-01,Temperatura abaixo do recomendado para o bebê (< 20 ºC). | Umidade alta – risco de mofo/desconforto (> 60%). | Nível de ruído elevado – possível choro ou barulho no quarto (> 60 dB).
2025-11-18T22:47:58Z,2025-11-18T22:47:58Z,safesleep-dev-01,Umidade alta – risco de mofo/desconforto (> 60%). | Nível de ruído elevado – possível choro ou barulho no quarto (> 60 dB).
2025-11-18T22:48:01Z,2025-11-18T22:48:01Z,safesleep-dev-01,Bebê em posição de bruços (prono) – atenção ao risco de sufocamento.
2025-11-18T22:48:04Z,2025-11-18T22:48:04Z,safesleep-dev-01,Umidade baixa – ambiente mais seco que o ideal (< 40%). | Nível de ruído elevado – possível choro ou barulho no quarto (> 60 dB).
2025-11-18T22:48:07Z,2025-11-18T22:48:07Z,safesleep-dev-01,Temperatura acima do recomendado para o bebê (> 26 ºC).
2025-11-18T22:48:10Z,2025-11-18T22:48:10Z,safesleep-dev-01,Temperatura acima do recomendado para o bebê (> 26 ºC). | Nível de ruído elevado – possível choro ou barulho no quarto (> 60 dB).
2025-11-18T22:48:13Z,2025-11-18T22:48:13Z,safesleep-dev-01,Temperatura abaixo do recomendado para o bebê (< 20 ºC). | Nível de ruído elevado – possível choro ou barulho no quarto (> 60 dB).
2025-11-18T22:48:16Z,2025-11-18T22:48:16Z,safesleep-dev-01,Nível de ruído elevado – possível choro ou barulho no quarto (> 60 dB). | Bebê em posição de bruços (prono) – atenção ao risco de sufocamento.
2025-11-18T22:48:22Z,2025-11-18T22:48:22Z,safesleep-dev-01,Temperatura acima do recomendado para o bebê (> 26 ºC). | Bebê em posição de bruços (prono) – atenção ao risco de sufocamento.
2025-11-18T22:48:25Z,2025-11-18T22:48:25Z,safesleep-dev-01,Umidade alta – risco de mofo/desconforto (> 60%).
2025-11-18T22:48:28Z,2025-11-18T22:48:28Z,safesleep-dev-01,Umidade alta – risco de mofo/desconforto (> 60%).
2025-11-18T22:48:31Z,2025-11-18T22:48:31Z,safesleep-dev-01,Temperatura acima do recomendado para o bebê (> 26 ºC). | Umidade baixa – ambiente mais seco que o ideal (< 40%).
2025-11-18T22:48:37Z,2025-11-18T22:48:37Z,safesleep-dev-01,Temperatura abaixo do recomendado para o bebê (< 20 ºC).
2025-11-18T22:48:40Z,2025-11-18T22:48:40Z,safesleep-dev-01,Umidade alta – risco de mofo/desconforto (> 60%). | Nível de ruído elevado – possível choro ou barulho no quarto (> 60 dB). | Bebê em posição de bruços (prono) – atenção ao risco de sufocamento.
2025-11-18T22:48:43Z,2025-11-18T22:48:43Z,safesleep-dev-01,Temperatura acima do recomendado para o bebê (> 26 ºC). | Umidade alta – risco de mofo/desconforto (> 60%).
2025-11-18T22:48:49Z,2025-11-18T22:48:49Z,safesleep-dev-01,Temperatura abaixo do recomendado para o bebê (< 20 ºC). | Umidade alta – risco de mofo/desconforto (> 60%). | Bebê em posição de bruços (prono) – atenção ao risco de sufocamento.
2025-11-18T22:48:55Z,2025-11-18T22:48:55Z,safesleep-dev-01,Temperatura acima do recomendado para o bebê (> 26 ºC). | Umidade alta – risco de mofo/desconforto (> 60%). | Bebê em posição de bruços (prono) – atenção ao risco de sufocamento.
2025-11-18T22:48:58Z,2025-11-18T22:48:58Z,safesleep-dev-01,Temperatura acima do recomendado para o bebê (> 26 ºC).
2025-11-18T22:49:01Z,2025-11-18T22:49:01Z,safesleep-dev-01,Temperatura acima do recomendado para o bebê (> 26 ºC). | Nível de ruído elevado – possível choro ou barulho no quarto (> 60 dB).
2025-11-18T22:49:04Z,2025-11-18T22:49:04Z,safesleep-dev-01,Temperatura abaixo do recomendado para o bebê (< 20 ºC). | Nível de ruído elevado – possível choro ou barulho no quarto (> 60 dB).
2025-11-18T22:49:07Z,2025-11-18T22:49:07Z,safesleep-dev-01,Umidade baixa – ambiente mais seco que o ideal (< 40%). | Nível de ruído elevado – possível choro ou barulho no quarto (> 60 dB).
2025-11-18T22:49:10Z,2025-11-18T22:49:10Z,safesleep-dev-01,Temperatura abaixo do recomendado para o bebê (< 20 ºC). | Umidade alta – risco de mofo/desconforto (> 60%). | Nível de ruído elevado – possível choro ou barulho no quarto (> 60 dB).
2025-11-18T22:49:13Z,2025-11-18T22:49:13Z,safesleep-dev-01,Umidade baixa – ambiente mais seco que o ideal (< 40%).
2025-11-18T22:49:16Z,2025-11-18T22:49:16Z,safesleep-dev-01,Temperatura abaixo do recomendado para o bebê (< 20 ºC). | Umidade alta – risco de mofo/desconforto (> 60%).
2025-11-18T22:49:19Z,2025-11-18T22:49:19Z,safesleep-dev-01,Temperatura abaixo do recomendado para o bebê (< 20 ºC). | Nível de ruído elevado – possível choro ou barulho no quarto (> 60 dB).
2025-11-18T22:49:22Z,2025-11-18T22:49:22Z,safesleep-dev-01,Temperatura abaixo do recomendado para o bebê (< 20 ºC).
2025-11-18T22:49:25Z,2025-11-18T22:49:25Z,safesleep-dev-01,Temperatura acima do recomendado para o bebê (> 26 ºC). | Umidade alta – risco de mofo/desconforto (> 60%). | Nível de ruído elevado – possível choro ou barulho no quarto (> 60 dB).
2025-11-18T22:49:28Z,2025-11-18T22:49:28Z,safesleep-dev-01,Umidade baixa – ambiente mais seco que o ideal (< 40%). | Nível de ruído elevado – possível choro ou barulho no quarto (> 60 dB). | Bebê em posição de bruços (prono) – atenção ao risco de sufocamento.
2025-11-18T22:49:31Z,2025-11-18T22:49:31Z,safesleep-dev-01,Temperatura acima do recomendado para o bebê (> 26 ºC). | Nível de ruído elevado – possível choro ou barulho no quarto (> 60 dB).
2025-11-18T22:49:34Z,2025-11-18T22:49:34Z,safesleep-dev-01,Umidade baixa – ambiente mais seco que o ideal (< 40%).
2025-11-18T22:49:37Z,2025-11-18T22:49:37Z,safesleep-dev-01,Umidade baixa – ambiente mais seco que o ideal (< 40%).
2025-11-18T22:49:40Z,2025-11-18T22:49:40Z,safesleep-dev-01,Temperatura abaixo do recomendado para o bebê (< 20 ºC). | Umidade baixa – ambiente mais seco que o ideal (< 40%).
2025-11-18T22:49:43Z,2025-11-18T22:49:43Z,safesleep-dev-01,Umidade alta – risco de mofo/desconforto (> 60%). | Nível de ruído elevado – possível choro ou barulho no quarto (> 60 dB).
2025-11-18T22:49:46Z,2025-11-18T22:49:46Z,safesleep-dev-01,Umidade baixa – ambiente mais seco que o ideal (< 40%). | Nível de ruído elevado – possível choro ou barulho no quarto (> 60 dB).
2025-11-18T22:49:49Z,2025-11-18T22:49:49Z,safesleep-dev-01,Nível de ruído elevado – possível choro ou barulho no quarto (> 60 dB).
2025-11-18T22:49:52Z,2025-11-18T22:49:52Z,safesleep-dev-01,Temperatura acima do recomendado para o bebê (> 26 ºC). | Umidade alta – risco de mofo/desconforto (> 60%).
2025-11-18T22:49:55Z,2025-11-18T22:49:55Z,safesleep-dev-01,Temperatura acima do recomendado para o bebê (> 26 ºC). | Umidade alta – risco de mofo/desconforto (> 60%).
2025-11-18T22:49:58Z,2025-11-18T22:49:58Z,safesleep-dev-01,Temperatura acima do recomendado para o bebê (> 26 ºC). | Umidade baixa – ambiente mais seco que o ideal (< 40%).
2025-11-18T22:50:04Z,2025-11-18T22:50:04Z,safesleep-dev-01,Temperatura abaixo do recomendado para o bebê (< 20 ºC). | Umidade alta – risco de mofo/desconforto (> 60%). | Nível de ruído elevado – possível choro ou barulho no quarto (> 60 dB).
2025-11-18T22:50:07Z,2025-11-18T22:50:07Z,safesleep-dev-01,Temperatura acima do recomendado para o bebê (> 26 ºC). | Umidade baixa – ambiente mais seco que o ideal (< 40%). | Nível de ruído elevado – possível choro ou barulho no quarto (> 60 dB).
2025-11-18T22:50:10Z,2025-11-18T22:50:10Z,safesleep-dev-01,Temperatura acima do recomendado para o bebê (> 26 ºC). | Umidade alta – risco de mofo/desconforto (> 60%). | Bebê em posição de bruços (prono) – atenção ao risco de sufocamento.
2025-11-18T22:50:13Z,2025-11-18T22:50:13Z,safesleep-dev-01,Umidade baixa – ambiente mais seco que o ideal (< 40%). | Bebê em posição de bruços (prono) – atenção ao risco de sufocamento.
2025-11-18T22:50:19Z,2025-11-18T22:50:19Z,safesleep-dev-01,Temperatura acima do recomendado para o bebê (> 26 ºC).
2025-11-18T22:50:22Z,2025-11-18T22:50:22Z,safesleep-dev-01,Temperatura acima do recomendado para o bebê (> 26 ºC). | Umidade baixa – ambiente mais seco que o ideal (< 40%).
2025-11-18T22:50:28Z,2025-11-18T22:50:28Z,safesleep-dev-01,Temperatura acima do recomendado para o bebê (> 26 ºC). | Umidade alta – risco de mofo/desconforto (> 60%). | Bebê em posição de bruços (prono) – atenção ao risco de sufocamento.
2025-11-18T22:50:31Z,2025-11-18T22:50:31Z,safesleep-dev-01,Umidade baixa – ambiente mais seco que o ideal (< 40%). | Nível de ruído elevado – possível choro ou barulho no quarto (> 60 dB).
2025-11-18T22:50:34Z,2025-11-18T22:50:34Z,safesleep-dev-01,Temperatura abaixo do recomendado para o bebê (< 20 ºC).
2025-11-18T22:50:37Z,2025-11-18T22:50:37Z,safesleep-dev-01,Temperatura acima do recomendado para o bebê (> 26 ºC). | Umidade alta – risco de mofo/desconforto (> 60%). | Nível de ruído elevado – possível choro ou barulho no quarto (> 60 dB).
2025-11-18T22:50:40Z,2025-11-18T22:50:40Z,safesleep-dev-01,Temperatura acima do recomendado para o bebê (> 26 ºC). | Umidade alta – risco de mofo/desconforto (> 60%). | Nível de ruído elevado – possível choro ou barulho no quarto (> 60 dB).
2025-11-18T22:50:43Z,2025-11-18T22:50:43Z,safesleep-dev-01,Temperatura acima do recomendado para o bebê (> 26 ºC). | Nível de ruído elevado – possível choro ou barulho no quarto (> 60 dB).
2025-11-18T22:50:46Z,2025-11-18T22:50:46Z,safesleep-dev-01,Temperatura acima do recomendado para o bebê (> 26 ºC). | Umidade alta – risco de mofo/desconforto (> 60%).
2025-11-18T22:50:49Z,2025-11-18T22:50:49Z,safesleep-dev-01,Temperatura abaixo do recomendado para o bebê (< 20 ºC). | Umidade alta – risco de mofo/desconforto (> 60%). | Nível de ruído elevado – possível choro ou barulho no quarto (> 60 dB).
2025-11-18T22:50:52Z,2025-11-18T22:50:52Z,safesleep-dev-01,Temperatura acima do recomendado para o bebê (> 26 ºC). | Umidade baixa – ambiente mais seco que o ideal (< 40%). | Nível de ruído elevado – possível choro ou barulho no quarto (> 60 dB).
2025-11-18T22:50:55Z,2025-11-18T22:50:55Z,safesleep-dev-01,Nível de ruído elevado – possível choro ou barulho no quarto (> 60 dB). | Bebê em posição de bruços (prono) – atenção ao risco de sufocamento.
2025-11-18T22:50:58Z,2025-11-18T22:50:58Z,safesleep-dev-01,Temperatura acima do recomendado para o bebê (> 26 ºC). | Nível de ruído elevado – possível choro ou barulho no quarto (> 60 dB).
2025-11-18T22:51:07Z,2025-11-18T22:51:07Z,safesleep-dev-01,Umidade baixa – ambiente mais seco que o ideal (< 40%).
2025-11-18T22:51:10Z,2025-11-18T22:51:10Z,safesleep-dev-01,Temperatura abaixo do recomendado para o bebê (< 20 ºC). | Nível de ruído elevado – possível choro ou barulho no quarto (> 60 dB).
2025-11-18T22:51:16Z,2025-11-18T22:51:16Z,safesleep-dev-01,Nível de ruído elevado – possível choro ou barulho no quarto (> 60 dB).
2025-11-18T22:51:19Z,2025-11-18T22:51:19Z,safesleep-dev-01,Temperatura acima do recomendado para o bebê (> 26 ºC).
2025-11-18T22:51:22Z,2025-11-18T22:51:22Z,safesleep-dev-01,Temperatura abaixo do recomendado para o bebê (< 20 ºC). | Umidade alta – risco de mofo/desconforto (> 60%). | Nível de ruído elevado – possível choro ou barulho no quarto (> 60 dB).
2025-11-18T22:51:25Z,2025-11-18T22:51:25Z,safesleep-dev-01,Umidade baixa – ambiente mais seco que o ideal (< 40%). | Bebê em posição de bruços (prono) – atenção ao risco de sufocamento.
2025-11-18T22:51:28Z,2025-11-18T22:51:28Z,safesleep-dev-01,Umidade alta – risco de mofo/desconforto (> 60%).
2025-11-18T22:51:31Z,2025-11-18T22:51:31Z,safesleep-dev-01,Temperatura abaixo do recomendado para o bebê (< 20 ºC). | Umidade baixa – ambiente mais seco que o ideal (< 40%). | Nível de ruído elevado – possível choro ou barulho no quarto (> 60 dB).
2025-11-18T22:51:34Z,2025-11-18T22:51:34Z,safesleep-dev-01,Bebê em posição de bruços (prono) – atenção ao risco de sufocamento.
2025-11-18T22:51:37Z,2025-11-18T22:51:37Z,safesleep-dev-01,Temperatura acima do recomendado para o bebê (> 26 ºC). | Nível de ruído elevado – possível choro ou barulho no quarto (> 60 dB).
2025-11-18T22:51:40Z,2025-11-18T22:51:40Z,safesleep-dev-01,Umidade alta – risco de mofo/desconforto (> 60%). | Nível de ruído elevado – possível choro ou barulho no quarto (> 60 dB).
2025-11-18T22:51:43Z,2025-11-18T22:51:43Z,safesleep-dev-01,Nível de ruído elevado – possível choro ou barulho no quarto (> 60 dB).
2025-11-18T22:51:46Z,2025-11-18T22:51:46Z,safesleep-dev-01,Nível de ruído elevado – possível choro ou barulho no quarto (> 60 dB).
2025-11-18T22:51:49Z,2025-11-18T22:51:49Z,safesleep-dev-01,Temperatura abaixo do recomendado para o bebê (< 20 ºC).
2025-11-18T22:51:52Z,2025-11-18T22:51:52Z,safesleep-dev-01,Temperatura acima do recomendado para o bebê (> 26 ºC).
2025-11-18T22:51:55Z,2025-11-18T22:51:55Z,safesleep-dev-01,Temperatura acima do recomendado para o bebê (> 26 ºC). | Umidade alta – risco de mofo/desconforto (> 60%). | Bebê em posição de bruços (prono) – atenção ao risco de sufocamento.
2025-11-18T22:51:58Z,2025-11-18T22:51:58Z,safesleep-dev-01,Umidade baixa – ambiente mais seco que o ideal (< 40%). | Nível de ruído elevado – possível choro ou barulho no quarto (> 60 dB). | Bebê em posição de bruços (prono) – atenção ao risco de sufocamento.
2025-11-18T22:52:01Z,2025-11-18T22:52:01Z,safesleep-dev-01,Temperatura acima do recomendado para o bebê (> 26 ºC). | Umidade baixa – ambiente mais seco que o ideal (< 40%).
2025-11-18T22:52:04Z,2025-11-18T22:52:04Z,safesleep-dev-01,Temperatura acima do recomendado para o bebê (> 26 ºC). | Umidade baixa – ambiente mais seco que o ideal (< 40%). | Bebê em posição de bruços (prono) – atenção ao risco de sufocamento.
2025-11-18T22:52:10Z,2025-11-18T22:52:10Z,safesleep-dev-01,Temperatura acima do recomendado para o bebê (> 26 ºC). | Nível de ruído elevado – possível choro ou barulho no quarto (> 60 dB).
2025-11-18T22:52:13Z,2025-11-18T22:52:13Z,safesleep-dev-01,Temperatura acima do recomendado para o bebê (> 26 ºC). | Umidade baixa – ambiente mais seco que o ideal (< 40%). | Bebê em posição de bruços (prono) – atenção ao risco de sufocamento.
2025-11-18T22:52:16Z,2025-11-18T22:52:16Z,safesleep-dev-01,Umidade alta – risco de mofo/desconforto (> 60%).
2025-11-18T22:52:19Z,2025-11-18T22:52:19Z,safesleep-dev-01,Umidade baixa – ambiente mais seco que o ideal (< 40%).
2025-11-18T22:52:22Z,2025-11-18T22:52:22Z,safesleep-dev-01,Nível de ruído elevado – possível choro ou barulho no quarto (> 60 dB). | Bebê em posição de bruços (prono) – atenção ao risco de sufocamento.
2025-11-18T22:52:25Z,2025-11-18T22:52:25Z,safesleep-dev-01,Temperatura acima do recomendado para o bebê (> 26 ºC).
2025-11-18T22:52:28Z,2025-11-18T22:52:28Z,safesleep-dev-01,Temperatura acima do recomendado para o bebê (> 26 ºC). | Umidade baixa – ambiente mais seco que o ideal (< 40%).
2025-11-18T22:52:31Z,2025-11-18T22:52:31Z,safesleep-dev-01,Umidade alta – risco de mofo/desconforto (> 60%). | Nível de ruído elevado – possível choro ou barulho no quarto (> 60 dB).
2025-11-18T22:52:34Z,2025-11-18T22:52:34Z,safesleep-dev-01,Nível de ruído elevado – possível choro ou barulho no quarto (> 60 dB).
2025-11-18T22:52:37Z,2025-11-18T22:52:37Z,safesleep-dev-01,Temperatura acima do recomendado para o bebê (> 26 ºC). | Umidade alta – risco de mofo/desconforto (> 60%). | Bebê em posição de bruços (prono) – atenção ao risco de sufocamento.
2025-11-18T22:52:40Z,2025-11-18T22:52:40Z,safesleep-dev-01,Temperatura abaixo do recomendado para o bebê (< 20 ºC). | Umidade baixa – ambiente mais seco que o ideal (< 40%).
2025-11-18T22:52:43Z,2025-11-18T22:52:43Z,safesleep-dev-01,Nível de ruído elevado – possível choro ou barulho no quarto (> 60 dB).
2025-11-18T22:52:46Z,2025-11-18T22:52:46Z,safesleep-dev-01,Temperatura acima do recomendado para o bebê (> 26 ºC). | Nível de ruído elevado – possível choro ou barulho no quarto (> 60 dB).
2025-11-18T22:52:49Z,2025-11-18T22:52:49Z,safesleep-dev-01,Umidade baixa – ambiente mais seco que o ideal (< 40%). | Nível de ruído elevado – possível choro ou barulho no quarto (> 60 dB).
2025-11-18T22:52:52Z,2025-11-18T22:52:52Z,safesleep-dev-01,Temperatura acima do recomendado para o bebê (> 26 ºC). | Umidade baixa – ambiente mais seco que o ideal (< 40%). | Nível de ruído elevado – possível choro ou barulho no quarto (> 60 dB).
2025-11-18T22:52:55Z,2025-11-18T22:52:55Z,safesleep-dev-01,Temperatura acima do recomendado para o bebê (> 26 ºC). | Nível de ruído elevado – possível choro ou barulho no quarto (> 60 dB).
2025-11-18T22:52:58Z,2025-11-18T22:52:58Z,safesleep-dev-01,Temperatura acima do recomendado para o bebê (> 26 ºC). | Umidade baixa – ambiente mais seco que o ideal (< 40%). | Nível de ruído elevado – possível choro ou barulho no quarto (> 60 dB).
2025-11-18T22:53:01Z,2025-11-18T22:53:01Z,safesleep-dev-01,Temperatura acima do recomendado para o bebê (> 26 ºC). | Umidade baixa – ambiente mais seco que o ideal (< 40%).
2025-11-18T22:53:04Z,2025-11-18T22:53:04Z,safesleep-dev-01,Temperatura abaixo do recomendado para o bebê (< 20 ºC). | Nível de ruído elevado – possível choro ou barulho no quarto (> 60 dB). | Bebê em posição de bruços (prono) – atenção ao risco de sufocamento.
2025-11-18T22:53:07Z,2025-11-18T22:53:07Z,safesleep-dev-01,Temperatura acima do recomendado para o bebê (> 26 ºC). | Umidade alta – risco de mofo/desconforto (> 60%).
2025-11-18T22:53:10Z,2025-11-18T22:53:10Z,safesleep-dev-01,Temperatura abaixo do recomendado para o bebê (< 20 ºC). | Umidade baixa – ambiente mais seco que o ideal (< 40%). | Bebê em posição de bruços (prono) – atenção ao risco de sufocamento.
2025-11-18T22:53:16Z,2025-11-18T22:53:16Z,safesleep-dev-01,Temperatura acima do recomendado para o bebê (> 26 ºC). | Umidade alta – risco de mofo/desconforto (> 60%).
2025-11-18T22:53:19Z,2025-11-18T22:53:19Z,safesleep-dev-01,Umidade baixa – ambiente mais seco que o ideal (< 40%). | Nível de ruído elevado – possível choro ou barulho no quarto (> 60 dB).
2025-11-18T22:53:22Z,2025-11-18T22:53:22Z,safesleep-dev-01,Temperatura acima do recomendado para o bebê (> 26 ºC). | Nível de ruído elevado – possível choro ou barulho no quarto (> 60 dB).
2025-11-18T22:53:25Z,2025-11-18T22:53:25Z,safesleep-dev-01,Temperatura acima do recomendado para o bebê (> 26 ºC). | Umidade alta – risco de mofo/desconforto (> 60%).
2025-11-18T22:53:28Z,2025-11-18T22:53:28Z,safesleep-dev-01,Umidade alta – risco de mofo/desconforto (> 60%).
2025-11-18T22:53:31Z,2025-11-18T22:53:31Z,safesleep-dev-01,Temperatura abaixo do recomendado para o bebê (< 20 ºC). | Umidade baixa – ambiente mais seco que o ideal (< 40%). | Nível de ruído elevado – possível choro ou barulho no quarto (> 60 dB).
2025-11-18T22:53:40Z,2025-11-18T22:53:40Z,safesleep-dev-01,Temperatura acima do recomendado para o bebê (> 26 ºC).
2025-11-18T22:53:43Z,2025-11-18T22:53:43Z,safesleep-dev-01,Nível de ruído elevado – possível choro ou barulho no quarto (> 60 dB).
2025-11-18T22:53:46Z,2025-11-18T22:53:46Z,safesleep-dev-01,Temperatura acima do recomendado para o bebê (> 26 ºC). | Nível de ruído elevado – possível choro ou barulho no quarto (> 60 dB).
2025-11-18T22:53:49Z,2025-11-18T22:53:49Z,safesleep-dev-01,Temperatura abaixo do recomendado para o bebê (< 20 ºC). | Umidade alta – risco de mofo/desconforto (> 60%). | Nível de ruído elevado – possível choro ou barulho no quarto (> 60 dB).
2025-11-18T22:53:55Z,2025-11-18T22:53:55Z,safesleep-dev-01,Nível de ruído elevado – possível choro ou barulho no quarto (> 60 dB).
2025-11-18T22:53:58Z,2025-11-18T22:53:58Z,safesleep-dev-01,Umidade baixa – ambiente mais seco que o ideal (< 40%). | Nível de ruído elevado – possível choro ou barulho no quarto (> 60 dB).
2025-11-18T22:54:01Z,2025-11-18T22:54:01Z,safesleep-dev-01,Temperatura abaixo do recomendado para o bebê (< 20 ºC). | Umidade alta – risco de mofo/desconforto (> 60%). | Nível de ruído elevado – possível choro ou barulho no quarto (> 60 dB).
2025-11-18T22:54:04Z,2025-11-18T22:54:04Z,safesleep-dev-01,Temperatura abaixo do recomendado para o bebê (< 20 ºC). | Umidade baixa – ambiente mais seco que o ideal (< 40%). | Nível de ruído elevado – possível choro ou barulho no quarto (> 60 dB). | Bebê em posição de bruços (prono) – atenção ao risco de sufocamento.
2025-11-18T22:54:07Z,2025-11-18T22:54:07Z,safesleep-dev-01,Nível de ruído elevado – possível choro ou barulho no quarto (> 60 dB). | Bebê em posição de bruços (prono) – atenção ao risco de sufocamento.
2025-11-18T22:54:10Z,2025-11-18T22:54:10Z,safesleep-dev-01,Umidade baixa – ambiente mais seco que o ideal (< 40%). | Nível de ruído elevado – possível choro ou barulho no quarto (> 60 dB).
2025-11-18T22:54:13Z,2025-11-18T22:54:13Z,safesleep-dev-01,Umidade alta – risco de mofo/desconforto (> 60%).
2025-11-18T22:54:16Z,2025-11-18T22:54:16Z,safesleep-dev-01,Umidade alta – risco de mofo/desconforto (> 60%). | Nível de ruído elevado – possível choro ou barulho no quarto (> 60 dB).
2025-11-18T22:54:28Z,2025-11-18T22:54:28Z,safesleep-dev-01,Umidade baixa – ambiente mais seco que o ideal (< 40%). | Nível de ruído elevado – possível choro ou barulho no quarto (> 60 dB).
2025-11-18T22:54:31Z,2025-11-18T22:54:31Z,safesleep-dev-01,Umidade baixa – ambiente mais seco que o ideal (< 40%). | Nível de ruído elevado – possível choro ou barulho no quarto (> 60 dB).
2025-11-18T22:54:34Z,2025-11-18T22:54:34Z,safesleep-dev-01,Umidade baixa – ambiente mais seco que o ideal (< 40%).
2025-11-18T22:54:37Z,2025-11-18T22:54:37Z,safesleep-dev-01,Temperatura acima do recomendado para o bebê (> 26 ºC). | Umidade baixa – ambiente mais seco que o ideal (< 40%).
2025-11-18T22:54:40Z,2025-11-18T22:54:40Z,safesleep-dev-01,Bebê em posição de bruços (prono) – atenção ao risco de sufocamento.
2025-11-18T22:54:43Z,2025-11-18T22:54:43Z,safesleep-dev-01,Temperatura acima do recomendado para o bebê (> 26 ºC). | Umidade alta – risco de mofo/desconforto (> 60%). | Nível de ruído elevado – possível choro ou barulho no quarto (> 60 dB).
2025-11-18T22:54:46Z,2025-11-18T22:54:46Z,safesleep-dev-01,Umidade baixa – ambiente mais seco que o ideal (< 40%). | Nível de ruído elevado – possível choro ou barulho no quarto (> 60 dB).
2025-11-18T22:54:49Z,2025-11-18T22:54:49Z,safesleep-dev-01,Temperatura abaixo do recomendado para o bebê (< 20 ºC).
2025-11-18T22:54:52Z,2025-11-18T22:54:52Z,safesleep-dev-01,Bebê em posição de bruços (prono) – atenção ao risco de sufocamento.
2025-11-18T22:54:55Z,2025-11-18T22:54:55Z,safesleep-dev-01,Temperatura acima do recomendado para o bebê (> 26 ºC). | Bebê em posição de bruços (prono) – atenção ao risco de sufocamento.
2025-11-18T22:54:58Z,2025-11-18T22:54:58Z,safesleep-dev-01,Nível de ruído elevado – possível choro ou barulho no quarto (> 60 dB).
2025-11-18T22:55:01Z,2025-11-18T22:55:01Z,safesleep-dev-01,Temperatura acima do recomendado para o bebê (> 26 ºC).
2025-11-18T22:55:04Z,2025-11-18T22:55:04Z,safesleep-dev-01,Temperatura acima do recomendado para o bebê (> 26 ºC). | Umidade baixa – ambiente mais seco que o ideal (< 40%). | Nível de ruído elevado – possível choro ou barulho no quarto (> 60 dB).
2025-11-18T22:55:07Z,2025-11-18T22:55:07Z,safesleep-dev-01,Temperatura abaixo do recomendado para o bebê (< 20 ºC). | Nível de ruído elevado – possível choro ou barulho no quarto (> 60 dB).
2025-11-18T22:55:10Z,2025-11-18T22:55:10Z,safesleep-dev-01,Temperatura abaixo do recomendado para o bebê (< 20 ºC). | Umidade baixa – ambiente mais seco que o ideal (< 40%). | Nível de ruído elevado – possível choro ou barulho no quarto (> 60 dB).
2025-11-18T22:55:13Z,2025-11-18T22:55:13Z,safesleep-dev-01,Umidade alta – risco de mofo/desconforto (> 60%). | Bebê em posição de bruços (prono) – atenção ao risco de sufocamento.
2025-11-18T22:55:16Z,2025-11-18T22:55:16Z,safesleep-dev-01,Temperatura acima do recomendado para o bebê (> 26 ºC).
2025-11-18T22:55:19Z,2025-11-18T22:55:19Z,safesleep-dev-01,Temperatura abaixo do recomendado para o bebê (< 20 ºC). | Umidade baixa – ambiente mais seco que o ideal (< 40%).
2025-11-18T22:55:22Z,2025-11-18T22:55:22Z,safesleep-dev-01,Temperatura acima do recomendado para o bebê (> 26 ºC). | Umidade baixa – ambiente mais seco que o ideal (< 40%). | Nível de ruído elevado – possível choro ou barulho no quarto (> 60 dB).
2025-11-18T22:55:25Z,2025-11-18T22:55:25Z,safesleep-dev-01,Nível de ruído elevado – possível choro ou barulho no quarto (> 60 dB).
2025-11-18T22:55:28Z,2025-11-18T22:55:28Z,safesleep-dev-01,Umidade alta – risco de mofo/desconforto (> 60%). | Bebê em posição de bruços (prono) – atenção ao risco de sufocamento.
2025-11-18T22:55:31Z,2025-11-18T22:55:31Z,safesleep-dev-01,Umidade baixa – ambiente mais seco que o ideal (< 40%).
2025-11-18T22:55:34Z,2025-11-18T22:55:34Z,safesleep-dev-01,Temperatura abaixo do recomendado para o bebê (< 20 ºC). | Nível de ruído elevado – possível choro ou barulho no quarto (> 60 dB).
2025-11-18T22:55:37Z,2025-11-18T22:55:37Z,safesleep-dev-01,Temperatura acima do recomendado para o bebê (> 26 ºC). | Umidade baixa – ambiente mais seco que o ideal (< 40%).
2025-11-18T22:55:40Z,2025-11-18T22:55:40Z,safesleep-dev-01,Umidade alta – risco de mofo/desconforto (> 60%).
2025-11-18T22:55:43Z,2025-11-18T22:55:43Z,safesleep-dev-01,Temperatura acima do recomendado para o bebê (> 26 ºC). | Bebê em posição de bruços (prono) – atenção ao risco de sufocamento.
2025-11-18T22:55:46Z,2025-11-18T22:55:46Z,safesleep-dev-01,Temperatura acima do recomendado para o bebê (> 26 ºC). | Nível de ruído elevado – possível choro ou barulho no quarto (> 60 dB).
2025-11-18T22:55:49Z,2025-11-18T22:55:49Z,safesleep-dev-01,Nível de ruído elevado – possível choro ou barulho no quarto (> 60 dB).
2025-11-18T22:55:52Z,2025-11-18T22:55:52Z,safesleep-dev-01,Temperatura acima do recomendado para o bebê (> 26 ºC). | Nível de ruído elevado – possível choro ou barulho no quarto (> 60 dB).
2025-11-18T22:55:55Z,2025-11-18T22:55:55Z,safesleep-dev-01,Temperatura acima do recomendado para o bebê (> 26 ºC).
2025-11-18T22:55:58Z,2025-11-18T22:55:58Z,safesleep-dev-01,Umidade baixa – ambiente mais seco que o ideal (< 40%). | Nível de ruído elevado – possível choro ou barulho no quarto (> 60 dB).
2025-11-18T22:56:01Z,2025-11-18T22:56:01Z,safesleep-dev-01,Temperatura acima do recomendado para o bebê (> 26 ºC).
2025-11-18T22:56:04Z,2025-11-18T22:56:04Z,safesleep-dev-01,Temperatura acima do recomendado para o bebê (> 26 ºC).
2025-11-18T22:56:07Z,2025-11-18T22:56:07Z,safesleep-dev-01,Temperatura acima do recomendado para o bebê (> 26 ºC). | Umidade alta – risco de mofo/desconforto (> 60%).
2025-11-18T22:56:10Z,2025-11-18T22:56:10Z,safesleep-dev-01,Umidade baixa – ambiente mais seco que o ideal (< 40%).
2025-11-18T22:56:13Z,2025-11-18T22:56:13Z,safesleep-dev-01,Temperatura acima do recomendado para o bebê (> 26 ºC). | Umidade alta – risco de mofo/desconforto (> 60%).
2025-11-18T22:56:16Z,2025-11-18T22:56:16Z,safesleep-dev-01,Nível de ruído elevado – possível choro ou barulho no quarto (> 60 dB).
2025-11-18T22:56:19Z,2025-11-18T22:56:19Z,safesleep-dev-01,Temperatura acima do recomendado para o bebê (> 26 ºC). | Umidade baixa – ambiente mais seco que o ideal (< 40%).
2025-11-18T22:56:22Z,2025-11-18T22:56:22Z,safesleep-dev-01,Umidade alta – risco de mofo/desconforto (> 60%). | Nível de ruído elevado – possível choro ou barulho no quarto (> 60 dB).
2025-11-18T22:56:25Z,2025-11-18T22:56:25Z,safesleep-dev-01,Temperatura acima do recomendado para o bebê (> 26 ºC). | Nível de ruído elevado – possível choro ou barulho no quarto (> 60 dB). | Bebê em posição de bruços (prono) – atenção ao risco de sufocamento.
2025-11-18T22:56:28Z,2025-11-18T22:56:28Z,safesleep-dev-01,Temperatura acima do recomendado para o bebê (> 26 ºC). | Umidade alta – risco de mofo/desconforto (> 60%). | Nível de ruído elevado – possível choro ou barulho no quarto (> 60 dB).
2025-11-18T22:56:31Z,2025-11-18T22:56:31Z,safesleep-dev-01,Temperatura abaixo do recomendado para o bebê (< 20 ºC).
2025-11-18T22:56:34Z,2025-11-18T22:56:34Z,safesleep-dev-01,Umidade baixa – ambiente mais seco que o ideal (< 40%).
2025-11-18T22:56:37Z,2025-11-18T22:56:37Z,safesleep-dev-01,Temperatura acima do recomendado para o bebê (> 26 ºC). | Umidade alta – risco de mofo/desconforto (> 60%).
2025-11-18T22:56:40Z,2025-11-18T22:56:40Z,safesleep-dev-01,Nível de ruído elevado – possível choro ou barulho no quarto (> 60 dB).
2025-11-18T22:56:43Z,2025-11-18T22:56:43Z,safesleep-dev-01,Umidade alta – risco de mofo/desconforto (> 60%). | Nível de ruído elevado – possível choro ou barulho no quarto (> 60 dB).
2025-11-18T22:56:46Z,2025-11-18T22:56:46Z,safesleep-dev-01,Umidade alta – risco de mofo/desconforto (> 60%). | Bebê em posição de bruços (prono) – atenção ao risco de sufocamento.
2025-11-18T22:56:49Z,2025-11-18T22:56:49Z,safesleep-dev-01,Temperatura acima do recomendado para o bebê (> 26 ºC). | Nível de ruído elevado – possível choro ou barulho no quarto (> 60 dB).
2025-11-18T22:56:52Z,2025-11-18T22:56:52Z,safesleep-dev-01,Temperatura abaixo do recomendado para o bebê (< 20 ºC). | Umidade baixa – ambiente mais seco que o ideal (< 40%). | Nível de ruído elevado – possível choro ou barulho no quarto (> 60 dB). | Bebê em posição de bruços (prono) – atenção ao risco de sufocamento.
2025-11-18T22:56:55Z,2025-11-18T22:56:55Z,safesleep-dev-01,Temperatura acima do recomendado para o bebê (> 26 ºC). | Nível de ruído elevado – possível choro ou barulho no quarto (> 60 dB).
2025-11-18T22:57:01Z,2025-11-18T22:57:01Z,safesleep-dev-01,Umidade baixa – ambiente mais seco que o ideal (< 40%). | Nível de ruído elevado – possível choro ou barulho no quarto (> 60 dB).
2025-11-18T22:57:04Z,2025-11-18T22:57:04Z,safesleep-dev-01,Temperatura acima do recomendado para o bebê (> 26 ºC).
2025-11-18T22:57:07Z,2025-11-18T22:57:07Z,safesleep-dev-01,Temperatura abaixo do recomendado para o bebê (< 20 ºC). | Bebê em posição de bruços (prono) – atenção ao risco de sufocamento.
2025-11-18T22:57:10Z,2025-11-18T22:57:10Z,safesleep-dev-01,Temperatura abaixo do recomendado para o bebê (< 20 ºC). | Umidade alta – risco de mofo/desconforto (> 60%).
2025-11-18T22:57:13Z,2025-11-18T22:57:13Z,safesleep-dev-01,Temperatura acima do recomendado para o bebê (> 26 ºC).
2025-11-18T22:57:16Z,2025-11-18T22:57:16Z,safesleep-dev-01,Temperatura abaixo do recomendado para o bebê (< 20 ºC).
2025-11-18T22:57:19Z,2025-11-18T22:57:19Z,safesleep-dev-01,Temperatura acima do recomendado para o bebê (> 26 ºC).
2025-11-18T22:57:22Z,2025-11-18T22:57:22Z,safesleep-dev-01,Nível de ruído elevado – possível choro ou barulho no quarto (> 60 dB).
2025-11-18T22:57:25Z,2025-11-18T22:57:25Z,safesleep-dev-01,Umidade baixa – ambiente mais seco que o ideal (< 40%). | Nível de ruído elevado – possível choro ou barulho no quarto (> 60 dB).
2025-11-18T22:57:28Z,2025-11-18T22:57:28Z,safesleep-dev-01,Temperatura acima do recomendado para o bebê (> 26 ºC). | Umidade alta – risco de mofo/desconforto (> 60%). | Nível de ruído elevado – possível choro ou barulho no quarto (> 60 dB). | Bebê em posição de bruços (prono) – atenção ao risco de sufocamento.
2025-11-18T22:57:34Z,2025-11-18T22:57:34Z,safesleep-dev-01,Umidade baixa – ambiente mais seco que o ideal (< 40%).
2025-11-18T22:57:37Z,2025-11-18T22:57:37Z,safesleep-dev-01,Temperatura acima do recomendado para o bebê (> 26 ºC).
2025-11-18T22:57:40Z,2025-11-18T22:57:40Z,safesleep-dev-01,Temperatura abaixo do recomendado para o bebê (< 20 ºC). | Umidade baixa – ambiente mais seco que o ideal (< 40%).
2025-11-18T22:57:43Z,2025-11-18T22:57:43Z,safesleep-dev-01,Temperatura acima do recomendado para o bebê (> 26 ºC).
2025-11-18T22:57:46Z,2025-11-18T22:57:46Z,safesleep-dev-01,Temperatura acima do recomendado para o bebê (> 26 ºC). | Bebê em posição de bruços (prono) – atenção ao risco de sufocamento.
2025-11-18T22:57:49Z,2025-11-18T22:57:49Z,safesleep-dev-01,Umidade baixa – ambiente mais seco que o ideal (< 40%). | Nível de ruído elevado – possível choro ou barulho no quarto (> 60 dB).
2025-11-18T22:57:52Z,2025-11-18T22:57:52Z,safesleep-dev-01,Umidade alta – risco de mofo/desconforto (> 60%).
2025-11-18T22:57:55Z,2025-11-18T22:57:55Z,safesleep-dev-01,Nível de ruído elevado – possível choro ou barulho no quarto (> 60 dB).
2025-11-18T22:58:04Z,2025-11-18T22:58:04Z,safesleep-dev-01,Nível de ruído elevado – possível choro ou barulho no quarto (> 60 dB).
2025-11-18T22:58:10Z,2025-11-18T22:58:10Z,safesleep-dev-01,Temperatura acima do recomendado para o bebê (> 26 ºC).
2025-11-18T22:58:19Z,2025-11-18T22:58:19Z,safesleep-dev-01,Temperatura acima do recomendado para o bebê (> 26 ºC).
2025-11-18T22:58:25Z,2025-11-18T22:58:25Z,safesleep-dev-01,Nível de ruído elevado – possível choro ou barulho no quarto (> 60 dB).
2025-11-18T22:58:28Z,2025-11-18T22:58:28Z,safesleep-dev-01,Temperatura acima do recomendado para o bebê (> 26 ºC). | Umidade baixa – ambiente mais seco que o ideal (< 40%). | Nível de ruído elevado – possível choro ou barulho no quarto (> 60 dB). | Bebê em posição de bruços (prono) – atenção ao risco de sufocamento.
2025-11-18T22:58:31Z,2025-11-18T22:58:31Z,safesleep-dev-01,Nível de ruído elevado – possível choro ou barulho no quarto (> 60 dB).
2025-11-18T22:58:34Z,2025-11-18T22:58:34Z,safesleep-dev-01,Temperatura acima do recomendado para o bebê (> 26 ºC). | Nível de ruído elevado – possível choro ou barulho no quarto (> 60 dB).
2025-11-18T22:58:43Z,2025-11-18T22:58:43Z,safesleep-dev-01,Temperatura acima do recomendado para o bebê (> 26 ºC). | Umidade alta – risco de mofo/desconforto (> 60%).
2025-11-18T22:58:46Z,2025-11-18T22:58:46Z,safesleep-dev-01,Umidade baixa – ambiente mais seco que o ideal (< 40%).
2025-11-18T22:58:49Z,2025-11-18T22:58:49Z,safesleep-dev-01,Umidade alta – risco de mofo/desconforto (> 60%).
2025-11-18T22:58:52Z,2025-11-18T22:58:52Z,safesleep-dev-01,Bebê em posição de bruços (prono) – atenção ao risco de sufocamento.
2025-11-18T22:58:55Z,2025-11-18T22:58:55Z,safesleep-dev-01,Nível de ruído elevado – possível choro ou barulho no quarto (> 60 dB).
2025-11-18T22:58:58Z,2025-11-18T22:58:58Z,safesleep-dev-01,Bebê em posição de bruços (prono) – atenção ao risco de sufocamento.
2025-11-18T22:59:01Z,2025-11-18T22:59:01Z,safesleep-dev-01,Temperatura acima do recomendado para o bebê (> 26 ºC). | Umidade baixa – ambiente mais seco que o ideal (< 40%).
2025-11-18T22:59:04Z,2025-11-18T22:59:04Z,safesleep-dev-01,Umidade alta – risco de mofo/desconforto (> 60%). | Nível de ruído elevado – possível choro ou barulho no quarto (> 60 dB).
2025-11-18T22:59:07Z,2025-11-18T22:59:07Z,safesleep-dev-01,Temperatura acima do recomendado para o bebê (> 26 ºC). | Nível de ruído elevado – possível choro ou barulho no quarto (> 60 dB).
2025-11-18T22:59:10Z,2025-11-18T22:59:10Z,safesleep-dev-01,Temperatura acima do recomendado para o bebê (> 26 ºC). | Bebê em posição de bruços (prono) – atenção ao risco de sufocamento.
2025-11-18T22:59:13Z,2025-11-18T22:59:13Z,safesleep-dev-01,Temperatura acima do recomendado para o bebê (> 26 ºC). | Nível de ruído elevado – possível choro ou barulho no quarto (> 60 dB).
2025-11-18T22:59:16Z,2025-11-18T22:59:16Z,safesleep-dev-01,Nível de ruído elevado – possível choro ou barulho no quarto (> 60 dB). | Bebê em posição de bruços (prono) – atenção ao risco de sufocamento.
2025-11-18T22:59:22Z,2025-11-18T22:59:22Z,safesleep-dev-01,Temperatura abaixo do recomendado para o bebê (< 20 ºC). | Nível de ruído elevado – possível choro ou barulho no quarto (> 60 dB).
2025-11-18T22:59:25Z,2025-11-18T22:59:25Z,safesleep-dev-01,Temperatura acima do recomendado para o bebê (> 26 ºC). | Umidade alta – risco de mofo/desconforto (> 60%). | Nível de ruído elevado – possível choro ou barulho no quarto (> 60 dB).
2025-11-18T22:59:28Z,2025-11-18T22:59:28Z,safesleep-dev-01,Temperatura abaixo do recomendado para o bebê (< 20 ºC). | Umidade alta – risco de mofo/desconforto (> 60%).
2025-11-18T22:59:31Z,2025-11-18T22:59:31Z,safesleep-dev-01,Nível de ruído elevado – possível choro ou barulho no quarto (> 60 dB).
2025-11-18T22:59:35Z,2025-11-18T22:59:34Z,safesleep-dev-01,Umidade alta – risco de mofo/desconforto (> 60%).
2025-11-18T22:59:38Z,2025-11-18T22:59:38Z,safesleep-dev-01,Temperatura acima do recomendado para o bebê (> 26 ºC). | Umidade alta – risco de mofo/desconforto (> 60%). | Nível de ruído elevado – possível choro ou barulho no quarto (> 60 dB).
2025-11-18T22:59:41Z,2025-11-18T22:59:41Z,safesleep-dev-01,Bebê em posição de bruços (prono) – atenção ao risco de sufocamento.
2025-11-18T22:59:44Z,2025-11-18T22:59:44Z,safesleep-dev-01,Umidade alta – risco de mofo/desconforto (> 60%). | Nível de ruído elevado – possível choro ou barulho no quarto (> 60 dB).
2025-11-18T22:59:47Z,2025-11-18T22:59:47Z,safesleep-dev-01,Umidade baixa – ambiente mais seco que o ideal (< 40%). | Nível de ruído elevado – possível choro ou barulho no quarto (> 60 dB).
2025-11-18T22:59:50Z,2025-11-18T22:59:50Z,safesleep-dev-01,Temperatura acima do recomendado para o bebê (> 26 ºC).
2025-11-18T22:59:53Z,2025-11-18T22:59:53Z,safesleep-dev-01,Temperatura abaixo do recomendado para o bebê (< 20 ºC).
2025-11-18T22:59:59Z,2025-11-18T22:59:59Z,safesleep-dev-01,Temperatura acima do recomendado para o bebê (> 26 ºC). | Umidade alta – risco de mofo/desconforto (> 60%).
2025-11-18T23:00:02Z,2025-11-18T23:00:02Z,safesleep-dev-01,Nível de ruído elevado – possível choro ou barulho no quarto (> 60 dB).
2025-11-18T23:00:05Z,2025-11-18T23:00:05Z,safesleep-dev-01,Umidade baixa – ambiente mais seco que o ideal (< 40%).
2025-11-18T23:00:08Z,2025-11-18T23:00:08Z,safesleep-dev-01,Umidade baixa – ambiente mais seco que o ideal (< 40%). | Nível de ruído elevado – possível choro ou barulho no quarto (> 60 dB).
2025-11-18T23:00:17Z,2025-11-18T23:00:17Z,safesleep-dev-01,Nível de ruído elevado – possível choro ou barulho no quarto (> 60 dB).
2025-11-18T23:00:20Z,2025-11-18T23:00:20Z,safesleep-dev-01,Temperatura acima do recomendado para o bebê (> 26 ºC).
2025-11-18T23:00:23Z,2025-11-18T23:00:23Z,safesleep-dev-01,Temperatura abaixo do recomendado para o bebê (< 20 ºC). | Nível de ruído elevado – possível choro ou barulho no quarto (> 60 dB).
2025-11-18T23:00:35Z,2025-11-18T23:00:35Z,safesleep-dev-01,Umidade baixa – ambiente mais seco que o ideal (< 40%).
2025-11-18T23:00:41Z,2025-11-18T23:00:41Z,safesleep-dev-01,Temperatura abaixo do recomendado para o bebê (< 20 ºC). | Umidade alta – risco de mofo/desconforto (> 60%).
2025-11-18T23:00:44Z,2025-11-18T23:00:44Z,safesleep-dev-01,Temperatura acima do recomendado para o bebê (> 26 ºC). | Umidade alta – risco de mofo/desconforto (> 60%). | Nível de ruído elevado – possível choro ou barulho no quarto (> 60 dB).
2025-11-18T23:00:47Z,2025-11-18T23:00:47Z,safesleep-dev-01,Temperatura acima do recomendado para o bebê (> 26 ºC). | Umidade alta – risco de mofo/desconforto (> 60%).
2025-11-18T23:00:53Z,2025-11-18T23:00:53Z,safesleep-dev-01,Temperatura acima do recomendado para o bebê (> 26 ºC).
2025-11-18T23:00:56Z,2025-11-18T23:00:56Z,safesleep-dev-01,Nível de ruído elevado – possível choro ou barulho no quarto (> 60 dB).
2025-11-18T23:00:59Z,2025-11-18T23:00:59Z,safesleep-dev-01,Umidade baixa – ambiente mais seco que o ideal (< 40%).
2025-11-18T23:01:02Z,2025-11-18T23:01:02Z,safesleep-dev-01,Temperatura acima do recomendado para o bebê (> 26 ºC). | Umidade alta – risco de mofo/desconforto (> 60%). | Bebê em posição de bruços (prono) – atenção ao risco de sufocamento.
2025-11-18T23:01:05Z,2025-11-18T23:01:05Z,safesleep-dev-01,Umidade alta – risco de mofo/desconforto (> 60%). | Bebê em posição de bruços (prono) – atenção ao risco de sufocamento.
2025-11-18T23:01:08Z,2025-11-18T23:01:08Z,safesleep-dev-01,Temperatura acima do recomendado para o bebê (> 26 ºC).
2025-11-18T23:01:11Z,2025-11-18T23:01:11Z,safesleep-dev-01,Temperatura acima do recomendado para o bebê (> 26 ºC).
2025-11-18T23:01:14Z,2025-11-18T23:01:14Z,safesleep-dev-01,Umidade baixa – ambiente mais seco que o ideal (< 40%). | Nível de ruído elevado – possível choro ou barulho no quarto (> 60 dB).
2025-11-18T23:01:17Z,2025-11-18T23:01:17Z,safesleep-dev-01,Bebê em posição de bruços (prono) – atenção ao risco de sufocamento.
2025-11-18T23:01:20Z,2025-11-18T23:01:20Z,safesleep-dev-01,Umidade baixa – ambiente mais seco que o ideal (< 40%). | Nível de ruído elevado – possível choro ou barulho no quarto (> 60 dB).
2025-11-18T23:01:23Z,2025-11-18T23:01:23Z,safesleep-dev-01,Temperatura acima do recomendado para o bebê (> 26 ºC). | Umidade baixa – ambiente mais seco que o ideal (< 40%).
2025-11-18T23:01:26Z,2025-11-18T23:01:26Z,safesleep-dev-01,Temperatura acima do recomendado para o bebê (> 26 ºC). | Umidade alta – risco de mofo/desconforto (> 60%). | Nível de ruído elevado – possível choro ou barulho no quarto (> 60 dB).
2025-11-18T23:01:29Z,2025-11-18T23:01:29Z,safesleep-dev-01,Temperatura acima do recomendado para o bebê (> 26 ºC). | Nível de ruído elevado – possível choro ou barulho no quarto (> 60 dB). | Bebê em posição de bruços (prono) – atenção ao risco de sufocamento.
2025-11-18T23:01:32Z,2025-11-18T23:01:32Z,safesleep-dev-01,Bebê em posição de bruços (prono) – atenção ao risco de sufocamento.
2025-11-18T23:01:35Z,2025-11-18T23:01:35Z,safesleep-dev-01,Temperatura acima do recomendado para o bebê (> 26 ºC). | Nível de ruído elevado – possível choro ou barulho no quarto (> 60 dB).
2025-11-18T23:01:38Z,2025-11-18T23:01:38Z,safesleep-dev-01,Temperatura acima do recomendado para o bebê (> 26 ºC).
2025-11-18T23:01:41Z,2025-11-18T23:01:41Z,safesleep-dev-01,Umidade baixa – ambiente mais seco que o ideal (< 40%). | Nível de ruído elevado – possível choro ou barulho no quarto (> 60 dB). | Bebê em posição de bruços (prono) – atenção ao risco de sufocamento.
2025-11-18T23:01:44Z,2025-11-18T23:01:44Z,safesleep-dev-01,Umidade alta – risco de mofo/desconforto (> 60%). | Nível de ruído elevado – possível choro ou barulho no quarto (> 60 dB).
2025-11-18T23:01:47Z,2025-11-18T23:01:47Z,safesleep-dev-01,Temperatura abaixo do recomendado para o bebê (< 20 ºC). | Umidade baixa – ambiente mais seco que o ideal (< 40%). | Nível de ruído elevado – possível choro ou barulho no quarto (> 60 dB).
2025-11-18T23:01:50Z,2025-11-18T23:01:50Z,safesleep-dev-01,Temperatura acima do recomendado para o bebê (> 26 ºC). | Umidade baixa – ambiente mais seco que o ideal (< 40%). | Nível de ruído elevado – possível choro ou barulho no quarto (> 60 dB).
2025-11-18T23:01:53Z,2025-11-18T23:01:53Z,safesleep-dev-01,Bebê em posição de bruços (prono) – atenção ao risco de sufocamento.
2025-11-18T23:01:56Z,2025-11-18T23:01:56Z,safesleep-dev-01,Temperatura acima do recomendado para o bebê (> 26 ºC).
2025-11-18T23:02:05Z,2025-11-18T23:02:05Z,safesleep-dev-01,Nível de ruído elevado – possível choro ou barulho no quarto (> 60 dB). | Bebê em posição de bruços (prono) – atenção ao risco de sufocamento.
2025-11-18T23:02:08Z,2025-11-18T23:02:08Z,safesleep-dev-01,Umidade alta – risco de mofo/desconforto (> 60%).
2025-11-18T23:02:11Z,2025-11-18T23:02:11Z,safesleep-dev-01,Temperatura abaixo do recomendado para o bebê (< 20 ºC). | Umidade alta – risco de mofo/desconforto (> 60%).
2025-11-18T23:02:14Z,2025-11-18T23:02:14Z,safesleep-dev-01,Temperatura abaixo do recomendado para o bebê (< 20 ºC).
2025-11-18T23:02:17Z,2025-11-18T23:02:17Z,safesleep-dev-01,Nível de ruído elevado – possível choro ou barulho no quarto (> 60 dB).
2025-11-18T23:02:20Z,2025-11-18T23:02:20Z,safesleep-dev-01,Umidade alta – risco de mofo/desconforto (> 60%).
2025-11-18T23:02:26Z,2025-11-18T23:02:26Z,safesleep-dev-01,Temperatura acima do recomendado para o bebê (> 26 ºC). | Nível de ruído elevado – possível choro ou barulho no quarto (> 60 dB).
2025-11-18T23:02:29Z,2025-11-18T23:02:29Z,safesleep-dev-01,Temperatura acima do recomendado para o bebê (> 26 ºC).
2025-11-18T23:02:32Z,2025-11-18T23:02:32Z,safesleep-dev-01,Nível de ruído elevado – possível choro ou barulho no quarto (> 60 dB).
2025-11-18T23:02:35Z,2025-11-18T23:02:35Z,safesleep-dev-01,Temperatura acima do recomendado para o bebê (> 26 ºC). | Umidade alta – risco de mofo/desconforto (> 60%). | Nível de ruído elevado – possível choro ou barulho no quarto (> 60 dB).
2025-11-18T23:02:41Z,2025-11-18T23:02:41Z,safesleep-dev-01,Nível de ruído elevado – possível choro ou barulho no quarto (> 60 dB).
2025-11-18T23:02:44Z,2025-11-18T23:02:44Z,safesleep-dev-01,Temperatura acima do recomendado para o bebê (> 26 ºC).
2025-11-18T23:02:47Z,2025-11-18T23:02:47Z,safesleep-dev-01,Umidade alta – risco de mofo/desconforto (> 60%). | Nível de ruído elevado – possível choro ou barulho no quarto (> 60 dB). | Bebê em posição de bruços (prono) – atenção ao risco de sufocamento.
2025-11-18T23:02:50Z,2025-11-18T23:02:50Z,safesleep-dev-01,Temperatura acima do recomendado para o bebê (> 26 ºC). | Umidade baixa – ambiente mais seco que o ideal (< 40%). | Nível de ruído elevado – possível choro ou barulho no quarto (> 60 dB).
2025-11-18T23:02:53Z,2025-11-18T23:02:53Z,safesleep-dev-01,Umidade alta – risco de mofo/desconforto (> 60%). | Nível de ruído elevado – possível choro ou barulho no quarto (> 60 dB).
2025-11-18T23:02:56Z,2025-11-18T23:02:56Z,safesleep-dev-01,Temperatura abaixo do recomendado para o bebê (< 20 ºC). | Umidade baixa – ambiente mais seco que o ideal (< 40%).
2025-11-18T23:02:59Z,2025-11-18T23:02:59Z,safesleep-dev-01,Temperatura acima do recomendado para o bebê (> 26 ºC).
2025-11-18T23:03:02Z,2025-11-18T23:03:02Z,safesleep-dev-01,Temperatura acima do recomendado para o bebê (> 26 ºC).
2025-11-18T23:11:58Z,2025-11-18T23:11:58Z,safesleep-dev-01,Umidade alta – risco de mofo/desconforto (> 60%). | Nível de ruído elevado – possível choro ou barulho no quarto (> 60 dB). | Bebê em posição de bruços (prono) – atenção ao risco de sufocamento.
2025-11-18T23:12:01Z,2025-11-18T23:12:01Z,safesleep-dev-01,Nível de ruído elevado – possível choro ou barulho no quarto (> 60 dB).
2025-11-18T23:12:04Z,2025-11-18T23:12:04Z,safesleep-dev-01,Temperatura acima do recomendado para o bebê (> 26 ºC). | Nível de ruído elevado – possível choro ou barulho no quarto (> 60 dB).
2025-11-18T23:12:07Z,2025-11-18T23:12:07Z,safesleep-dev-01,Temperatura abaixo do recomendado para o bebê (< 20 ºC). | Umidade baixa – ambiente mais seco que o ideal (< 40%). | Nível de ruído elevado – possível choro ou barulho no quarto (> 60 dB).
2025-11-18T23:12:10Z,2025-11-18T23:12:10Z,safesleep-dev-01,Temperatura abaixo do recomendado para o bebê (< 20 ºC). | Umidade alta – risco de mofo/desconforto (> 60%).
2025-11-18T23:12:13Z,2025-11-18T23:12:13Z,safesleep-dev-01,Umidade alta – risco de mofo/desconforto (> 60%). | Nível de ruído elevado – possível choro ou barulho no quarto (> 60 dB).
2025-11-18T23:12:16Z,2025-11-18T23:12:16Z,safesleep-dev-01,Temperatura acima do recomendado para o bebê (> 26 ºC). | Nível de ruído elevado – possível choro ou barulho no quarto (> 60 dB).
2025-11-18T23:12:19Z,2025-11-18T23:12:19Z,safesleep-dev-01,Umidade baixa – ambiente mais seco que o ideal (< 40%).
2025-11-18T23:12:22Z,2025-11-18T23:12:22Z,safesleep-dev-01,Umidade baixa – ambiente mais seco que o ideal (< 40%). | Nível de ruído elevado – possível choro ou barulho no quarto (> 60 dB).
2025-11-18T23:12:25Z,2025-11-18T23:12:25Z,safesleep-dev-01,Temperatura acima do recomendado para o bebê (> 26 ºC). | Umidade baixa – ambiente mais seco que o ideal (< 40%).
2025-11-18T23:16:11Z,2025-11-18T23:16:11Z,safesleep-dev-01,Temperatura abaixo do recomendado para o bebê (< 20 ºC). | Nível de ruído elevado – possível choro ou barulho no quarto (> 60 dB).
2025-11-18T23:16:14Z,2025-11-18T23:16:14Z,safesleep-dev-01,Temperatura abaixo do recomendado para o bebê (< 20 ºC). | Bebê em posição de bruços (prono) – atenção ao risco de sufocamento.
2025-11-18T23:16:20Z,2025-11-18T23:16:20Z,safesleep-dev-01,Temperatura acima do recomendado para o bebê (> 26 ºC). | Umidade baixa – ambiente mais seco que o ideal (< 40%). | Nível de ruído elevado – possível choro ou barulho no quarto (> 60 dB).
2025-11-18T23:16:23Z,2025-11-18T23:16:23Z,safesleep-dev-01,Temperatura acima do recomendado para o bebê (> 26 ºC). | Umidade baixa – ambiente mais seco que o ideal (< 40%). | Bebê em posição de bruços (prono) – atenção ao risco de sufocamento.
2025-11-18T23:16:26Z,2025-11-18T23:16:26Z,safesleep-dev-01,Umidade alta – risco de mofo/desconforto (> 60%).
2025-11-18T23:16:29Z,2025-11-18T23:16:29Z,safesleep-dev-01,Umidade alta – risco de mofo/desconforto (> 60%).
2025-11-18T23:16:32Z,2025-11-18T23:16:32Z,safesleep-dev-01,Nível de ruído elevado – possível choro ou barulho no quarto (> 60 dB).
2025-11-18T23:16:35Z,2025-11-18T23:16:35Z,safesleep-dev-01,Umidade alta – risco de mofo/desconforto (> 60%).
2025-11-18T23:16:41Z,2025-11-18T23:16:41Z,safesleep-dev-01,Nível de ruído elevado – possível choro ou barulho no quarto (> 60 dB). | Bebê em posição de bruços (prono) – atenção ao risco de sufocamento.
2025-11-18T23:16:44Z,2025-11-18T23:16:44Z,safesleep-dev-01,Temperatura acima do recomendado para o bebê (> 26 ºC). | Nível de ruído elevado – possível choro ou barulho no quarto (> 60 dB).
2025-11-18T23:16:47Z,2025-11-18T23:16:47Z,safesleep-dev-01,Nível de ruído elevado – possível choro ou barulho no quarto (> 60 dB). | Bebê em posição de bruços (prono) – atenção ao risco de sufocamento.
2025-11-18T23:16:50Z,2025-11-18T23:16:50Z,safesleep-dev-01,Nível de ruído elevado – possível choro ou barulho no quarto (> 60 dB).
2025-11-18T23:16:53Z,2025-11-18T23:16:53Z,safesleep-dev-01,Nível de ruído elevado – possível choro ou barulho no quarto (> 60 dB).
2025-11-18T23:16:56Z,2025-11-18T23:16:56Z,safesleep-dev-01,Temperatura abaixo do recomendado para o bebê (< 20 ºC). | Umidade baixa – ambiente mais seco que o ideal (< 40%). | Nível de ruído elevado – possível choro ou barulho no quarto (> 60 dB).
2025-11-18T23:16:59Z,2025-11-18T23:16:59Z,safesleep-dev-01,Umidade alta – risco de mofo/desconforto (> 60%).
2025-11-18T23:17:02Z,2025-11-18T23:17:02Z,safesleep-dev-01,Temperatura abaixo do recomendado para o bebê (< 20 ºC). | Umidade alta – risco de mofo/desconforto (> 60%). | Nível de ruído elevado – possível choro ou barulho no quarto (> 60 dB).
2025-11-18T23:17:05Z,2025-11-18T23:17:05Z,safesleep-dev-01,Temperatura acima do recomendado para o bebê (> 26 ºC). | Umidade baixa – ambiente mais seco que o ideal (< 40%). | Nível de ruído elevado – possível choro ou barulho no quarto (> 60 dB).
2025-11-18T23:17:08Z,2025-11-18T23:17:08Z,safesleep-dev-01,Umidade alta – risco de mofo/desconforto (> 60%).
2025-11-18T23:17:11Z,2025-11-18T23:17:11Z,safesleep-dev-01,Temperatura acima do recomendado para o bebê (> 26 ºC). | Nível de ruído elevado – possível choro ou barulho no quarto (> 60 dB).
2025-11-18T23:17:17Z,2025-11-18T23:17:17Z,safesleep-dev-01,Temperatura acima do recomendado para o bebê (> 26 ºC). | Nível de ruído elevado – possível choro ou barulho no quarto (> 60 dB).
2025-11-18T23:17:20Z,2025-11-18T23:17:20Z,safesleep-dev-01,Nível de ruído elevado – possível choro ou barulho no quarto (> 60 dB).
2025-11-18T23:17:29Z,2025-11-18T23:17:29Z,safesleep-dev-01,Nível de ruído elevado – possível choro ou barulho no quarto (> 60 dB).
2025-11-18T23:17:32Z,2025-11-18T23:17:32Z,safesleep-dev-01,Temperatura acima do recomendado para o bebê (> 26 ºC). | Umidade baixa – ambiente mais seco que o ideal (< 40%).
2025-11-18T23:17:35Z,2025-11-18T23:17:35Z,safesleep-dev-01,Temperatura abaixo do recomendado para o bebê (< 20 ºC).
2025-11-18T23:17:38Z,2025-11-18T23:17:38Z,safesleep-dev-01,Umidade baixa – ambiente mais seco que o ideal (< 40%). | Nível de ruído elevado – possível choro ou barulho no quarto (> 60 dB).
2025-11-18T23:17:41Z,2025-11-18T23:17:41Z,safesleep-dev-01,Temperatura acima do recomendado para o bebê (> 26 ºC). | Umidade baixa – ambiente mais seco que o ideal (< 40%).
2025-11-18T23:17:44Z,2025-11-18T23:17:44Z,safesleep-dev-01,Umidade baixa – ambiente mais seco que o ideal (< 40%).
2025-11-18T23:17:47Z,2025-11-18T23:17:47Z,safesleep-dev-01,Umidade alta – risco de mofo/desconforto (> 60%).
2025-11-18T23:17:53Z,2025-11-18T23:17:53Z,safesleep-dev-01,Temperatura abaixo do recomendado para o bebê (< 20 ºC). | Umidade baixa – ambiente mais seco que o ideal (< 40%).
2025-11-18T23:17:56Z,2025-11-18T23:17:56Z,safesleep-dev-01,Nível de ruído elevado – possível choro ou barulho no quarto (> 60 dB).
2025-11-18T23:17:59Z,2025-11-18T23:17:59Z,safesleep-dev-01,Nível de ruído elevado – possível choro ou barulho no quarto (> 60 dB).
2025-11-18T23:18:05Z,2025-11-18T23:18:05Z,safesleep-dev-01,Umidade alta – risco de mofo/desconforto (> 60%).
2025-11-18T23:18:08Z,2025-11-18T23:18:08Z,safesleep-dev-01,Temperatura acima do recomendado para o bebê (> 26 ºC).
2025-11-18T23:18:11Z,2025-11-18T23:18:11Z,safesleep-dev-01,Temperatura acima do recomendado para o bebê (> 26 ºC). | Umidade baixa – ambiente mais seco que o ideal (< 40%). | Bebê em posição de bruços (prono) – atenção ao risco de sufocamento.
2025-11-18T23:18:14Z,2025-11-18T23:18:14Z,safesleep-dev-01,Temperatura abaixo do recomendado para o bebê (< 20 ºC). | Umidade alta – risco de mofo/desconforto (> 60%). | Nível de ruído elevado – possível choro ou barulho no quarto (> 60 dB).
2025-11-18T23:18:17Z,2025-11-18T23:18:17Z,safesleep-dev-01,Temperatura acima do recomendado para o bebê (> 26 ºC). | Umidade baixa – ambiente mais seco que o ideal (< 40%). | Nível de ruído elevado – possível choro ou barulho no quarto (> 60 dB).
2025-11-18T23:18:23Z,2025-11-18T23:18:23Z,safesleep-dev-01,Umidade baixa – ambiente mais seco que o ideal (< 40%).
2025-11-18T23:18:26Z,2025-11-18T23:18:26Z,safesleep-dev-01,Temperatura abaixo do recomendado para o bebê (< 20 ºC).
2025-11-18T23:18:29Z,2025-11-18T23:18:29Z,safesleep-dev-01,Nível de ruído elevado – possível choro ou barulho no quarto (> 60 dB).
2025-11-18T23:18:32Z,2025-11-18T23:18:32Z,safesleep-dev-01,Umidade alta – risco de mofo/desconforto (> 60%).
2025-11-18T23:18:35Z,2025-11-18T23:18:35Z,safesleep-dev-01,Umidade baixa – ambiente mais seco que o ideal (< 40%).
2025-11-18T23:18:38Z,2025-11-18T23:18:38Z,safesleep-dev-01,Temperatura acima do recomendado para o bebê (> 26 ºC). | Umidade alta – risco de mofo/desconforto (> 60%).
2025-11-18T23:18:41Z,2025-11-18T23:18:41Z,safesleep-dev-01,Nível de ruído elevado – possível choro ou barulho no quarto (> 60 dB).
2025-11-18T23:18:47Z,2025-11-18T23:18:47Z,safesleep-dev-01,Temperatura acima do recomendado para o bebê (> 26 ºC). | Nível de ruído elevado – possível choro ou barulho no quarto (> 60 dB).
2025-11-18T23:18:50Z,2025-11-18T23:18:50Z,safesleep-dev-01,Umidade alta – risco de mofo/desconforto (> 60%). | Nível de ruído elevado – possível choro ou barulho no quarto (> 60 dB).
2025-11-18T23:18:53Z,2025-11-18T23:18:53Z,safesleep-dev-01,Umidade baixa – ambiente mais seco que o ideal (< 40%).
2025-11-18T23:18:56Z,2025-11-18T23:18:56Z,safesleep-dev-01,Temperatura acima do recomendado para o bebê (> 26 ºC). | Umidade alta – risco de mofo/desconforto (> 60%). | Nível de ruído elevado – possível choro ou barulho no quarto (> 60 dB).
2025-11-18T23:18:59Z,2025-11-18T23:18:59Z,safesleep-dev-01,Nível de ruído elevado – possível choro ou barulho no quarto (> 60 dB).
2025-11-18T23:19:02Z,2025-11-18T23:19:02Z,safesleep-dev-01,Temperatura abaixo do recomendado para o bebê (< 20 ºC). | Umidade alta – risco de mofo/desconforto (> 60%).
2025-11-18T23:19:05Z,2025-11-18T23:19:05Z,safesleep-dev-01,Temperatura acima do recomendado para o bebê (> 26 ºC).
2025-11-18T23:19:08Z,2025-11-18T23:19:08Z,safesleep-dev-01,Nível de ruído elevado – possível choro ou barulho no quarto (> 60 dB).
2025-11-18T23:19:11Z,2025-11-18T23:19:11Z,safesleep-dev-01,Umidade alta – risco de mofo/desconforto (> 60%).
2025-11-18T23:19:14Z,2025-11-18T23:19:14Z,safesleep-dev-01,Temperatura acima do recomendado para o bebê (> 26 ºC). | Umidade alta – risco de mofo/desconforto (> 60%). | Nível de ruído elevado – possível choro ou barulho no quarto (> 60 dB).
2025-11-18T23:19:17Z,2025-11-18T23:19:17Z,safesleep-dev-01,Temperatura acima do recomendado para o bebê (> 26 ºC). | Umidade alta – risco de mofo/desconforto (> 60%).
2025-11-18T23:19:20Z,2025-11-18T23:19:20Z,safesleep-dev-01,Temperatura abaixo do recomendado para o bebê (< 20 ºC). | Nível de ruído elevado – possível choro ou barulho no quarto (> 60 dB).
2025-11-18T23:19:23Z,2025-11-18T23:19:23Z,safesleep-dev-01,Umidade baixa – ambiente mais seco que o ideal (< 40%).
2025-11-18T23:19:26Z,2025-11-18T23:19:26Z,safesleep-dev-01,Temperatura acima do recomendado para o bebê (> 26 ºC). | Nível de ruído elevado – possível choro ou barulho no quarto (> 60 dB).
2025-11-18T23:19:29Z,2025-11-18T23:19:29Z,safesleep-dev-01,Umidade alta – risco de mofo/desconforto (> 60%).
2025-11-18T23:19:32Z,2025-11-18T23:19:32Z,safesleep-dev-01,Umidade baixa – ambiente mais seco que o ideal (< 40%). | Nível de ruído elevado – possível choro ou barulho no quarto (> 60 dB).
2025-11-18T23:19:35Z,2025-11-18T23:19:35Z,safesleep-dev-01,Temperatura abaixo do recomendado para o bebê (< 20 ºC). | Umidade baixa – ambiente mais seco que o ideal (< 40%).
2025-11-18T23:19:38Z,2025-11-18T23:19:38Z,safesleep-dev-01,Temperatura abaixo do recomendado para o bebê (< 20 ºC). | Umidade alta – risco de mofo/desconforto (> 60%). | Bebê em posição de bruços (prono) – atenção ao risco de sufocamento.
2025-11-18T23:19:41Z,2025-11-18T23:19:41Z,safesleep-dev-01,Temperatura acima do recomendado para o bebê (> 26 ºC).
2025-11-18T23:19:44Z,2025-11-18T23:19:44Z,safesleep-dev-01,Temperatura acima do recomendado para o bebê (> 26 ºC).
2025-11-18T23:19:47Z,2025-11-18T23:19:47Z,safesleep-dev-01,Temperatura acima do recomendado para o bebê (> 26 ºC). | Bebê em posição de bruços (prono) – atenção ao risco de sufocamento.
2025-11-18T23:19:50Z,2025-11-18T23:19:50Z,safesleep-dev-01,Umidade alta – risco de mofo/desconforto (> 60%). | Bebê em posição de bruços (prono) – atenção ao risco de sufocamento.
2025-11-18T23:19:53Z,2025-11-18T23:19:53Z,safesleep-dev-01,Temperatura acima do recomendado para o bebê (> 26 ºC). | Umidade alta – risco de mofo/desconforto (> 60%).
2025-11-18T23:19:56Z,2025-11-18T23:19:56Z,safesleep-dev-01,Temperatura abaixo do recomendado para o bebê (< 20 ºC). | Umidade baixa – ambiente mais seco que o ideal (< 40%). | Nível de ruído elevado – possível choro ou barulho no quarto (> 60 dB).
2025-11-18T23:19:59Z,2025-11-18T23:19:59Z,safesleep-dev-01,Temperatura acima do recomendado para o bebê (> 26 ºC). | Umidade baixa – ambiente mais seco que o ideal (< 40%). | Nível de ruído elevado – possível choro ou barulho no quarto (> 60 dB).
2025-11-18T23:20:02Z,2025-11-18T23:20:02Z,safesleep-dev-01,Temperatura acima do recomendado para o bebê (> 26 ºC). | Nível de ruído elevado – possível choro ou barulho no quarto (> 60 dB).
2025-11-18T23:20:05Z,2025-11-18T23:20:05Z,safesleep-dev-01,Umidade baixa – ambiente mais seco que o ideal (< 40%).
2025-11-18T23:20:08Z,2025-11-18T23:20:08Z,safesleep-dev-01,Nível de ruído elevado – possível choro ou barulho no quarto (> 60 dB).
2025-11-18T23:20:11Z,2025-11-18T23:20:11Z,safesleep-dev-01,Nível de ruído elevado – possível choro ou barulho no quarto (> 60 dB). | Bebê em posição de bruços (prono) – atenção ao risco de sufocamento.
2025-11-18T23:20:14Z,2025-11-18T23:20:14Z,safesleep-dev-01,Temperatura acima do recomendado para o bebê (> 26 ºC). | Umidade alta – risco de mofo/desconforto (> 60%). | Nível de ruído elevado – possível choro ou barulho no quarto (> 60 dB). | Bebê em posição de bruços (prono) – atenção ao risco de sufocamento.
2025-11-18T23:20:17Z,2025-11-18T23:20:17Z,safesleep-dev-01,Umidade baixa – ambiente mais seco que o ideal (< 40%). | Nível de ruído elevado – possível choro ou barulho no quarto (> 60 dB).
2025-11-18T23:20:20Z,2025-11-18T23:20:20Z,safesleep-dev-01,Temperatura acima do recomendado para o bebê (> 26 ºC).
2025-11-18T23:20:23Z,2025-11-18T23:20:23Z,safesleep-dev-01,Nível de ruído elevado – possível choro ou barulho no quarto (> 60 dB). | Bebê em posição de bruços (prono) – atenção ao risco de sufocamento.
2025-11-18T23:20:26Z,2025-11-18T23:20:26Z,safesleep-dev-01,Temperatura acima do recomendado para o bebê (> 26 ºC).
2025-11-18T23:20:29Z,2025-11-18T23:20:29Z,safesleep-dev-01,Umidade baixa – ambiente mais seco que o ideal (< 40%).
2025-11-18T23:20:35Z,2025-11-18T23:20:35Z,safesleep-dev-01,Temperatura acima do recomendado para o bebê (> 26 ºC). | Umidade alta – risco de mofo/desconforto (> 60%). | Nível de ruído elevado – possível choro ou barulho no quarto (> 60 dB).
2025-11-18T23:20:38Z,2025-11-18T23:20:38Z,safesleep-dev-01,Umidade baixa – ambiente mais seco que o ideal (< 40%).
2025-11-18T23:20:41Z,2025-11-18T23:20:41Z,safesleep-dev-01,Umidade alta – risco de mofo/desconforto (> 60%). | Nível de ruído elevado – possível choro ou barulho no quarto (> 60 dB).
2025-11-18T23:20:44Z,2025-11-18T23:20:44Z,safesleep-dev-01,Temperatura acima do recomendado para o bebê (> 26 ºC). | Bebê em posição de bruços (prono) – atenção ao risco de sufocamento.
2025-11-18T23:20:47Z,2025-11-18T23:20:47Z,safesleep-dev-01,Umidade alta – risco de mofo/desconforto (> 60%).
2025-11-18T23:20:50Z,2025-11-18T23:20:50Z,safesleep-dev-01,Temperatura abaixo do recomendado para o bebê (< 20 ºC).
2025-11-18T23:20:53Z,2025-11-18T23:20:53Z,safesleep-dev-01,Umidade alta – risco de mofo/desconforto (> 60%).
2025-11-18T23:20:56Z,2025-11-18T23:20:56Z,safesleep-dev-01,Temperatura acima do recomendado para o bebê (> 26 ºC). | Nível de ruído elevado – possível choro ou barulho no quarto (> 60 dB).
2025-11-18T23:20:59Z,2025-11-18T23:20:59Z,safesleep-dev-01,Temperatura abaixo do recomendado para o bebê (< 20 ºC). | Umidade baixa – ambiente mais seco que o ideal (< 40%). | Nível de ruído elevado – possível choro ou barulho no quarto (> 60 dB). | Bebê em posição de bruços (prono) – atenção ao risco de sufocamento.
2025-11-18T23:21:02Z,2025-11-18T23:21:02Z,safesleep-dev-01,Bebê em posição de bruços (prono) – atenção ao risco de sufocamento.
2025-11-18T23:21:05Z,2025-11-18T23:21:05Z,safesleep-dev-01,Temperatura acima do recomendado para o bebê (> 26 ºC). | Umidade alta – risco de mofo/desconforto (> 60%).
2025-11-18T23:21:08Z,2025-11-18T23:21:08Z,safesleep-dev-01,Temperatura abaixo do recomendado para o bebê (< 20 ºC). | Umidade alta – risco de mofo/desconforto (> 60%).
2025-11-18T23:21:11Z,2025-11-18T23:21:11Z,safesleep-dev-01,Temperatura abaixo do recomendado para o bebê (< 20 ºC). | Umidade alta – risco de mofo/desconforto (> 60%). | Nível de ruído elevado – possível choro ou barulho no quarto (> 60 dB).
2025-11-18T23:21:14Z,2025-11-18T23:21:14Z,safesleep-dev-01,Umidade alta – risco de mofo/desconforto (> 60%). | Nível de ruído elevado – possível choro ou barulho no quarto (> 60 dB).
2025-11-18T23:21:17Z,2025-11-18T23:21:17Z,safesleep-dev-01,Nível de ruído elevado – possível choro ou barulho no quarto (> 60 dB).
2025-11-18T23:21:23Z,2025-11-18T23:21:23Z,safesleep-dev-01,Umidade alta – risco de mofo/desconforto (> 60%). | Nível de ruído elevado – possível choro ou barulho no quarto (> 60 dB).
2025-11-18T23:21:26Z,2025-11-18T23:21:26Z,safesleep-dev-01,Temperatura acima do recomendado para o bebê (> 26 ºC). | Nível de ruído elevado – possível choro ou barulho no quarto (> 60 dB).
2025-11-18T23:21:29Z,2025-11-18T23:21:29Z,safesleep-dev-01,Temperatura acima do recomendado para o bebê (> 26 ºC). | Nível de ruído elevado – possível choro ou barulho no quarto (> 60 dB).
2025-11-18T23:21:32Z,2025-11-18T23:21:32Z,safesleep-dev-01,Nível de ruído elevado – possível choro ou barulho no quarto (> 60 dB).
2025-11-18T23:21:35Z,2025-11-18T23:21:35Z,safesleep-dev-01,Umidade alta – risco de mofo/desconforto (> 60%). | Nível de ruído elevado – possível choro ou barulho no quarto (> 60 dB).
2025-11-18T23:21:38Z,2025-11-18T23:21:38Z,safesleep-dev-01,Temperatura abaixo do recomendado para o bebê (< 20 ºC). | Umidade alta – risco de mofo/desconforto (> 60%). | Bebê em posição de bruços (prono) – atenção ao risco de sufocamento.
2025-11-18T23:21:41Z,2025-11-18T23:21:41Z,safesleep-dev-01,Umidade baixa – ambiente mais seco que o ideal (< 40%).
2025-11-18T23:21:44Z,2025-11-18T23:21:44Z,safesleep-dev-01,Temperatura abaixo do recomendado para o bebê (< 20 ºC).
2025-11-18T23:21:47Z,2025-11-18T23:21:47Z,safesleep-dev-01,Temperatura acima do recomendado para o bebê (> 26 ºC). | Umidade alta – risco de mofo/desconforto (> 60%).
2025-11-18T23:21:50Z,2025-11-18T23:21:50Z,safesleep-dev-01,Umidade baixa – ambiente mais seco que o ideal (< 40%). | Nível de ruído elevado – possível choro ou barulho no quarto (> 60 dB).
2025-11-18T23:21:53Z,2025-11-18T23:21:53Z,safesleep-dev-01,Temperatura abaixo do recomendado para o bebê (< 20 ºC). | Bebê em posição de bruços (prono) – atenção ao risco de sufocamento.
2025-11-18T23:21:56Z,2025-11-18T23:21:56Z,safesleep-dev-01,Temperatura abaixo do recomendado para o bebê (< 20 ºC). | Nível de ruído elevado – possível choro ou barulho no quarto (> 60 dB).
2025-11-18T23:22:02Z,2025-11-18T23:22:02Z,safesleep-dev-01,Nível de ruído elevado – possível choro ou barulho no quarto (> 60 dB).
2025-11-18T23:23:24Z,2025-11-18T23:23:24Z,safesleep-dev-01,Umidade baixa – ambiente mais seco que o ideal (< 40%).
2025-11-18T23:23:27Z,2025-11-18T23:23:27Z,safesleep-dev-01,Umidade alta – risco de mofo/desconforto (> 60%).
2025-11-18T23:23:30Z,2025-11-18T23:23:30Z,safesleep-dev-01,Umidade baixa – ambiente mais seco que o ideal (< 40%).
2025-11-18T23:23:33Z,2025-11-18T23:23:33Z,safesleep-dev-01,Temperatura abaixo do recomendado para o bebê (< 20 ºC).
2025-11-18T23:23:36Z,2025-11-18T23:23:36Z,safesleep-dev-01,Temperatura abaixo do recomendado para o bebê (< 20 ºC). | Umidade baixa – ambiente mais seco que o ideal (< 40%). | Nível de ruído elevado – possível choro ou barulho no quarto (> 60 dB). | Bebê em posição de bruços (prono) – atenção ao risco de sufocamento.
2025-11-18T23:23:39Z,2025-11-18T23:23:39Z,safesleep-dev-01,Temperatura acima do recomendado para o bebê (> 26 ºC). | Umidade baixa – ambiente mais seco que o ideal (< 40%). | Nível de ruído elevado – possível choro ou barulho no quarto (> 60 dB).
2025-11-18T23:23:42Z,2025-11-18T23:23:42Z,safesleep-dev-01,Nível de ruído elevado – possível choro ou barulho no quarto (> 60 dB).
2025-11-18T23:23:48Z,2025-11-18T23:23:48Z,safesleep-dev-01,Temperatura abaixo do recomendado para o bebê (< 20 ºC). | Nível de ruído elevado – possível choro ou barulho no quarto (> 60 dB).
2025-11-18T23:23:51Z,2025-11-18T23:23:51Z,safesleep-dev-01,Temperatura abaixo do recomendado para o bebê (< 20 ºC). | Umidade baixa – ambiente mais seco que o ideal (< 40%). | Bebê em posição de bruços (prono) – atenção ao risco de sufocamento.
2025-11-18T23:23:54Z,2025-11-18T23:23:54Z,safesleep-dev-01,Temperatura acima do recomendado para o bebê (> 26 ºC).
2025-11-18T23:23:57Z,2025-11-18T23:23:57Z,safesleep-dev-01,Umidade baixa – ambiente mais seco que o ideal (< 40%).
2025-11-18T23:24:00Z,2025-11-18T23:24:00Z,safesleep-dev-01,Temperatura acima do recomendado para o bebê (> 26 ºC).
2025-11-18T23:24:03Z,2025-11-18T23:24:03Z,safesleep-dev-01,Umidade baixa – ambiente mais seco que o ideal (< 40%). | Nível de ruído elevado – possível choro ou barulho no quarto (> 60 dB).
2025-11-18T23:24:09Z,2025-11-18T23:24:09Z,safesleep-dev-01,Temperatura acima do recomendado para o bebê (> 26 ºC).
2025-11-18T23:24:12Z,2025-11-18T23:24:12Z,safesleep-dev-01,Temperatura abaixo do recomendado para o bebê (< 20 ºC). | Nível de ruído elevado – possível choro ou barulho no quarto (> 60 dB). | Bebê em posição de bruços (prono) – atenção ao risco de sufocamento.
2025-11-18T23:24:18Z,2025-11-18T23:24:18Z,safesleep-dev-01,Temperatura acima do recomendado para o bebê (> 26 ºC). | Umidade baixa – ambiente mais seco que o ideal (< 40%). | Nível de ruído elevado – possível choro ou barulho no quarto (> 60 dB).
2025-11-18T23:24:21Z,2025-11-18T23:24:21Z,safesleep-dev-01,Temperatura abaixo do recomendado para o bebê (< 20 ºC).
2025-11-18T23:24:24Z,2025-11-18T23:24:24Z,safesleep-dev-01,Nível de ruído elevado – possível choro ou barulho no quarto (> 60 dB).
2025-11-18T23:24:30Z,2025-11-18T23:24:30Z,safesleep-dev-01,Temperatura abaixo do recomendado para o bebê (< 20 ºC). | Umidade baixa – ambiente mais seco que o ideal (< 40%). | Bebê em posição de bruços (prono) – atenção ao risco de sufocamento.
2025-11-18T23:24:33Z,2025-11-18T23:24:33Z,safesleep-dev-01,Temperatura abaixo do recomendado para o bebê (< 20 ºC). | Umidade baixa – ambiente mais seco que o ideal (< 40%). | Nível de ruído elevado – possível choro ou barulho no quarto (> 60 dB).
2025-11-18T23:24:36Z,2025-11-18T23:24:36Z,safesleep-dev-01,Bebê em posição de bruços (prono) – atenção ao risco de sufocamento.
2025-11-18T23:24:45Z,2025-11-18T23:24:45Z,safesleep-dev-01,Umidade baixa – ambiente mais seco que o ideal (< 40%).
2025-11-18T23:24:48Z,2025-11-18T23:24:48Z,safesleep-dev-01,Umidade alta – risco de mofo/desconforto (> 60%). | Nível de ruído elevado – possível choro ou barulho no quarto (> 60 dB).
2025-11-18T23:24:51Z,2025-11-18T23:24:51Z,safesleep-dev-01,Umidade alta – risco de mofo/desconforto (> 60%).
2025-11-18T23:24:54Z,2025-11-18T23:24:54Z,safesleep-dev-01,Temperatura abaixo do recomendado para o bebê (< 20 ºC). | Nível de ruído elevado – possível choro ou barulho no quarto (> 60 dB).
2025-11-18T23:24:57Z,2025-11-18T23:24:57Z,safesleep-dev-01,Temperatura abaixo do recomendado para o bebê (< 20 ºC).
2025-11-18T23:25:00Z,2025-11-18T23:25:00Z,safesleep-dev-01,Umidade baixa – ambiente mais seco que o ideal (< 40%).
2025-11-18T23:25:03Z,2025-11-18T23:25:03Z,safesleep-dev-01,Temperatura acima do recomendado para o bebê (> 26 ºC). | Umidade alta – risco de mofo/desconforto (> 60%).
2025-11-18T23:25:06Z,2025-11-18T23:25:06Z,safesleep-dev-01,Umidade alta – risco de mofo/desconforto (> 60%). | Nível de ruído elevado – possível choro ou barulho no quarto (> 60 dB).
2025-11-18T23:25:09Z,2025-11-18T23:25:09Z,safesleep-dev-01,Temperatura acima do recomendado para o bebê (> 26 ºC). | Umidade alta – risco de mofo/desconforto (> 60%). | Nível de ruído elevado – possível choro ou barulho no quarto (> 60 dB).
2025-11-18T23:25:12Z,2025-11-18T23:25:12Z,safesleep-dev-01,Temperatura acima do recomendado para o bebê (> 26 ºC). | Umidade baixa – ambiente mais seco que o ideal (< 40%). | Nível de ruído elevado – possível choro ou barulho no quarto (> 60 dB).
2025-11-18T23:25:15Z,2025-11-18T23:25:15Z,safesleep-dev-01,Temperatura abaixo do recomendado para o bebê (< 20 ºC). | Bebê em posição de bruços (prono) – atenção ao risco de sufocamento.
2025-11-18T23:25:18Z,2025-11-18T23:25:18Z,safesleep-dev-01,Umidade alta – risco de mofo/desconforto (> 60%). | Bebê em posição de bruços (prono) – atenção ao risco de sufocamento.
2025-11-18T23:25:21Z,2025-11-18T23:25:21Z,safesleep-dev-01,Temperatura abaixo do recomendado para o bebê (< 20 ºC).
2025-11-18T23:25:24Z,2025-11-18T23:25:24Z,safesleep-dev-01,Umidade alta – risco de mofo/desconforto (> 60%).
2025-11-18T23:25:27Z,2025-11-18T23:25:27Z,safesleep-dev-01,Umidade baixa – ambiente mais seco que o ideal (< 40%). | Nível de ruído elevado – possível choro ou barulho no quarto (> 60 dB).
2025-11-18T23:25:30Z,2025-11-18T23:25:30Z,safesleep-dev-01,Temperatura acima do recomendado para o bebê (> 26 ºC). | Umidade baixa – ambiente mais seco que o ideal (< 40%).
2025-11-18T23:25:33Z,2025-11-18T23:25:33Z,safesleep-dev-01,Temperatura acima do recomendado para o bebê (> 26 ºC).
2025-11-18T23:25:36Z,2025-11-18T23:25:36Z,safesleep-dev-01,Temperatura abaixo do recomendado para o bebê (< 20 ºC).
2025-11-18T23:25:39Z,2025-11-18T23:25:39Z,safesleep-dev-01,Umidade alta – risco de mofo/desconforto (> 60%). | Nível de ruído elevado – possível choro ou barulho no quarto (> 60 dB).
2025-11-18T23:25:42Z,2025-11-18T23:25:42Z,safesleep-dev-01,Umidade alta – risco de mofo/desconforto (> 60%). | Nível de ruído elevado – possível choro ou barulho no quarto (> 60 dB).
2025-11-18T23:25:45Z,2025-11-18T23:25:45Z,safesleep-dev-01,Umidade baixa – ambiente mais seco que o ideal (< 40%). | Nível de ruído elevado – possível choro ou barulho no quarto (> 60 dB).
2025-11-18T23:25:51Z,2025-11-18T23:25:51Z,safesleep-dev-01,Temperatura acima do recomendado para o bebê (> 26 ºC). | Umidade alta – risco de mofo/desconforto (> 60%).
2025-11-18T23:26:00Z,2025-11-18T23:26:00Z,safesleep-dev-01,Temperatura acima do recomendado para o bebê (> 26 ºC).
2025-11-18T23:26:03Z,2025-11-18T23:26:03Z,safesleep-dev-01,Temperatura acima do recomendado para o bebê (> 26 ºC). | Umidade baixa – ambiente mais seco que o ideal (< 40%).
2025-11-18T23:26:06Z,2025-11-18T23:26:06Z,safesleep-dev-01,Temperatura acima do recomendado para o bebê (> 26 ºC).
2025-11-18T23:26:09Z,2025-11-18T23:26:09Z,safesleep-dev-01,Bebê em posição de bruços (prono) – atenção ao risco de sufocamento.
2025-11-18T23:26:12Z,2025-11-18T23:26:12Z,safesleep-dev-01,Nível de ruído elevado – possível choro ou barulho no quarto (> 60 dB).
2025-11-18T23:26:15Z,2025-11-18T23:26:15Z,safesleep-dev-01,Temperatura acima do recomendado para o bebê (> 26 ºC). | Nível de ruído elevado – possível choro ou barulho no quarto (> 60 dB).
2025-11-18T23:26:18Z,2025-11-18T23:26:18Z,safesleep-dev-01,Nível de ruído elevado – possível choro ou barulho no quarto (> 60 dB).
2025-11-18T23:26:24Z,2025-11-18T23:26:24Z,safesleep-dev-01,Temperatura acima do recomendado para o bebê (> 26 ºC). | Nível de ruído elevado – possível choro ou barulho no quarto (> 60 dB).
2025-11-18T23:26:27Z,2025-11-18T23:26:27Z,safesleep-dev-01,Temperatura acima do recomendado para o bebê (> 26 ºC).
2025-11-18T23:26:30Z,2025-11-18T23:26:30Z,safesleep-dev-01,Nível de ruído elevado – possível choro ou barulho no quarto (> 60 dB).
2025-11-18T23:26:36Z,2025-11-18T23:26:36Z,safesleep-dev-01,Umidade alta – risco de mofo/desconforto (> 60%).
2025-11-18T23:26:39Z,2025-11-18T23:26:39Z,safesleep-dev-01,Temperatura abaixo do recomendado para o bebê (< 20 ºC).
2025-11-18T23:26:42Z,2025-11-18T23:26:42Z,safesleep-dev-01,Temperatura acima do recomendado para o bebê (> 26 ºC). | Umidade baixa – ambiente mais seco que o ideal (< 40%).
2025-11-18T23:26:45Z,2025-11-18T23:26:45Z,safesleep-dev-01,Umidade baixa – ambiente mais seco que o ideal (< 40%). | Bebê em posição de bruços (prono) – atenção ao risco de sufocamento.
2025-11-18T23:26:48Z,2025-11-18T23:26:48Z,safesleep-dev-01,Bebê em posição de bruços (prono) – atenção ao risco de sufocamento.
2025-11-18T23:26:51Z,2025-11-18T23:26:51Z,safesleep-dev-01,Umidade baixa – ambiente mais seco que o ideal (< 40%). | Nível de ruído elevado – possível choro ou barulho no quarto (> 60 dB).
2025-11-18T23:27:00Z,2025-11-18T23:27:00Z,safesleep-dev-01,Temperatura acima do recomendado para o bebê (> 26 ºC). | Umidade baixa – ambiente mais seco que o ideal (< 40%).
2025-11-18T23:27:06Z,2025-11-18T23:27:06Z,safesleep-dev-01,Umidade baixa – ambiente mais seco que o ideal (< 40%). | Nível de ruído elevado – possível choro ou barulho no quarto (> 60 dB).
2025-11-18T23:27:09Z,2025-11-18T23:27:09Z,safesleep-dev-01,Nível de ruído elevado – possível choro ou barulho no quarto (> 60 dB).
