logged_at_utc,ts,device_id,temperature_c,humidity_percent,noise_db,position
2025-11-18T03:25:13Z,2025-11-18T03:25:13Z,safesleep-dev-01,18.1,57.7,54.3,prono
2025-11-18T03:25:16Z,2025-11-18T03:25:16Z,safesleep-dev-01,29.9,32.3,42.5,supino
2025-11-18T03:25:19Z,2025-11-18T03:25:19Z,safesleep-dev-01,22.3,30.7,45.6,supino
2025-11-18T03:25:22Z,2025-11-18T03:25:22Z,safesleep-dev-01,19.8,40.0,45.4,supino
2025-11-18T03:25:25Z,2025-11-18T03:25:25Z,safesleep-dev-01,25.6,45.3,51.3,supino
2025-11-18T03:25:28Z,2025-11-18T03:25:28Z,safesleep-dev-01,18.7,58.4,60.2,supino
2025-11-18T03:25:31Z,2025-11-18T03:25:31Z,safesleep-dev-01,27.1,38.2,66.5,lateral
2025-11-18T03:25:34Z,2025-11-18T03:25:34Z,safesleep-dev-01,21.4,51.2,75.5,supino
2025-11-18T03:25:37Z,2025-11-18T03:25:37Z,safesleep-dev-01,20.5,63.6,59.3,supino
2025-11-18T03:25:40Z,2025-11-18T03:25:40Z,safesleep-dev-01,28.3,46.3,36.3,supino
2025-11-18T03:25:43Z,2025-11-18T03:25:43Z,safesleep-dev-01,28.4,54.8,35.3,supino
2025-11-18T03:25:46Z,2025-11-18T03:25:46Z,safesleep-dev-01,25.0,64.9,22.0,lateral
2025-11-18T03:25:49Z,2025-11-18T03:25:49Z,safesleep-dev-01,29.2,38.9,88.0,lateral
2025-11-18T03:25:52Z,2025-11-18T03:25:52Z,safesleep-dev-01,18.2,45.8,71.8,prono
2025-11-18T03:25:55Z,2025-11-18T03:25:55Z,safesleep-dev-01,19.0,31.6,73.5,supino
2025-11-18T03:25:58Z,2025-11-18T03:25:58Z,safesleep-dev-01,27.0,44.0,75.9,lateral
2025-11-18T03:27:03Z,2025-11-18T03:27:03Z,safesleep-dev-01,19.8,43.3,69.2,lateral
2025-11-18T03:27:06Z,2025-11-18T03:27:06Z,safesleep-dev-01,22.6,47.8,43.4,supino
2025-11-18T03:27:09Z,2025-11-18T03:27:09Z,safesleep-dev-01,18.5,46.6,20.5,supino
2025-11-18T03:27:12Z,2025-11-18T03:27:12Z,safesleep-dev-01,25.1,55.7,58.4,supino
2025-11-18T03:27:15Z,2025-11-18T03:27:15Z,safesleep-dev-01,22.0,43.6,43.2,supino
2025-11-18T03:27:18Z,2025-11-18T03:27:18Z,safesleep-dev-01,22.8,66.7,82.4,supino
2025-11-18T03:27:21Z,2025-11-18T03:27:21Z,safesleep-dev-01,28.5,61.5,50.0,supino
2025-11-18T03:27:24Z,2025-11-18T03:27:24Z,safesleep-dev-01,26.8,41.7,43.7,supino
2025-11-18T03:27:27Z,2025-11-18T03:27:27Z,safesleep-dev-01,25.5,40.1,27.6,supino
2025-11-18T03:27:30Z,2025-11-18T03:27:30Z,safesleep-dev-01,26.0,64.6,26.7,prono
2025-11-18T03:27:33Z,2025-11-18T03:27:33Z,safesleep-dev-01,24.2,67.1,61.3,supino
2025-11-18T03:27:36Z,2025-11-18T03:27:36Z,safesleep-dev-01,23.3,66.0,47.7,supino
2025-11-18T03:27:39Z,2025-11-18T03:27:39Z,safesleep-dev-01,28.3,46.5,74.9,supino
2025-11-18T03:27:42Z,2025-11-18T03:27:42Z,safesleep-dev-01,25.8,55.2,50.5,prono
2025-11-18T03:27:45Z,2025-11-18T03:27:45Z,safesleep-dev-01,28.6,36.8,27.4,lateral
2025-11-18T03:27:48Z,2025-11-18T03:27:48Z,safesleep-dev-01,19.2,63.8,61.7,supino
2025-11-18T03:27:51Z,2025-11-18T03:27:51Z,safesleep-dev-01,29.2,49.3,32.3,lateral
2025-11-18T03:27:54Z,2025-11-18T03:27:54Z,safesleep-dev-01,20.8,34.0,83.5,lateral
2025-11-18T03:27:57Z,2025-11-18T03:27:57Z,safesleep-dev-01,21.2,62.0,59.1,lateral
2025-11-18T03:28:00Z,2025-11-18T03:28:00Z,safesleep-dev-01,23.4,65.9,50.8,supino
2025-11-18T03:28:03Z,2025-11-18T03:28:03Z,safesleep-dev-01,24.7,54.4,43.3,prono
2025-11-18T03:28:06Z,2025-11-18T03:28:06Z,safesleep-dev-01,19.1,58.2,20.9,supino
2025-11-18T03:28:09Z,2025-11-18T03:28:09Z,safesleep-dev-01,28.2,30.8,62.4,lateral
2025-11-18T03:28:12Z,2025-11-18T03:28:12Z,safesleep-dev-01,27.9,58.6,88.9,supino
2025-11-18T03:28:15Z,2025-11-18T03:28:15Z,safesleep-dev-01,20.2,66.3,41.9,supino
2025-11-18T03:28:18Z,2025-11-18T03:28:18Z,safesleep-dev-01,20.6,30.8,31.8,lateral
2025-11-18T03:28:21Z,2025-11-18T03:28:21Z,safesleep-dev-01,26.2,33.2,65.3,supino
2025-11-18T03:28:24Z,2025-11-18T03:28:24Z,safesleep-dev-01,18.2,38.6,38.0,lateral
2025-11-18T03:28:27Z,2025-11-18T03:28:27Z,safesleep-dev-01,26.4,53.7,74.3,lateral
2025-11-18T03:28:30Z,2025-11-18T03:28:30Z,safesleep-dev-01,25.1,53.3,77.3,supino
2025-11-18T03:28:33Z,2025-11-18T03:28:33Z,safesleep-dev-01,27.3,61.0,77.8,supino
2025-11-18T03:28:36Z,2025-11-18T03:28:36Z,safesleep-dev-01,20.2,54.6,24.1,prono
2025-11-18T03:28:39Z,2025-11-18T03:28:39Z,safesleep-dev-01,18.4,34.9,76.7,supino
2025-11-18T03:28:42Z,2025-11-18T03:28:42Z,safesleep-dev-01,18.4,32.8,28.4,supino
2025-11-18T03:28:45Z,2025-11-18T03:28:45Z,safesleep-dev-01,28.0,37.4,21.1,supino
2025-11-18T03:28:48Z,2025-11-18T03:28:48Z,safesleep-dev-01,29.8,59.2,69.6,supino
2025-11-18T03:28:51Z,2025-11-18T03:28:51Z,safesleep-dev-01,18.0,33.0,53.3,lateral
2025-11-18T03:28:54Z,2025-11-18T03:28:54Z,safesleep-dev-01,20.7,40.1,75.3,supino
2025-11-18T03:28:57Z,2025-11-18T03:28:57Z,safesleep-dev-01,24.6,58.0,57.9,supino
2025-11-18T03:29:00Z,2025-11-18T03:29:00Z,safesleep-dev-01,26.2,68.7,60.9,lateral
2025-11-18T03:29:03Z,2025-11-18T03:29:03Z,safesleep-dev-01,24.3,43.0,31.2,prono
2025-11-18T03:29:06Z,2025-11-18T03:29:06Z,safesleep-dev-01,18.4,45.6,38.2,prono
2025-11-18T03:29:09Z,2025-11-18T03:29:09Z,safesleep-dev-01,26.4,59.1,54.1,lateral
2025-11-18T03:29:12Z,2025-11-18T03:29:12Z,safesleep-dev-01,29.5,63.5,56.8,lateral
2025-11-18T03:29:15Z,2025-11-18T03:29:15Z,safesleep-dev-01,24.8,42.0,59.4,supino
2025-11-18T03:29:18Z,2025-11-18T03:29:18Z,safesleep-dev-01,20.1,65.2,42.0,prono
2025-11-18T03:29:21Z,2025-11-18T03:29:21Z,safesleep-dev-01,24.5,42.7,63.2,supino
2025-11-18T03:29:24Z,2025-11-18T03:29:24Z,safesleep-dev-01,24.9,62.0,76.4,supino
2025-11-18T03:29:27Z,2025-11-18T03:29:27Z,safesleep-dev-01,21.0,58.8,83.2,lateral
2025-11-18T03:29:30Z,2025-11-18T03:29:30Z,safesleep-dev-01,22.6,56.1,70.9,supino
2025-11-18T03:29:33Z,2025-11-18T03:29:33Z,safesleep-dev-01,19.6,62.2,52.7,supino
2025-11-18T03:29:36Z,2025-11-18T03:29:36Z,safesleep-dev-01,26.5,69.5,41.4,prono
2025-11-18T03:29:39Z,2025-11-18T03:29:39Z,safesleep-dev-01,21.4,44.7,50.7,supino
2025-11-18T03:29:42Z,2025-11-18T03:29:42Z,safesleep-dev-01,25.0,45.2,47.5,lateral
2025-11-18T03:29:45Z,2025-11-18T03:29:45Z,safesleep-dev-01,20.8,51.2,65.9,supino
2025-11-18T03:29:48Z,2025-11-18T03:29:48Z,safesleep-dev-01,28.4,62.2,61.9,supino
2025-11-18T03:29:51Z,2025-11-18T03:29:51Z,safesleep-dev-01,29.5,62.3,50.2,prono
2025-11-18T03:29:54Z,2025-11-18T03:29:54Z,safesleep-dev-01,23.3,43.3,73.9,supino
2025-11-18T03:29:57Z,2025-11-18T03:29:57Z,safesleep-dev-01,27.5,54.5,79.0,prono
2025-11-18T03:30:00Z,2025-11-18T03:30:00Z,safesleep-dev-01,29.1,55.8,38.5,prono
2025-11-18T03:30:03Z,2025-11-18T03:30:03Z,safesleep-dev-01,23.7,65.5,72.7,lateral
2025-11-18T03:30:06Z,2025-11-18T03:30:06Z,safesleep-dev-01,28.0,57.2,26.6,prono
2025-11-18T03:30:09Z,2025-11-18T03:30:09Z,safesleep-dev-01,22.1,60.4,78.4,supino
2025-11-18T03:30:12Z,2025-11-18T03:30:12Z,safesleep-dev-01,19.4,32.1,59.2,supino
2025-11-18T03:30:15Z,2025-11-18T03:30:15Z,safesleep-dev-01,24.7,35.0,20.2,supino
2025-11-18T03:30:18Z,2025-11-18T03:30:18Z,safesleep-dev-01,18.2,58.5,47.6,supino
2025-11-18T03:30:21Z,2025-11-18T03:30:21Z,safesleep-dev-01,20.2,32.5,76.2,supino
2025-11-18T03:30:24Z,2025-11-18T03:30:24Z,safesleep-dev-01,29.8,41.7,78.8,supino
2025-11-18T03:30:27Z,2025-11-18T03:30:27Z,safesleep-dev-01,20.9,45.5,35.5,lateral
2025-11-18T03:30:30Z,2025-11-18T03:30:30Z,safesleep-dev-01,27.3,68.5,57.4,supino
2025-11-18T03:30:33Z,2025-11-18T03:30:33Z,safesleep-dev-01,24.1,38.1,45.3,supino
2025-11-18T03:30:36Z,2025-11-18T03:30:36Z,safesleep-dev-01,29.5,36.2,55.7,supino
2025-11-18T03:30:39Z,2025-11-18T03:30:39Z,safesleep-dev-01,22.6,57.8,42.8,prono
2025-11-18T03:30:42Z,2025-11-18T03:30:42Z,safesleep-dev-01,26.4,65.0,63.6,supino
2025-11-18T03:30:45Z,2025-11-18T03:30:45Z,safesleep-dev-01,22.4,55.7,72.1,supino
2025-11-18T03:30:48Z,2025-11-18T03:30:48Z,safesleep-dev-01,22.0,50.3,82.9,supino
2025-11-18T03:30:51Z,2025-11-18T03:30:51Z,safesleep-dev-01,26.8,32.0,31.1,supino
2025-11-18T03:30:54Z,2025-11-18T03:30:54Z,safesleep-dev-01,29.7,60.5,47.7,lateral
2025-11-18T03:30:57Z,2025-11-18T03:30:57Z,safesleep-dev-01,18.9,53.3,34.7,supino
2025-11-18T03:31:00Z,2025-11-18T03:31:00Z,safesleep-dev-01,27.1,64.4,63.2,supino
2025-11-18T03:31:03Z,2025-11-18T03:31:03Z,safesleep-dev-01,23.8,63.6,70.1,supino
2025-11-18T03:31:06Z,2025-11-18T03:31:06Z,safesleep-dev-01,18.8,54.6,58.4,lateral
2025-11-18T03:31:09Z,2025-11-18T03:31:09Z,safesleep-dev-01,25.5,65.9,78.7,supino
2025-11-18T03:31:12Z,2025-11-18T03:31:12Z,safesleep-dev-01,28.2,36.7,28.7,supino
2025-11-18T03:31:15Z,2025-11-18T03:31:15Z,safesleep-dev-01,27.5,46.1,24.9,prono
2025-11-18T03:31:18Z,2025-11-18T03:31:18Z,safesleep-dev-01,26.5,52.7,81.9,prono
2025-11-18T03:31:21Z,2025-11-18T03:31:21Z,safesleep-dev-01,29.8,67.8,87.7,supino
2025-11-18T03:31:24Z,2025-11-18T03:31:24Z,safesleep-dev-01,19.8,39.0,29.8,supino
2025-11-18T03:31:27Z,2025-11-18T03:31:27Z,safesleep-dev-01,28.6,53.3,90.0,supino
2025-11-18T03:31:31Z,2025-11-18T03:31:31Z,safesleep-dev-01,21.3,58.7,42.8,lateral
2025-11-18T03:31:34Z,2025-11-18T03:31:34Z,safesleep-dev-01,25.9,61.7,52.4,lateral
2025-11-18T03:31:37Z,2025-11-18T03:31:37Z,safesleep-dev-01,19.1,52.1,75.8,prono
2025-11-18T03:31:40Z,2025-11-18T03:31:40Z,safesleep-dev-01,24.6,69.7,60.1,supino
2025-11-18T03:31:43Z,2025-11-18T03:31:43Z,safesleep-dev-01,27.7,63.8,68.0,prono
2025-11-18T03:31:46Z,2025-11-18T03:31:46Z,safesleep-dev-01,27.6,66.1,64.4,supino
2025-11-18T03:31:49Z,2025-11-18T03:31:49Z,safesleep-dev-01,22.4,45.8,51.6,lateral
2025-11-18T03:31:52Z,2025-11-18T03:31:52Z,safesleep-dev-01,18.9,44.5,39.1,lateral
2025-11-18T03:31:55Z,2025-11-18T03:31:55Z,safesleep-dev-01,27.4,52.3,78.4,prono
2025-11-18T03:31:58Z,2025-11-18T03:31:58Z,safesleep-dev-01,18.9,34.7,78.2,supino
2025-11-18T03:32:01Z,2025-11-18T03:32:01Z,safesleep-dev-01,18.4,64.3,35.9,supino
2025-11-18T03:32:04Z,2025-11-18T03:32:04Z,safesleep-dev-01,26.5,37.0,61.0,supino
2025-11-18T03:32:07Z,2025-11-18T03:32:07Z,safesleep-dev-01,24.3,31.8,56.1,lateral
2025-11-18T03:32:10Z,2025-11-18T03:32:10Z,safesleep-dev-01,25.6,51.4,66.5,lateral
2025-11-18T03:32:13Z,2025-11-18T03:32:13Z,safesleep-dev-01,23.4,41.2,81.5,supino
2025-11-18T03:32:16Z,2025-11-18T03:32:16Z,safesleep-dev-01,21.8,68.1,50.7,lateral
2025-11-18T03:32:19Z,2025-11-18T03:32:19Z,safesleep-dev-01,23.3,43.9,71.3,lateral
2025-11-18T03:32:22Z,2025-11-18T03:32:22Z,safesleep-dev-01,25.7,63.0,30.1,lateral
2025-11-18T03:32:25Z,2025-11-18T03:32:25Z,safesleep-dev-01,26.8,53.1,22.4,prono
2025-11-18T03:32:28Z,2025-11-18T03:32:28Z,safesleep-dev-01,19.1,47.0,42.7,prono
2025-11-18T03:32:31Z,2025-11-18T03:32:31Z,safesleep-dev-01,23.8,42.2,49.7,prono
2025-11-18T03:32:34Z,2025-11-18T03:32:34Z,safesleep-dev-01,20.2,42.4,41.1,supino
2025-11-18T03:32:37Z,2025-11-18T03:32:37Z,safesleep-dev-01,23.3,32.9,62.8,prono
2025-11-18T03:32:40Z,2025-11-18T03:32:40Z,safesleep-dev-01,27.3,32.4,43.7,supino
2025-11-18T03:32:43Z,2025-11-18T03:32:43Z,safesleep-dev-01,25.6,34.5,36.9,lateral
2025-11-18T03:32:46Z,2025-11-18T03:32:46Z,safesleep-dev-01,28.1,43.0,51.3,lateral
2025-11-18T03:32:49Z,2025-11-18T03:32:49Z,safesleep-dev-01,24.6,43.2,79.8,supino
2025-11-18T03:32:52Z,2025-11-18T03:32:52Z,safesleep-dev-01,27.1,41.1,70.8,prono
2025-11-18T03:32:55Z,2025-11-18T03:32:55Z,safesleep-dev-01,24.2,66.3,88.5,lateral
2025-11-18T03:32:58Z,2025-11-18T03:32:58Z,safesleep-dev-01,20.5,59.1,56.3,supino
2025-11-18T03:33:01Z,2025-11-18T03:33:01Z,safesleep-dev-01,28.5,34.4,82.3,supino
2025-11-18T03:33:04Z,2025-11-18T03:33:04Z,safesleep-dev-01,22.1,48.4,89.0,supino
2025-11-18T03:33:07Z,2025-11-18T03:33:07Z,safesleep-dev-01,20.0,31.4,75.9,supino
2025-11-18T03:33:10Z,2025-11-18T03:33:10Z,safesleep-dev-01,29.6,42.6,34.1,supino
2025-11-18T03:33:13Z,2025-11-18T03:33:13Z,safesleep-dev-01,21.9,51.8,71.9,lateral
2025-11-18T03:33:16Z,2025-11-18T03:33:16Z,safesleep-dev-01,22.8,66.9,57.9,prono
2025-11-18T03:33:19Z,2025-11-18T03:33:19Z,safesleep-dev-01,24.0,64.6,49.3,supino
2025-11-18T03:33:22Z,2025-11-18T03:33:22Z,safesleep-dev-01,27.6,64.3,50.2,supino
2025-11-18T03:33:25Z,2025-11-18T03:33:25Z,safesleep-dev-01,25.6,54.2,24.0,lateral
2025-11-18T03:33:28Z,2025-11-18T03:33:28Z,safesleep-dev-01,28.5,37.6,76.6,supino
2025-11-18T03:33:31Z,2025-11-18T03:33:31Z,safesleep-dev-01,28.8,58.8,40.8,prono
2025-11-18T03:33:34Z,2025-11-18T03:33:34Z,safesleep-dev-01,28.1,63.2,72.5,supino
2025-11-18T03:33:37Z,2025-11-18T03:33:37Z,safesleep-dev-01,21.4,64.5,85.4,supino
2025-11-18T03:33:40Z,2025-11-18T03:33:40Z,safesleep-dev-01,25.2,51.5,65.1,supino
2025-11-18T03:33:43Z,2025-11-18T03:33:43Z,safesleep-dev-01,21.5,49.6,40.5,prono
2025-11-18T03:33:46Z,2025-11-18T03:33:46Z,safesleep-dev-01,24.9,53.9,67.9,supino
2025-11-18T03:33:49Z,2025-11-18T03:33:49Z,safesleep-dev-01,25.8,61.1,37.2,supino
2025-11-18T03:33:52Z,2025-11-18T03:33:52Z,safesleep-dev-01,18.3,42.1,41.1,supino
2025-11-18T03:33:55Z,2025-11-18T03:33:55Z,safesleep-dev-01,27.7,51.7,62.5,prono
2025-11-18T03:33:58Z,2025-11-18T03:33:58Z,safesleep-dev-01,23.5,35.4,56.4,supino
2025-11-18T03:34:01Z,2025-11-18T03:34:01Z,safesleep-dev-01,28.5,69.7,72.7,supino
2025-11-18T03:34:04Z,2025-11-18T03:34:04Z,safesleep-dev-01,27.3,54.3,29.4,lateral
2025-11-18T03:34:07Z,2025-11-18T03:34:07Z,safesleep-dev-01,24.9,63.1,87.9,supino
2025-11-18T03:34:10Z,2025-11-18T03:34:10Z,safesleep-dev-01,20.1,34.0,36.2,supino
2025-11-18T03:34:13Z,2025-11-18T03:34:13Z,safesleep-dev-01,28.1,56.0,56.5,lateral
2025-11-18T03:34:16Z,2025-11-18T03:34:16Z,safesleep-dev-01,27.4,59.1,25.6,prono
2025-11-18T03:34:19Z,2025-11-18T03:34:19Z,safesleep-dev-01,27.8,66.0,71.3,supino
2025-11-18T03:34:22Z,2025-11-18T03:34:22Z,safesleep-dev-01,23.9,35.1,49.0,prono
2025-11-18T03:34:25Z,2025-11-18T03:34:25Z,safesleep-dev-01,28.2,65.6,22.8,supino
2025-11-18T03:34:28Z,2025-11-18T03:34:28Z,safesleep-dev-01,28.4,63.3,25.0,prono
2025-11-18T03:34:31Z,2025-11-18T03:34:31Z,safesleep-dev-01,23.9,66.9,37.3,supino
2025-11-18T03:34:34Z,2025-11-18T03:34:34Z,safesleep-dev-01,20.0,40.3,46.2,lateral
2025-11-18T03:34:37Z,2025-11-18T03:34:37Z,safesleep-dev-01,21.4,53.3,25.2,lateral
2025-11-18T03:34:40Z,2025-11-18T03:34:40Z,safesleep-dev-01,18.6,63.2,46.6,supino
2025-11-18T03:34:43Z,2025-11-18T03:34:43Z,safesleep-dev-01,18.4,63.1,61.1,supino
2025-11-18T03:34:46Z,2025-11-18T03:34:46Z,safesleep-dev-01,24.5,63.6,26.0,supino
2025-11-18T03:34:49Z,2025-11-18T03:34:49Z,safesleep-dev-01,21.8,33.3,59.8,supino
2025-11-18T03:34:52Z,2025-11-18T03:34:52Z,safesleep-dev-01,19.8,47.1,84.4,lateral
2025-11-18T03:34:55Z,2025-11-18T03:34:55Z,safesleep-dev-01,25.7,32.5,50.0,supino
2025-11-18T03:34:58Z,2025-11-18T03:34:58Z,safesleep-dev-01,25.8,33.2,76.6,supino
2025-11-18T03:35:01Z,2025-11-18T03:35:01Z,safesleep-dev-01,21.3,58.1,51.8,prono
2025-11-18T03:35:04Z,2025-11-18T03:35:04Z,safesleep-dev-01,28.3,41.4,60.0,supino
2025-11-18T03:35:07Z,2025-11-18T03:35:07Z,safesleep-dev-01,29.9,53.8,20.7,supino
2025-11-18T03:35:10Z,2025-11-18T03:35:10Z,safesleep-dev-01,22.6,64.1,84.2,supino
2025-11-18T03:35:13Z,2025-11-18T03:35:13Z,safesleep-dev-01,18.3,30.3,68.4,supino
2025-11-18T03:35:16Z,2025-11-18T03:35:16Z,safesleep-dev-01,24.8,49.1,48.7,supino
2025-11-18T03:35:19Z,2025-11-18T03:35:19Z,safesleep-dev-01,18.6,36.0,77.4,lateral
2025-11-18T03:35:22Z,2025-11-18T03:35:22Z,safesleep-dev-01,20.5,33.9,27.9,supino
2025-11-18T03:35:25Z,2025-11-18T03:35:25Z,safesleep-dev-01,25.0,56.2,78.7,supino
2025-11-18T03:35:28Z,2025-11-18T03:35:28Z,safesleep-dev-01,22.5,63.0,54.3,prono
2025-11-18T03:35:31Z,2025-11-18T03:35:31Z,safesleep-dev-01,29.4,45.3,33.9,supino
2025-11-18T03:35:34Z,2025-11-18T03:35:34Z,safesleep-dev-01,29.3,47.3,25.7,supino
2025-11-18T03:35:37Z,2025-11-18T03:35:37Z,safesleep-dev-01,26.5,30.3,85.0,supino
2025-11-18T03:35:40Z,2025-11-18T03:35:40Z,safesleep-dev-01,27.1,34.0,50.3,lateral
2025-11-18T03:35:43Z,2025-11-18T03:35:43Z,safesleep-dev-01,25.2,57.6,34.5,supino
2025-11-18T03:35:46Z,2025-11-18T03:35:46Z,safesleep-dev-01,25.5,54.3,32.3,supino
2025-11-18T03:35:49Z,2025-11-18T03:35:49Z,safesleep-dev-01,25.3,68.6,76.1,lateral
2025-11-18T03:35:52Z,2025-11-18T03:35:52Z,safesleep-dev-01,25.2,40.3,63.2,supino
2025-11-18T03:35:55Z,2025-11-18T03:35:55Z,safesleep-dev-01,21.6,50.0,79.6,lateral
2025-11-18T03:35:58Z,2025-11-18T03:35:58Z,safesleep-dev-01,22.3,58.6,78.4,lateral
2025-11-18T03:36:01Z,2025-11-18T03:36:01Z,safesleep-dev-01,18.9,54.4,29.9,supino
2025-11-18T03:36:04Z,2025-11-18T03:36:04Z,safesleep-dev-01,29.3,35.2,20.2,supino
2025-11-18T03:36:07Z,2025-11-18T03:36:07Z,safesleep-dev-01,21.8,47.4,50.0,lateral
2025-11-18T03:36:10Z,2025-11-18T03:36:10Z,safesleep-dev-01,28.0,43.5,26.2,supino
2025-11-18T03:36:13Z,2025-11-18T03:36:13Z,safesleep-dev-01,23.5,68.7,70.0,lateral
2025-11-18T03:36:16Z,2025-11-18T03:36:16Z,safesleep-dev-01,18.4,58.6,46.6,supino
2025-11-18T03:36:19Z,2025-11-18T03:36:19Z,safesleep-dev-01,23.3,60.1,23.7,supino
2025-11-18T03:36:22Z,2025-11-18T03:36:22Z,safesleep-dev-01,20.8,52.8,75.8,supino
2025-11-18T03:36:25Z,2025-11-18T03:36:25Z,safesleep-dev-01,23.4,39.0,20.4,supino
2025-11-18T03:36:28Z,2025-11-18T03:36:28Z,safesleep-dev-01,22.3,44.9,32.9,supino
2025-11-18T03:36:31Z,2025-11-18T03:36:31Z,safesleep-dev-01,25.4,56.6,20.2,supino
2025-11-18T03:36:34Z,2025-11-18T03:36:34Z,safesleep-dev-01,27.5,52.2,37.6,lateral
2025-11-18T03:36:37Z,2025-11-18T03:36:37Z,safesleep-dev-01,26.6,53.0,81.9,lateral
2025-11-18T03:36:40Z,2025-11-18T03:36:40Z,safesleep-dev-01,27.5,35.5,77.1,supino
2025-11-18T03:36:43Z,2025-11-18T03:36:43Z,safesleep-dev-01,20.4,31.0,68.3,lateral
2025-11-18T03:36:46Z,2025-11-18T03:36:46Z,safesleep-dev-01,23.3,44.0,73.0,lateral
2025-11-18T03:36:49Z,2025-11-18T03:36:49Z,safesleep-dev-01,29.1,52.7,70.1,lateral
2025-11-18T03:36:52Z,2025-11-18T03:36:52Z,safesleep-dev-01,29.8,42.8,64.0,supino
2025-11-18T03:36:55Z,2025-11-18T03:36:55Z,safesleep-dev-01,27.7,42.4,23.2,supino
2025-11-18T03:36:58Z,2025-11-18T03:36:58Z,safesleep-dev-01,19.4,48.8,47.6,supino
2025-11-18T03:37:01Z,2025-11-18T03:37:01Z,safesleep-dev-01,24.6,43.5,71.4,supino
2025-11-18T03:37:04Z,2025-11-18T03:37:04Z,safesleep-dev-01,25.6,48.6,76.2,supino
2025-11-18T03:37:07Z,2025-11-18T03:37:07Z,safesleep-dev-01,20.3,36.6,24.8,supino
2025-11-18T03:37:10Z,2025-11-18T03:37:10Z,safesleep-dev-01,26.9,41.5,41.6,supino
2025-11-18T03:37:13Z,2025-11-18T03:37:13Z,safesleep-dev-01,24.3,49.9,67.7,prono
2025-11-18T03:37:16Z,2025-11-18T03:37:16Z,safesleep-dev-01,29.2,64.7,28.2,supino
2025-11-18T03:37:19Z,2025-11-18T03:37:19Z,safesleep-dev-01,24.5,60.8,85.7,supino
2025-11-18T03:37:22Z,2025-11-18T03:37:22Z,safesleep-dev-01,24.9,41.9,43.0,supino
2025-11-18T03:37:25Z,2025-11-18T03:37:25Z,safesleep-dev-01,22.2,40.5,89.1,supino
2025-11-18T03:37:28Z,2025-11-18T03:37:28Z,safesleep-dev-01,21.2,69.9,60.0,supino
2025-11-18T03:37:31Z,2025-11-18T03:37:31Z,safesleep-dev-01,28.5,58.9,48.1,lateral
2025-11-18T03:37:34Z,2025-11-18T03:37:34Z,safesleep-dev-01,26.3,61.6,38.3,lateral
2025-11-18T03:37:37Z,2025-11-18T03:37:37Z,safesleep-dev-01,24.1,32.2,55.0,prono
2025-11-18T03:37:40Z,2025-11-18T03:37:40Z,safesleep-dev-01,27.2,63.0,44.6,supino
2025-11-18T03:37:43Z,2025-11-18T03:37:43Z,safesleep-dev-01,20.5,32.4,20.5,supino
2025-11-18T03:37:46Z,2025-11-18T03:37:46Z,safesleep-dev-01,28.1,35.7,62.0,supino
2025-11-18T03:37:49Z,2025-11-18T03:37:49Z,safesleep-dev-01,18.9,64.0,55.0,supino
2025-11-18T03:37:52Z,2025-11-18T03:37:52Z,safesleep-dev-01,22.8,59.2,69.0,supino
2025-11-18T03:37:55Z,2025-11-18T03:37:55Z,safesleep-dev-01,21.9,33.8,66.1,lateral
2025-11-18T03:37:58Z,2025-11-18T03:37:58Z,safesleep-dev-01,19.9,54.4,87.7,supino
2025-11-18T03:38:01Z,2025-11-18T03:38:01Z,safesleep-dev-01,25.5,69.2,89.8,supino
2025-11-18T03:38:04Z,2025-11-18T03:38:04Z,safesleep-dev-01,27.2,40.2,68.1,supino
2025-11-18T03:38:07Z,2025-11-18T03:38:07Z,safesleep-dev-01,19.2,35.0,76.6,prono
2025-11-18T03:38:10Z,2025-11-18T03:38:10Z,safesleep-dev-01,23.3,63.2,83.0,lateral
2025-11-18T03:38:13Z,2025-11-18T03:38:13Z,safesleep-dev-01,19.1,32.3,34.3,lateral
2025-11-18T03:38:16Z,2025-11-18T03:38:16Z,safesleep-dev-01,29.0,36.9,84.9,lateral
2025-11-18T03:38:19Z,2025-11-18T03:38:19Z,safesleep-dev-01,21.6,42.3,20.5,prono
2025-11-18T03:38:22Z,2025-11-18T03:38:22Z,safesleep-dev-01,18.5,45.2,50.0,supino
2025-11-18T03:40:52Z,2025-11-18T03:40:52Z,safesleep-dev-01,26.0,58.3,81.0,supino
2025-11-18T03:40:55Z,2025-11-18T03:40:55Z,safesleep-dev-01,21.4,30.8,31.5,supino
2025-11-18T03:40:58Z,2025-11-18T03:40:58Z,safesleep-dev-01,23.6,34.3,64.2,supino
2025-11-18T03:41:01Z,2025-11-18T03:41:01Z,safesleep-dev-01,22.3,48.1,54.5,supino
2025-11-18T03:41:04Z,2025-11-18T03:41:04Z,safesleep-dev-01,23.9,61.4,56.1,supino
2025-11-18T03:41:07Z,2025-11-18T03:41:07Z,safesleep-dev-01,25.2,65.1,35.1,lateral
2025-11-18T03:41:10Z,2025-11-18T03:41:10Z,safesleep-dev-01,20.1,63.2,35.5,prono
2025-11-18T03:41:13Z,2025-11-18T03:41:13Z,safesleep-dev-01,22.0,37.4,35.4,lateral
2025-11-18T03:41:16Z,2025-11-18T03:41:16Z,safesleep-dev-01,28.8,68.2,44.6,supino
2025-11-18T03:41:19Z,2025-11-18T03:41:19Z,safesleep-dev-01,29.7,45.9,78.0,supino
2025-11-18T03:41:22Z,2025-11-18T03:41:22Z,safesleep-dev-01,28.6,38.2,36.9,lateral
2025-11-18T03:41:25Z,2025-11-18T03:41:25Z,safesleep-dev-01,18.6,46.9,46.7,supino
2025-11-18T03:41:28Z,2025-11-18T03:41:28Z,safesleep-dev-01,25.5,53.5,64.2,supino
2025-11-18T03:41:31Z,2025-11-18T03:41:31Z,safesleep-dev-01,18.9,47.5,33.1,prono
2025-11-18T03:41:34Z,2025-11-18T03:41:34Z,safesleep-dev-01,26.1,57.5,46.9,prono
2025-11-18T03:41:37Z,2025-11-18T03:41:37Z,safesleep-dev-01,22.4,51.2,51.7,lateral
2025-11-18T03:41:40Z,2025-11-18T03:41:40Z,safesleep-dev-01,29.6,47.6,44.9,prono
2025-11-18T03:41:43Z,2025-11-18T03:41:43Z,safesleep-dev-01,26.4,68.5,63.5,supino
2025-11-18T03:41:46Z,2025-11-18T03:41:46Z,safesleep-dev-01,21.6,31.2,85.0,lateral
2025-11-18T03:41:49Z,2025-11-18T03:41:49Z,safesleep-dev-01,27.1,34.7,45.0,supino
2025-11-18T03:41:52Z,2025-11-18T03:41:52Z,safesleep-dev-01,25.2,32.6,75.5,lateral
2025-11-18T03:41:55Z,2025-11-18T03:41:55Z,safesleep-dev-01,21.9,34.3,48.4,supino
2025-11-18T03:41:58Z,2025-11-18T03:41:58Z,safesleep-dev-01,21.8,35.5,65.8,lateral
2025-11-18T03:42:01Z,2025-11-18T03:42:01Z,safesleep-dev-01,27.1,38.2,78.5,supino
2025-11-18T03:42:04Z,2025-11-18T03:42:04Z,safesleep-dev-01,28.9,32.1,30.4,supino
2025-11-18T03:42:07Z,2025-11-18T03:42:07Z,safesleep-dev-01,22.8,33.0,52.8,supino
2025-11-18T03:42:10Z,2025-11-18T03:42:10Z,safesleep-dev-01,18.9,46.0,85.9,lateral
2025-11-18T03:42:13Z,2025-11-18T03:42:13Z,safesleep-dev-01,26.3,63.6,43.9,prono
2025-11-18T03:42:16Z,2025-11-18T03:42:16Z,safesleep-dev-01,29.5,62.4,27.5,prono
2025-11-18T03:42:19Z,2025-11-18T03:42:19Z,safesleep-dev-01,19.2,61.1,40.0,lateral
2025-11-18T03:42:22Z,2025-11-18T03:42:22Z,safesleep-dev-01,22.7,49.1,85.5,supino
2025-11-18T03:42:25Z,2025-11-18T03:42:25Z,safesleep-dev-01,18.7,53.7,72.2,supino
2025-11-18T03:42:28Z,2025-11-18T03:42:28Z,safesleep-dev-01,19.3,46.6,30.3,lateral
2025-11-18T03:42:31Z,2025-11-18T03:42:31Z,safesleep-dev-01,23.3,41.6,47.9,lateral
2025-11-18T03:42:34Z,2025-11-18T03:42:34Z,safesleep-dev-01,25.4,38.9,22.5,prono
2025-11-18T03:42:37Z,2025-11-18T03:42:37Z,safesleep-dev-01,28.7,53.2,87.0,supino
2025-11-18T03:42:40Z,2025-11-18T03:42:40Z,safesleep-dev-01,26.6,56.2,27.1,lateral
2025-11-18T03:42:43Z,2025-11-18T03:42:43Z,safesleep-dev-01,28.5,67.7,62.6,supino
2025-11-18T03:42:46Z,2025-11-18T03:42:46Z,safesleep-dev-01,28.1,46.6,28.7,lateral
2025-11-18T03:42:49Z,2025-11-18T03:42:49Z,safesleep-dev-01,22.2,33.2,21.7,supino
2025-11-18T03:42:52Z,2025-11-18T03:42:52Z,safesleep-dev-01,26.4,36.7,29.2,supino
2025-11-18T03:42:55Z,2025-11-18T03:42:55Z,safesleep-dev-01,25.5,59.8,88.8,supino
2025-11-18T03:42:58Z,2025-11-18T03:42:58Z,safesleep-dev-01,26.8,41.8,42.5,supino
2025-11-18T03:43:01Z,2025-11-18T03:43:01Z,safesleep-dev-01,26.3,60.7,46.0,supino
2025-11-18T03:43:04Z,2025-11-18T03:43:04Z,safesleep-dev-01,22.1,30.6,46.3,lateral
2025-11-18T03:43:07Z,2025-11-18T03:43:07Z,safesleep-dev-01,19.5,50.2,36.5,supino
2025-11-18T03:43:10Z,2025-11-18T03:43:10Z,safesleep-dev-01,21.5,45.0,67.1,lateral
2025-11-18T03:43:13Z,2025-11-18T03:43:13Z,safesleep-dev-01,20.1,60.5,33.3,supino
2025-11-18T03:43:16Z,2025-11-18T03:43:16Z,safesleep-dev-01,27.9,32.6,87.3,prono
2025-11-18T03:43:19Z,2025-11-18T03:43:19Z,safesleep-dev-01,21.7,41.8,55.1,supino
2025-11-18T03:43:22Z,2025-11-18T03:43:22Z,safesleep-dev-01,20.0,38.8,56.2,supino
2025-11-18T03:43:25Z,2025-11-18T03:43:25Z,safesleep-dev-01,27.7,33.0,24.1,lateral
2025-11-18T03:43:28Z,2025-11-18T03:43:28Z,safesleep-dev-01,29.2,43.1,65.3,supino
2025-11-18T03:43:31Z,2025-11-18T03:43:31Z,safesleep-dev-01,26.0,69.0,68.3,lateral
2025-11-18T03:43:34Z,2025-11-18T03:43:34Z,safesleep-dev-01,18.0,43.0,52.2,supino
2025-11-18T03:43:37Z,2025-11-18T03:43:37Z,safesleep-dev-01,26.6,51.4,63.7,supino
2025-11-18T03:43:40Z,2025-11-18T03:43:40Z,safesleep-dev-01,21.5,45.8,80.7,supino
2025-11-18T03:43:43Z,2025-11-18T03:43:43Z,safesleep-dev-01,27.8,36.4,59.5,supino
2025-11-18T03:43:46Z,2025-11-18T03:43:46Z,safesleep-dev-01,23.1,61.3,47.7,lateral
2025-11-18T03:43:49Z,2025-11-18T03:43:49Z,safesleep-dev-01,26.3,69.2,67.6,supino
2025-11-18T03:43:52Z,2025-11-18T03:43:52Z,safesleep-dev-01,29.1,56.8,64.2,lateral
2025-11-18T03:43:55Z,2025-11-18T03:43:55Z,safesleep-dev-01,25.7,40.0,38.8,supino
2025-11-18T03:43:58Z,2025-11-18T03:43:58Z,safesleep-dev-01,21.6,59.6,52.7,lateral
2025-11-18T03:44:01Z,2025-11-18T03:44:01Z,safesleep-dev-01,25.3,30.3,59.3,supino
2025-11-18T03:44:04Z,2025-11-18T03:44:04Z,safesleep-dev-01,29.0,55.3,24.6,lateral
2025-11-18T03:44:07Z,2025-11-18T03:44:07Z,safesleep-dev-01,18.5,39.4,39.5,supino
2025-11-18T03:44:10Z,2025-11-18T03:44:10Z,safesleep-dev-01,26.7,65.1,40.9,lateral
2025-11-18T03:44:13Z,2025-11-18T03:44:13Z,safesleep-dev-01,27.9,34.0,27.3,supino
2025-11-18T03:44:16Z,2025-11-18T03:44:16Z,safesleep-dev-01,29.1,31.8,41.3,supino
2025-11-18T03:44:19Z,2025-11-18T03:44:19Z,safesleep-dev-01,19.3,51.5,65.2,lateral
2025-11-18T03:44:22Z,2025-11-18T03:44:22Z,safesleep-dev-01,25.6,55.9,27.8,lateral
2025-11-18T03:44:25Z,2025-11-18T03:44:25Z,safesleep-dev-01,26.3,64.0,42.1,supino
2025-11-18T03:44:28Z,2025-11-18T03:44:28Z,safesleep-dev-01,22.9,59.1,34.8,prono
2025-11-18T03:44:31Z,2025-11-18T03:44:31Z,safesleep-dev-01,20.5,37.6,88.1,lateral
2025-11-18T03:44:34Z,2025-11-18T03:44:34Z,safesleep-dev-01,23.1,49.6,33.4,lateral
2025-11-18T03:44:37Z,2025-11-18T03:44:37Z,safesleep-dev-01,18.4,30.3,87.8,supino
2025-11-18T03:44:40Z,2025-11-18T03:44:40Z,safesleep-dev-01,28.8,53.8,27.7,prono
2025-11-18T03:44:43Z,2025-11-18T03:44:43Z,safesleep-dev-01,28.4,62.5,39.2,supino
2025-11-18T03:44:46Z,2025-11-18T03:44:46Z,safesleep-dev-01,22.1,63.5,65.5,lateral
2025-11-18T03:44:49Z,2025-11-18T03:44:49Z,safesleep-dev-01,23.0,48.0,32.2,supino
2025-11-18T03:44:52Z,2025-11-18T03:44:52Z,safesleep-dev-01,22.5,58.3,47.7,lateral
2025-11-18T03:44:55Z,2025-11-18T03:44:55Z,safesleep-dev-01,19.1,60.9,82.3,supino
2025-11-18T03:44:58Z,2025-11-18T03:44:58Z,safesleep-dev-01,24.3,45.1,82.5,lateral
2025-11-18T03:45:01Z,2025-11-18T03:45:01Z,safesleep-dev-01,25.6,54.0,68.0,supino
2025-11-18T03:45:04Z,2025-11-18T03:45:04Z,safesleep-dev-01,19.6,60.8,68.0,supino
2025-11-18T03:45:07Z,2025-11-18T03:45:07Z,safesleep-dev-01,23.1,65.4,27.6,supino
2025-11-18T03:45:10Z,2025-11-18T03:45:10Z,safesleep-dev-01,20.1,60.3,61.2,lateral
2025-11-18T03:45:13Z,2025-11-18T03:45:13Z,safesleep-dev-01,23.7,51.4,45.9,supino
2025-11-18T03:45:16Z,2025-11-18T03:45:16Z,safesleep-dev-01,29.5,38.5,81.8,supino
2025-11-18T03:45:19Z,2025-11-18T03:45:19Z,safesleep-dev-01,23.7,69.3,70.8,prono
2025-11-18T03:45:22Z,2025-11-18T03:45:22Z,safesleep-dev-01,18.6,60.4,28.5,lateral
2025-11-18T03:45:25Z,2025-11-18T03:45:25Z,safesleep-dev-01,26.2,66.1,89.8,supino
2025-11-18T03:45:28Z,2025-11-18T03:45:28Z,safesleep-dev-01,18.4,54.2,87.3,prono
2025-11-18T03:45:31Z,2025-11-18T03:45:31Z,safesleep-dev-01,25.1,69.3,58.8,lateral
2025-11-18T03:45:34Z,2025-11-18T03:45:34Z,safesleep-dev-01,26.1,42.7,76.2,lateral
2025-11-18T03:45:37Z,2025-11-18T03:45:37Z,safesleep-dev-01,20.8,67.7,56.3,supino
2025-11-18T03:45:40Z,2025-11-18T03:45:40Z,safesleep-dev-01,21.6,33.1,62.8,supino
2025-11-18T03:45:43Z,2025-11-18T03:45:43Z,safesleep-dev-01,28.7,46.9,58.8,supino
2025-11-18T03:45:46Z,2025-11-18T03:45:46Z,safesleep-dev-01,22.3,32.7,49.7,supino
2025-11-18T03:45:49Z,2025-11-18T03:45:49Z,safesleep-dev-01,18.8,43.2,70.4,supino
2025-11-18T03:45:52Z,2025-11-18T03:45:52Z,safesleep-dev-01,26.5,48.5,60.3,lateral
2025-11-18T03:45:55Z,2025-11-18T03:45:55Z,safesleep-dev-01,28.1,42.5,60.5,supino
2025-11-18T03:45:58Z,2025-11-18T03:45:58Z,safesleep-dev-01,19.4,36.6,24.0,supino
2025-11-18T03:46:01Z,2025-11-18T03:46:01Z,safesleep-dev-01,22.2,58.9,26.8,supino
2025-11-18T03:46:04Z,2025-11-18T03:46:04Z,safesleep-dev-01,18.7,52.2,55.3,supino
2025-11-18T03:46:07Z,2025-11-18T03:46:07Z,safesleep-dev-01,21.6,59.1,70.1,supino
2025-11-18T03:46:10Z,2025-11-18T03:46:10Z,safesleep-dev-01,26.2,58.6,79.0,lateral
2025-11-18T03:46:13Z,2025-11-18T03:46:13Z,safesleep-dev-01,29.5,50.1,60.1,supino
2025-11-18T03:46:16Z,2025-11-18T03:46:16Z,safesleep-dev-01,29.1,68.9,35.1,lateral
2025-11-18T03:46:19Z,2025-11-18T03:46:19Z,safesleep-dev-01,25.1,68.2,22.0,supino
2025-11-18T03:46:22Z,2025-11-18T03:46:22Z,safesleep-dev-01,28.9,55.2,32.5,lateral
2025-11-18T03:46:25Z,2025-11-18T03:46:25Z,safesleep-dev-01,26.5,68.0,31.8,supino
2025-11-18T03:46:28Z,2025-11-18T03:46:28Z,safesleep-dev-01,23.9,64.7,29.5,lateral
2025-11-18T03:46:31Z,2025-11-18T03:46:31Z,safesleep-dev-01,28.1,69.2,62.0,supino
2025-11-18T03:46:34Z,2025-11-18T03:46:34Z,safesleep-dev-01,18.2,37.2,85.9,lateral
2025-11-18T03:46:37Z,2025-11-18T03:46:37Z,safesleep-dev-01,24.2,31.5,23.4,lateral
2025-11-18T03:46:40Z,2025-11-18T03:46:40Z,safesleep-dev-01,27.4,65.9,53.5,supino
2025-11-18T03:46:43Z,2025-11-18T03:46:43Z,safesleep-dev-01,18.7,66.2,24.1,supino
2025-11-18T03:46:46Z,2025-11-18T03:46:46Z,safesleep-dev-01,25.3,32.7,23.2,prono
2025-11-18T03:46:49Z,2025-11-18T03:46:49Z,safesleep-dev-01,19.7,69.5,40.7,supino
2025-11-18T03:46:52Z,2025-11-18T03:46:52Z,safesleep-dev-01,25.9,39.6,89.2,supino
2025-11-18T03:46:55Z,2025-11-18T03:46:55Z,safesleep-dev-01,28.5,62.4,42.0,supino
2025-11-18T03:46:58Z,2025-11-18T03:46:58Z,safesleep-dev-01,20.6,42.4,26.7,supino
2025-11-18T03:47:01Z,2025-11-18T03:47:01Z,safesleep-dev-01,24.5,37.3,80.8,supino
2025-11-18T03:47:04Z,2025-11-18T03:47:04Z,safesleep-dev-01,29.3,31.6,35.8,supino
2025-11-18T03:47:07Z,2025-11-18T03:47:07Z,safesleep-dev-01,26.0,65.7,40.4,lateral
2025-11-18T03:47:10Z,2025-11-18T03:47:10Z,safesleep-dev-01,28.1,52.1,85.6,supino
2025-11-18T03:47:13Z,2025-11-18T03:47:13Z,safesleep-dev-01,26.3,66.4,85.7,supino
2025-11-18T03:47:16Z,2025-11-18T03:47:16Z,safesleep-dev-01,27.8,50.5,83.9,lateral
2025-11-18T03:47:19Z,2025-11-18T03:47:19Z,safesleep-dev-01,20.9,62.5,53.8,prono
2025-11-18T03:47:22Z,2025-11-18T03:47:22Z,safesleep-dev-01,26.5,50.0,72.3,supino
2025-11-18T03:47:25Z,2025-11-18T03:47:25Z,safesleep-dev-01,28.9,51.0,40.3,lateral
2025-11-18T03:47:28Z,2025-11-18T03:47:28Z,safesleep-dev-01,22.9,50.8,85.6,lateral
2025-11-18T03:47:31Z,2025-11-18T03:47:31Z,safesleep-dev-01,27.3,40.3,23.5,supino
2025-11-18T03:47:34Z,2025-11-18T03:47:34Z,safesleep-dev-01,18.2,45.1,82.3,supino
2025-11-18T03:47:37Z,2025-11-18T03:47:37Z,safesleep-dev-01,23.3,47.2,45.5,prono
2025-11-18T03:47:40Z,2025-11-18T03:47:40Z,safesleep-dev-01,21.8,58.7,58.6,supino
2025-11-18T03:47:43Z,2025-11-18T03:47:43Z,safesleep-dev-01,24.9,42.9,55.2,prono
2025-11-18T03:48:15Z,2025-11-18T03:48:15Z,safesleep-dev-01,25.8,57.9,30.5,supino
2025-11-18T03:48:18Z,2025-11-18T03:48:18Z,safesleep-dev-01,24.3,58.8,75.2,lateral
2025-11-18T03:48:21Z,2025-11-18T03:48:21Z,safesleep-dev-01,27.6,52.0,84.3,supino
2025-11-18T03:48:24Z,2025-11-18T03:48:24Z,safesleep-dev-01,22.0,39.0,21.5,supino
2025-11-18T03:48:27Z,2025-11-18T03:48:27Z,safesleep-dev-01,20.4,35.0,83.2,supino
2025-11-18T03:48:30Z,2025-11-18T03:48:30Z,safesleep-dev-01,20.1,35.5,40.0,supino
2025-11-18T03:48:33Z,2025-11-18T03:48:33Z,safesleep-dev-01,21.7,67.9,21.9,supino
2025-11-18T03:48:36Z,2025-11-18T03:48:36Z,safesleep-dev-01,21.3,36.4,78.9,supino
2025-11-18T03:48:39Z,2025-11-18T03:48:39Z,safesleep-dev-01,23.4,37.6,88.1,prono
2025-11-18T03:48:42Z,2025-11-18T03:48:42Z,safesleep-dev-01,26.3,34.7,22.2,prono
2025-11-18T03:48:45Z,2025-11-18T03:48:45Z,safesleep-dev-01,18.9,62.5,32.8,lateral
2025-11-18T03:48:48Z,2025-11-18T03:48:48Z,safesleep-dev-01,18.6,35.0,79.1,prono
2025-11-18T03:48:51Z,2025-11-18T03:48:51Z,safesleep-dev-01,21.6,50.9,88.2,supino
2025-11-18T03:48:54Z,2025-11-18T03:48:54Z,safesleep-dev-01,28.1,48.3,40.0,lateral
2025-11-18T03:48:57Z,2025-11-18T03:48:57Z,safesleep-dev-01,26.9,65.4,79.9,lateral
2025-11-18T03:49:00Z,2025-11-18T03:49:00Z,safesleep-dev-01,20.9,55.3,66.3,supino
2025-11-18T03:49:03Z,2025-11-18T03:49:03Z,safesleep-dev-01,18.2,62.4,59.7,prono
2025-11-18T03:49:06Z,2025-11-18T03:49:06Z,safesleep-dev-01,18.2,55.0,36.2,supino
2025-11-18T03:49:09Z,2025-11-18T03:49:09Z,safesleep-dev-01,22.8,36.8,42.9,supino
2025-11-18T03:49:12Z,2025-11-18T03:49:12Z,safesleep-dev-01,18.9,49.0,78.4,prono
2025-11-18T03:49:15Z,2025-11-18T03:49:15Z,safesleep-dev-01,27.1,60.4,62.9,prono
2025-11-18T03:49:18Z,2025-11-18T03:49:18Z,safesleep-dev-01,26.8,39.9,28.2,lateral
2025-11-18T03:49:21Z,2025-11-18T03:49:21Z,safesleep-dev-01,24.2,65.9,64.3,prono
2025-11-18T03:49:24Z,2025-11-18T03:49:24Z,safesleep-dev-01,19.7,30.1,49.2,supino
2025-11-18T03:49:27Z,2025-11-18T03:49:27Z,safesleep-dev-01,25.5,48.4,27.6,lateral
2025-11-18T03:49:30Z,2025-11-18T03:49:30Z,safesleep-dev-01,25.1,64.4,62.1,supino
2025-11-18T03:49:33Z,2025-11-18T03:49:33Z,safesleep-dev-01,26.0,44.3,61.4,supino
2025-11-18T22:23:08Z,2025-11-18T22:23:08Z,safesleep-dev-01,28.6,68.1,28.0,lateral
2025-11-18T22:23:11Z,2025-11-18T22:23:11Z,safesleep-dev-01,29.5,53.8,40.1,lateral
2025-11-18T22:23:14Z,2025-11-18T22:23:14Z,safesleep-dev-01,18.3,64.7,53.2,supino
2025-11-18T22:23:17Z,2025-11-18T22:23:17Z,safesleep-dev-01,28.3,53.3,37.9,supino
2025-11-18T22:23:20Z,2025-11-18T22:23:20Z,safesleep-dev-01,23.6,33.3,51.9,lateral
2025-11-18T22:23:23Z,2025-11-18T22:23:23Z,safesleep-dev-01,29.2,42.7,55.1,prono
2025-11-18T22:23:26Z,2025-11-18T22:23:26Z,safesleep-dev-01,20.9,38.3,46.4,supino
2025-11-18T22:23:29Z,2025-11-18T22:23:29Z,safesleep-dev-01,24.2,65.3,27.3,supino
2025-11-18T22:23:32Z,2025-11-18T22:23:32Z,safesleep-dev-01,22.2,40.1,74.5,supino
2025-11-18T22:23:35Z,2025-11-18T22:23:35Z,safesleep-dev-01,23.6,38.6,36.2,supino
2025-11-18T22:23:38Z,2025-11-18T22:23:38Z,safesleep-dev-01,25.2,47.3,82.2,supino
2025-11-18T22:23:41Z,2025-11-18T22:23:41Z,safesleep-dev-01,21.3,69.6,27.3,lateral
2025-11-18T22:23:44Z,2025-11-18T22:23:44Z,safesleep-dev-01,21.5,39.2,82.2,prono
2025-11-18T22:23:47Z,2025-11-18T22:23:47Z,safesleep-dev-01,26.2,45.7,39.6,supino
2025-11-18T22:23:50Z,2025-11-18T22:23:50Z,safesleep-dev-01,20.3,44.7,63.1,prono
2025-11-18T22:23:53Z,2025-11-18T22:23:53Z,safesleep-dev-01,27.0,39.1,42.0,lateral
2025-11-18T22:23:56Z,2025-11-18T22:23:56Z,safesleep-dev-01,29.0,31.1,34.3,supino
2025-11-18T22:23:59Z,2025-11-18T22:23:59Z,safesleep-dev-01,29.4,57.3,56.9,supino
2025-11-18T22:24:02Z,2025-11-18T22:24:02Z,safesleep-dev-01,24.1,45.4,45.7,supino
2025-11-18T22:24:05Z,2025-11-18T22:24:05Z,safesleep-dev-01,28.3,60.3,53.5,supino
2025-11-18T22:24:08Z,2025-11-18T22:24:08Z,safesleep-dev-01,27.6,65.9,83.1,supino
2025-11-18T22:24:11Z,2025-11-18T22:24:11Z,safesleep-dev-01,27.9,57.8,53.5,supino
2025-11-18T22:24:14Z,2025-11-18T22:24:14Z,safesleep-dev-01,21.0,37.9,64.2,supino
2025-11-18T22:24:17Z,2025-11-18T22:24:17Z,safesleep-dev-01,24.2,69.2,87.7,supino
2025-11-18T22:24:20Z,2025-11-18T22:24:20Z,safesleep-dev-01,22.2,66.6,41.8,supino
2025-11-18T22:24:23Z,2025-11-18T22:24:23Z,safesleep-dev-01,18.1,52.5,88.2,supino
2025-11-18T22:24:26Z,2025-11-18T22:24:26Z,safesleep-dev-01,20.8,58.8,24.2,supino
2025-11-18T22:24:29Z,2025-11-18T22:24:29Z,safesleep-dev-01,29.5,66.3,76.0,supino
2025-11-18T22:24:32Z,2025-11-18T22:24:32Z,safesleep-dev-01,25.2,34.2,66.6,supino
2025-11-18T22:24:35Z,2025-11-18T22:24:35Z,safesleep-dev-01,19.7,45.1,58.5,lateral
2025-11-18T22:24:38Z,2025-11-18T22:24:38Z,safesleep-dev-01,20.5,41.7,63.2,lateral
2025-11-18T22:24:41Z,2025-11-18T22:24:41Z,safesleep-dev-01,28.1,56.6,27.9,lateral
2025-11-18T22:24:44Z,2025-11-18T22:24:44Z,safesleep-dev-01,21.8,64.1,58.1,supino
2025-11-18T22:24:47Z,2025-11-18T22:24:47Z,safesleep-dev-01,26.2,49.5,43.5,supino
2025-11-18T22:24:50Z,2025-11-18T22:24:50Z,safesleep-dev-01,21.1,31.2,69.3,supino
2025-11-18T22:24:53Z,2025-11-18T22:24:53Z,safesleep-dev-01,20.9,69.8,41.5,supino
2025-11-18T22:24:56Z,2025-11-18T22:24:56Z,safesleep-dev-01,18.8,52.2,20.8,supino
2025-11-18T22:24:59Z,2025-11-18T22:24:59Z,safesleep-dev-01,27.6,45.3,53.5,supino
2025-11-18T22:25:02Z,2025-11-18T22:25:02Z,safesleep-dev-01,21.3,41.5,88.4,supino
2025-11-18T22:25:05Z,2025-11-18T22:25:05Z,safesleep-dev-01,25.4,54.8,38.5,prono
2025-11-18T22:25:08Z,2025-11-18T22:25:08Z,safesleep-dev-01,19.7,52.4,66.7,supino
2025-11-18T22:25:11Z,2025-11-18T22:25:11Z,safesleep-dev-01,25.4,63.2,74.9,prono
2025-11-18T22:25:14Z,2025-11-18T22:25:14Z,safesleep-dev-01,26.7,49.4,75.5,prono
2025-11-18T22:25:17Z,2025-11-18T22:25:17Z,safesleep-dev-01,18.2,31.1,51.9,supino
2025-11-18T22:25:20Z,2025-11-18T22:25:20Z,safesleep-dev-01,27.4,54.0,54.7,supino
2025-11-18T22:25:23Z,2025-11-18T22:25:23Z,safesleep-dev-01,22.2,53.0,33.2,supino
2025-11-18T22:25:26Z,2025-11-18T22:25:26Z,safesleep-dev-01,28.0,65.3,38.8,supino
2025-11-18T22:25:29Z,2025-11-18T22:25:29Z,safesleep-dev-01,27.1,45.2,73.1,supino
2025-11-18T22:25:32Z,2025-11-18T22:25:32Z,safesleep-dev-01,21.3,30.2,60.7,supino
2025-11-18T22:25:35Z,2025-11-18T22:25:35Z,safesleep-dev-01,26.3,45.1,85.7,prono
2025-11-18T22:25:38Z,2025-11-18T22:25:38Z,safesleep-dev-01,29.6,51.7,21.3,supino
2025-11-18T22:25:41Z,2025-11-18T22:25:41Z,safesleep-dev-01,29.4,39.0,52.7,supino
2025-11-18T22:25:44Z,2025-11-18T22:25:44Z,safesleep-dev-01,24.9,52.5,48.8,supino
2025-11-18T22:25:48Z,2025-11-18T22:25:47Z,safesleep-dev-01,20.8,51.9,42.9,lateral
2025-11-18T22:25:51Z,2025-11-18T22:25:51Z,safesleep-dev-01,19.4,36.3,87.0,supino
2025-11-18T22:25:54Z,2025-11-18T22:25:54Z,safesleep-dev-01,26.9,48.9,66.9,prono
2025-11-18T22:25:57Z,2025-11-18T22:25:57Z,safesleep-dev-01,19.9,57.0,30.3,supino
2025-11-18T22:26:00Z,2025-11-18T22:26:00Z,safesleep-dev-01,27.8,56.8,20.5,supino
2025-11-18T22:26:03Z,2025-11-18T22:26:03Z,safesleep-dev-01,26.6,68.8,47.9,supino
2025-11-18T22:26:06Z,2025-11-18T22:26:06Z,safesleep-dev-01,29.2,61.0,70.1,supino
2025-11-18T22:26:09Z,2025-11-18T22:26:09Z,safesleep-dev-01,23.9,37.3,41.6,supino
2025-11-18T22:26:12Z,2025-11-18T22:26:12Z,safesleep-dev-01,20.6,58.1,30.3,supino
2025-11-18T22:26:15Z,2025-11-18T22:26:15Z,safesleep-dev-01,20.4,61.2,89.8,prono
2025-11-18T22:26:18Z,2025-11-18T22:26:18Z,safesleep-dev-01,21.8,65.2,42.7,lateral
2025-11-18T22:26:21Z,2025-11-18T22:26:21Z,safesleep-dev-01,19.8,36.7,45.2,prono
2025-11-18T22:26:24Z,2025-11-18T22:26:24Z,safesleep-dev-01,20.0,32.3,80.2,supino
2025-11-18T22:26:27Z,2025-11-18T22:26:27Z,safesleep-dev-01,29.5,59.2,49.3,supino
2025-11-18T22:26:30Z,2025-11-18T22:26:30Z,safesleep-dev-01,23.6,66.0,29.0,supino
2025-11-18T22:26:33Z,2025-11-18T22:26:33Z,safesleep-dev-01,23.0,48.1,65.8,supino
2025-11-18T22:26:36Z,2025-11-18T22:26:36Z,safesleep-dev-01,28.9,67.9,36.1,supino
2025-11-18T22:26:39Z,2025-11-18T22:26:39Z,safesleep-dev-01,18.5,34.8,28.3,supino
2025-11-18T22:26:42Z,2025-11-18T22:26:42Z,safesleep-dev-01,18.2,38.7,39.7,supino
2025-11-18T22:26:45Z,2025-11-18T22:26:45Z,safesleep-dev-01,20.1,48.7,89.0,prono
2025-11-18T22:26:48Z,2025-11-18T22:26:48Z,safesleep-dev-01,25.6,66.5,25.1,supino
2025-11-18T22:26:51Z,2025-11-18T22:26:51Z,safesleep-dev-01,26.4,37.5,53.2,supino
2025-11-18T22:26:54Z,2025-11-18T22:26:54Z,safesleep-dev-01,22.0,42.9,82.4,supino
2025-11-18T22:26:57Z,2025-11-18T22:26:57Z,safesleep-dev-01,19.3,62.1,28.8,supino
2025-11-18T22:27:00Z,2025-11-18T22:27:00Z,safesleep-dev-01,26.4,36.8,23.2,supino
2025-11-18T22:27:03Z,2025-11-18T22:27:03Z,safesleep-dev-01,18.3,43.5,86.8,lateral
2025-11-18T22:27:06Z,2025-11-18T22:27:06Z,safesleep-dev-01,29.9,66.9,49.7,lateral
2025-11-18T22:27:09Z,2025-11-18T22:27:09Z,safesleep-dev-01,24.0,67.2,54.9,lateral
2025-11-18T22:27:12Z,2025-11-18T22:27:12Z,safesleep-dev-01,28.4,65.8,89.6,supino
2025-11-18T22:27:15Z,2025-11-18T22:27:15Z,safesleep-dev-01,26.6,65.8,26.1,supino
2025-11-18T22:27:18Z,2025-11-18T22:27:18Z,safesleep-dev-01,19.1,62.3,55.7,supino
2025-11-18T22:27:21Z,2025-11-18T22:27:21Z,safesleep-dev-01,20.4,63.2,80.3,prono
2025-11-18T22:27:24Z,2025-11-18T22:27:24Z,safesleep-dev-01,29.0,49.5,73.2,supino
2025-11-18T22:27:27Z,2025-11-18T22:27:27Z,safesleep-dev-01,19.8,69.2,60.1,lateral
2025-11-18T22:27:30Z,2025-11-18T22:27:30Z,safesleep-dev-01,28.5,57.7,60.9,lateral
2025-11-18T22:27:33Z,2025-11-18T22:27:33Z,safesleep-dev-01,25.8,49.1,74.9,lateral
2025-11-18T22:27:36Z,2025-11-18T22:27:36Z,safesleep-dev-01,19.7,44.7,54.5,supino
2025-11-18T22:27:39Z,2025-11-18T22:27:39Z,safesleep-dev-01,27.4,42.9,48.7,supino
2025-11-18T22:27:42Z,2025-11-18T22:27:42Z,safesleep-dev-01,22.0,62.4,85.7,supino
2025-11-18T22:27:45Z,2025-11-18T22:27:45Z,safesleep-dev-01,26.1,65.1,62.1,supino
2025-11-18T22:27:48Z,2025-11-18T22:27:48Z,safesleep-dev-01,24.0,48.3,44.7,prono
2025-11-18T22:27:51Z,2025-11-18T22:27:51Z,safesleep-dev-01,19.3,62.1,65.5,supino
2025-11-18T22:27:54Z,2025-11-18T22:27:54Z,safesleep-dev-01,30.0,47.7,46.7,prono
2025-11-18T22:27:57Z,2025-11-18T22:27:57Z,safesleep-dev-01,22.4,65.3,26.9,lateral
2025-11-18T22:28:00Z,2025-11-18T22:28:00Z,safesleep-dev-01,28.3,34.4,54.4,supino
2025-11-18T22:28:03Z,2025-11-18T22:28:03Z,safesleep-dev-01,18.3,40.4,37.1,supino
2025-11-18T22:28:06Z,2025-11-18T22:28:06Z,safesleep-dev-01,19.5,41.4,42.4,lateral
2025-11-18T22:28:09Z,2025-11-18T22:28:09Z,safesleep-dev-01,20.8,34.0,85.5,supino
2025-11-18T22:28:12Z,2025-11-18T22:28:12Z,safesleep-dev-01,21.7,34.6,45.9,lateral
2025-11-18T22:28:15Z,2025-11-18T22:28:15Z,safesleep-dev-01,25.0,55.3,63.0,supino
2025-11-18T22:28:18Z,2025-11-18T22:28:18Z,safesleep-dev-01,20.1,38.3,26.9,lateral
2025-11-18T22:28:21Z,2025-11-18T22:28:21Z,safesleep-dev-01,25.5,57.0,44.5,supino
2025-11-18T22:28:24Z,2025-11-18T22:28:24Z,safesleep-dev-01,20.1,39.1,20.3,supino
2025-11-18T22:28:27Z,2025-11-18T22:28:27Z,safesleep-dev-01,23.6,54.3,48.2,prono
2025-11-18T22:28:30Z,2025-11-18T22:28:30Z,safesleep-dev-01,29.2,67.5,45.5,supino
2025-11-18T22:28:33Z,2025-11-18T22:28:33Z,safesleep-dev-01,29.8,33.7,39.2,supino
2025-11-18T22:28:36Z,2025-11-18T22:28:36Z,safesleep-dev-01,26.3,56.0,49.7,supino
2025-11-18T22:28:39Z,2025-11-18T22:28:39Z,safesleep-dev-01,28.8,58.6,39.9,supino
2025-11-18T22:28:42Z,2025-11-18T22:28:42Z,safesleep-dev-01,26.9,55.4,80.8,supino
2025-11-18T22:28:45Z,2025-11-18T22:28:45Z,safesleep-dev-01,18.7,61.9,70.7,supino
2025-11-18T22:28:48Z,2025-11-18T22:28:48Z,safesleep-dev-01,19.5,55.5,35.1,supino
2025-11-18T22:28:51Z,2025-11-18T22:28:51Z,safesleep-dev-01,27.4,61.7,31.7,lateral
2025-11-18T22:28:54Z,2025-11-18T22:28:54Z,safesleep-dev-01,24.6,58.5,28.1,prono
2025-11-18T22:28:57Z,2025-11-18T22:28:57Z,safesleep-dev-01,19.3,34.1,74.0,prono
2025-11-18T22:29:00Z,2025-11-18T22:29:00Z,safesleep-dev-01,23.1,66.0,74.8,supino
2025-11-18T22:29:03Z,2025-11-18T22:29:03Z,safesleep-dev-01,21.1,62.1,42.9,supino
2025-11-18T22:29:06Z,2025-11-18T22:29:06Z,safesleep-dev-01,25.1,35.8,79.6,supino
2025-11-18T22:29:09Z,2025-11-18T22:29:09Z,safesleep-dev-01,21.0,58.6,77.0,supino
2025-11-18T22:29:12Z,2025-11-18T22:29:12Z,safesleep-dev-01,21.9,41.3,22.2,lateral
2025-11-18T22:29:15Z,2025-11-18T22:29:15Z,safesleep-dev-01,25.0,44.0,80.6,prono
2025-11-18T22:29:18Z,2025-11-18T22:29:18Z,safesleep-dev-01,25.2,33.2,50.9,supino
2025-11-18T22:29:21Z,2025-11-18T22:29:21Z,safesleep-dev-01,22.2,44.2,27.7,lateral
2025-11-18T22:29:24Z,2025-11-18T22:29:24Z,safesleep-dev-01,20.7,48.9,46.6,lateral
2025-11-18T22:29:27Z,2025-11-18T22:29:27Z,safesleep-dev-01,27.7,66.8,39.8,supino
2025-11-18T22:29:30Z,2025-11-18T22:29:30Z,safesleep-dev-01,25.7,51.7,30.7,prono
2025-11-18T22:29:33Z,2025-11-18T22:29:33Z,safesleep-dev-01,26.8,32.4,26.3,prono
2025-11-18T22:29:36Z,2025-11-18T22:29:36Z,safesleep-dev-01,21.6,51.7,42.2,supino
2025-11-18T22:29:39Z,2025-11-18T22:29:39Z,safesleep-dev-01,22.9,42.7,82.1,lateral
2025-11-18T22:29:42Z,2025-11-18T22:29:42Z,safesleep-dev-01,21.1,55.9,59.5,supino
2025-11-18T22:29:45Z,2025-11-18T22:29:45Z,safesleep-dev-01,23.6,66.2,26.1,supino
2025-11-18T22:29:48Z,2025-11-18T22:29:48Z,safesleep-dev-01,29.4,63.6,89.4,supino
2025-11-18T22:29:51Z,2025-11-18T22:29:51Z,safesleep-dev-01,22.1,53.2,85.2,supino
2025-11-18T22:29:54Z,2025-11-18T22:29:54Z,safesleep-dev-01,19.2,56.1,43.8,supino
2025-11-18T22:29:57Z,2025-11-18T22:29:57Z,safesleep-dev-01,28.2,66.9,36.2,supino
2025-11-18T22:30:00Z,2025-11-18T22:30:00Z,safesleep-dev-01,19.1,41.1,27.6,prono
2025-11-18T22:30:03Z,2025-11-18T22:30:03Z,safesleep-dev-01,23.2,33.3,84.6,supino
2025-11-18T22:30:06Z,2025-11-18T22:30:06Z,safesleep-dev-01,22.9,53.9,32.7,supino
2025-11-18T22:30:09Z,2025-11-18T22:30:09Z,safesleep-dev-01,19.6,66.2,64.7,lateral
2025-11-18T22:30:12Z,2025-11-18T22:30:12Z,safesleep-dev-01,24.7,50.9,45.2,lateral
2025-11-18T22:30:15Z,2025-11-18T22:30:15Z,safesleep-dev-01,27.1,50.1,85.6,supino
2025-11-18T22:30:18Z,2025-11-18T22:30:18Z,safesleep-dev-01,26.4,39.5,85.8,prono
2025-11-18T22:30:21Z,2025-11-18T22:30:21Z,safesleep-dev-01,24.1,60.5,32.7,supino
2025-11-18T22:30:24Z,2025-11-18T22:30:24Z,safesleep-dev-01,27.9,51.8,64.3,lateral
2025-11-18T22:30:27Z,2025-11-18T22:30:27Z,safesleep-dev-01,20.3,50.2,62.7,supino
2025-11-18T22:30:30Z,2025-11-18T22:30:30Z,safesleep-dev-01,26.8,65.8,64.5,supino
2025-11-18T22:30:33Z,2025-11-18T22:30:33Z,safesleep-dev-01,21.6,67.9,59.3,supino
2025-11-18T22:30:36Z,2025-11-18T22:30:36Z,safesleep-dev-01,18.0,36.9,84.6,lateral
2025-11-18T22:30:39Z,2025-11-18T22:30:39Z,safesleep-dev-01,21.6,59.7,28.4,prono
2025-11-18T22:30:42Z,2025-11-18T22:30:42Z,safesleep-dev-01,20.8,45.2,37.1,supino
2025-11-18T22:30:45Z,2025-11-18T22:30:45Z,safesleep-dev-01,24.8,55.9,41.1,supino
2025-11-18T22:30:48Z,2025-11-18T22:30:48Z,safesleep-dev-01,27.5,54.4,34.6,supino
2025-11-18T22:30:51Z,2025-11-18T22:30:51Z,safesleep-dev-01,22.2,56.5,27.0,supino
2025-11-18T22:30:54Z,2025-11-18T22:30:54Z,safesleep-dev-01,29.2,59.3,45.5,supino
2025-11-18T22:30:57Z,2025-11-18T22:30:57Z,safesleep-dev-01,20.0,54.6,49.9,lateral
2025-11-18T22:31:00Z,2025-11-18T22:31:00Z,safesleep-dev-01,25.3,49.0,79.8,supino
2025-11-18T22:31:03Z,2025-11-18T22:31:03Z,safesleep-dev-01,29.1,67.3,67.2,prono
2025-11-18T22:31:06Z,2025-11-18T22:31:06Z,safesleep-dev-01,20.6,48.9,61.7,supino
2025-11-18T22:31:09Z,2025-11-18T22:31:09Z,safesleep-dev-01,27.7,34.6,45.1,supino
2025-11-18T22:31:12Z,2025-11-18T22:31:12Z,safesleep-dev-01,24.4,35.5,33.4,supino
2025-11-18T22:31:15Z,2025-11-18T22:31:15Z,safesleep-dev-01,29.9,40.8,81.5,prono
2025-11-18T22:31:18Z,2025-11-18T22:31:18Z,safesleep-dev-01,24.2,47.6,39.6,supino
2025-11-18T22:31:21Z,2025-11-18T22:31:21Z,safesleep-dev-01,26.5,35.8,73.8,supino
2025-11-18T22:31:24Z,2025-11-18T22:31:24Z,safesleep-dev-01,24.8,61.7,86.9,supino
2025-11-18T22:31:27Z,2025-11-18T22:31:27Z,safesleep-dev-01,29.4,32.8,39.9,supino
2025-11-18T22:31:30Z,2025-11-18T22:31:30Z,safesleep-dev-01,25.9,51.1,83.3,supino
2025-11-18T22:31:33Z,2025-11-18T22:31:33Z,safesleep-dev-01,27.6,44.1,73.2,supino
2025-11-18T22:31:36Z,2025-11-18T22:31:36Z,safesleep-dev-01,26.9,63.5,47.4,lateral
2025-11-18T22:31:39Z,2025-11-18T22:31:39Z,safesleep-dev-01,19.1,53.7,23.7,supino
2025-11-18T22:31:42Z,2025-11-18T22:31:42Z,safesleep-dev-01,23.8,43.5,52.4,prono
2025-11-18T22:31:45Z,2025-11-18T22:31:45Z,safesleep-dev-01,25.9,35.6,24.4,supino
2025-11-18T22:31:48Z,2025-11-18T22:31:48Z,safesleep-dev-01,20.1,48.1,37.2,supino
2025-11-18T22:31:51Z,2025-11-18T22:31:51Z,safesleep-dev-01,22.1,48.3,87.8,prono
2025-11-18T22:31:54Z,2025-11-18T22:31:54Z,safesleep-dev-01,19.6,32.1,74.7,supino
2025-11-18T22:31:57Z,2025-11-18T22:31:57Z,safesleep-dev-01,23.4,57.6,53.4,lateral
2025-11-18T22:32:00Z,2025-11-18T22:32:00Z,safesleep-dev-01,23.1,58.0,65.6,prono
2025-11-18T22:32:03Z,2025-11-18T22:32:03Z,safesleep-dev-01,26.6,68.4,36.9,supino
2025-11-18T22:32:06Z,2025-11-18T22:32:06Z,safesleep-dev-01,19.2,45.5,66.1,prono
2025-11-18T22:32:09Z,2025-11-18T22:32:09Z,safesleep-dev-01,20.2,55.8,28.9,prono
2025-11-18T22:32:12Z,2025-11-18T22:32:12Z,safesleep-dev-01,24.0,31.7,40.1,supino
2025-11-18T22:32:15Z,2025-11-18T22:32:15Z,safesleep-dev-01,27.4,41.1,63.7,supino
2025-11-18T22:32:18Z,2025-11-18T22:32:18Z,safesleep-dev-01,25.6,54.4,75.8,supino
2025-11-18T22:32:21Z,2025-11-18T22:32:21Z,safesleep-dev-01,26.2,58.2,57.0,supino
2025-11-18T22:32:24Z,2025-11-18T22:32:24Z,safesleep-dev-01,25.0,31.5,69.4,supino
2025-11-18T22:32:27Z,2025-11-18T22:32:27Z,safesleep-dev-01,26.8,36.9,83.3,prono
2025-11-18T22:32:30Z,2025-11-18T22:32:30Z,safesleep-dev-01,19.8,40.9,44.2,supino
2025-11-18T22:32:33Z,2025-11-18T22:32:33Z,safesleep-dev-01,28.3,61.1,24.7,supino
2025-11-18T22:32:36Z,2025-11-18T22:32:36Z,safesleep-dev-01,20.3,52.6,70.4,prono
2025-11-18T22:32:39Z,2025-11-18T22:32:39Z,safesleep-dev-01,27.9,67.4,55.2,supino
2025-11-18T22:32:42Z,2025-11-18T22:32:42Z,safesleep-dev-01,25.8,68.5,45.7,supino
2025-11-18T22:32:45Z,2025-11-18T22:32:45Z,safesleep-dev-01,21.2,62.4,73.5,supino
2025-11-18T22:32:48Z,2025-11-18T22:32:48Z,safesleep-dev-01,20.0,53.9,81.4,supino
2025-11-18T22:32:51Z,2025-11-18T22:32:51Z,safesleep-dev-01,27.8,36.2,35.6,supino
2025-11-18T22:32:54Z,2025-11-18T22:32:54Z,safesleep-dev-01,22.2,63.9,50.6,prono
2025-11-18T22:32:57Z,2025-11-18T22:32:57Z,safesleep-dev-01,28.0,56.7,67.5,supino
2025-11-18T22:33:00Z,2025-11-18T22:33:00Z,safesleep-dev-01,19.4,34.0,72.8,lateral
2025-11-18T22:33:03Z,2025-11-18T22:33:03Z,safesleep-dev-01,19.4,37.9,21.6,lateral
2025-11-18T22:33:06Z,2025-11-18T22:33:06Z,safesleep-dev-01,28.4,36.5,36.2,lateral
2025-11-18T22:33:09Z,2025-11-18T22:33:09Z,safesleep-dev-01,21.5,69.9,51.4,lateral
2025-11-18T22:33:12Z,2025-11-18T22:33:12Z,safesleep-dev-01,19.3,52.2,86.5,lateral
2025-11-18T22:33:15Z,2025-11-18T22:33:15Z,safesleep-dev-01,28.3,60.3,38.4,supino
2025-11-18T22:33:18Z,2025-11-18T22:33:18Z,safesleep-dev-01,29.0,59.1,56.2,supino
2025-11-18T22:33:21Z,2025-11-18T22:33:21Z,safesleep-dev-01,30.0,44.2,55.6,supino
2025-11-18T22:33:24Z,2025-11-18T22:33:24Z,safesleep-dev-01,27.4,63.4,46.3,prono
2025-11-18T22:33:27Z,2025-11-18T22:33:27Z,safesleep-dev-01,18.3,33.0,87.0,supino
2025-11-18T22:33:30Z,2025-11-18T22:33:30Z,safesleep-dev-01,28.2,66.3,43.7,prono
2025-11-18T22:33:33Z,2025-11-18T22:33:33Z,safesleep-dev-01,23.6,66.2,49.9,supino
2025-11-18T22:33:36Z,2025-11-18T22:33:36Z,safesleep-dev-01,28.5,32.8,71.3,supino
2025-11-18T22:33:39Z,2025-11-18T22:33:39Z,safesleep-dev-01,27.6,69.2,76.1,lateral
2025-11-18T22:33:42Z,2025-11-18T22:33:42Z,safesleep-dev-01,23.3,61.0,22.4,supino
2025-11-18T22:33:45Z,2025-11-18T22:33:45Z,safesleep-dev-01,21.8,58.2,85.1,supino
2025-11-18T22:33:48Z,2025-11-18T22:33:48Z,safesleep-dev-01,27.2,58.0,35.8,supino
2025-11-18T22:33:51Z,2025-11-18T22:33:51Z,safesleep-dev-01,18.7,47.7,81.2,supino
2025-11-18T22:33:54Z,2025-11-18T22:33:54Z,safesleep-dev-01,26.8,68.0,35.8,supino
2025-11-18T22:33:57Z,2025-11-18T22:33:57Z,safesleep-dev-01,20.8,50.2,74.6,supino
2025-11-18T22:34:00Z,2025-11-18T22:34:00Z,safesleep-dev-01,21.3,46.7,31.0,prono
2025-11-18T22:34:03Z,2025-11-18T22:34:03Z,safesleep-dev-01,24.1,56.4,56.9,prono
2025-11-18T22:34:06Z,2025-11-18T22:34:06Z,safesleep-dev-01,19.0,53.2,83.6,supino
2025-11-18T22:34:09Z,2025-11-18T22:34:09Z,safesleep-dev-01,28.1,47.2,66.6,supino
2025-11-18T22:34:12Z,2025-11-18T22:34:12Z,safesleep-dev-01,26.2,41.3,74.7,lateral
2025-11-18T22:34:15Z,2025-11-18T22:34:15Z,safesleep-dev-01,23.3,40.4,82.1,supino
2025-11-18T22:34:18Z,2025-11-18T22:34:18Z,safesleep-dev-01,19.7,45.3,25.3,supino
2025-11-18T22:34:21Z,2025-11-18T22:34:21Z,safesleep-dev-01,26.0,54.5,29.5,supino
2025-11-18T22:34:24Z,2025-11-18T22:34:24Z,safesleep-dev-01,27.9,44.6,88.1,supino
2025-11-18T22:34:27Z,2025-11-18T22:34:27Z,safesleep-dev-01,21.4,65.9,69.1,lateral
2025-11-18T22:34:30Z,2025-11-18T22:34:30Z,safesleep-dev-01,28.7,36.7,63.4,supino
2025-11-18T22:34:33Z,2025-11-18T22:34:33Z,safesleep-dev-01,20.5,35.6,50.7,supino
2025-11-18T22:34:36Z,2025-11-18T22:34:36Z,safesleep-dev-01,21.5,50.3,55.5,supino
2025-11-18T22:34:39Z,2025-11-18T22:34:39Z,safesleep-dev-01,27.9,68.1,62.1,supino
2025-11-18T22:34:42Z,2025-11-18T22:34:42Z,safesleep-dev-01,23.3,43.6,73.0,supino
2025-11-18T22:34:45Z,2025-11-18T22:34:45Z,safesleep-dev-01,20.1,68.1,38.4,lateral
2025-11-18T22:34:48Z,2025-11-18T22:34:48Z,safesleep-dev-01,23.9,53.6,56.3,supino
2025-11-18T22:34:51Z,2025-11-18T22:34:51Z,safesleep-dev-01,22.5,52.3,38.3,lateral
2025-11-18T22:34:54Z,2025-11-18T22:34:54Z,safesleep-dev-01,24.6,62.9,27.3,lateral
2025-11-18T22:34:57Z,2025-11-18T22:34:57Z,safesleep-dev-01,20.1,63.7,61.5,supino
2025-11-18T22:35:00Z,2025-11-18T22:35:00Z,safesleep-dev-01,28.6,58.3,67.5,supino
2025-11-18T22:35:03Z,2025-11-18T22:35:03Z,safesleep-dev-01,21.1,35.3,89.8,supino
2025-11-18T22:35:06Z,2025-11-18T22:35:06Z,safesleep-dev-01,23.8,56.9,22.2,lateral
2025-11-18T22:35:09Z,2025-11-18T22:35:09Z,safesleep-dev-01,24.9,53.1,26.1,lateral
2025-11-18T22:35:12Z,2025-11-18T22:35:12Z,safesleep-dev-01,29.8,66.3,66.9,supino
2025-11-18T22:35:15Z,2025-11-18T22:35:15Z,safesleep-dev-01,24.1,68.6,32.1,prono
2025-11-18T22:35:18Z,2025-11-18T22:35:18Z,safesleep-dev-01,29.7,67.9,56.7,lateral
2025-11-18T22:35:21Z,2025-11-18T22:35:21Z,safesleep-dev-01,26.8,56.4,24.2,supino
2025-11-18T22:35:24Z,2025-11-18T22:35:24Z,safesleep-dev-01,27.7,38.3,66.1,prono
2025-11-18T22:35:27Z,2025-11-18T22:35:27Z,safesleep-dev-01,27.6,37.3,84.0,lateral
2025-11-18T22:35:30Z,2025-11-18T22:35:30Z,safesleep-dev-01,20.6,69.7,85.5,supino
2025-11-18T22:35:33Z,2025-11-18T22:35:33Z,safesleep-dev-01,29.8,64.6,75.1,supino
2025-11-18T22:35:36Z,2025-11-18T22:35:36Z,safesleep-dev-01,18.6,31.6,55.2,prono
2025-11-18T22:35:39Z,2025-11-18T22:35:39Z,safesleep-dev-01,26.1,33.7,88.4,supino
2025-11-18T22:35:42Z,2025-11-18T22:35:42Z,safesleep-dev-01,19.7,32.3,73.4,lateral
2025-11-18T22:35:45Z,2025-11-18T22:35:45Z,safesleep-dev-01,21.6,56.2,21.8,supino
2025-11-18T22:35:48Z,2025-11-18T22:35:48Z,safesleep-dev-01,28.0,30.3,45.6,supino
2025-11-18T22:35:51Z,2025-11-18T22:35:51Z,safesleep-dev-01,27.5,33.7,83.7,lateral
2025-11-18T22:35:54Z,2025-11-18T22:35:54Z,safesleep-dev-01,25.3,56.6,30.7,supino
2025-11-18T22:35:57Z,2025-11-18T22:35:57Z,safesleep-dev-01,19.5,56.9,73.6,lateral
2025-11-18T22:36:00Z,2025-11-18T22:36:00Z,safesleep-dev-01,23.1,65.4,87.2,supino
2025-11-18T22:36:03Z,2025-11-18T22:36:03Z,safesleep-dev-01,23.7,50.4,69.1,lateral
2025-11-18T22:36:06Z,2025-11-18T22:36:06Z,safesleep-dev-01,18.8,67.1,28.2,supino
2025-11-18T22:36:09Z,2025-11-18T22:36:09Z,safesleep-dev-01,25.2,64.3,40.6,supino
2025-11-18T22:36:12Z,2025-11-18T22:36:12Z,safesleep-dev-01,28.9,58.9,88.7,supino
2025-11-18T22:36:15Z,2025-11-18T22:36:15Z,safesleep-dev-01,26.3,48.1,74.9,lateral
2025-11-18T22:36:18Z,2025-11-18T22:36:18Z,safesleep-dev-01,29.1,46.4,59.1,prono
2025-11-18T22:36:21Z,2025-11-18T22:36:21Z,safesleep-dev-01,21.3,33.9,83.4,prono
2025-11-18T22:36:24Z,2025-11-18T22:36:24Z,safesleep-dev-01,26.6,47.4,76.1,supino
2025-11-18T22:36:27Z,2025-11-18T22:36:27Z,safesleep-dev-01,18.5,30.2,82.4,prono
2025-11-18T22:36:30Z,2025-11-18T22:36:30Z,safesleep-dev-01,27.0,44.9,70.1,lateral
2025-11-18T22:36:33Z,2025-11-18T22:36:33Z,safesleep-dev-01,27.6,49.2,38.1,supino
2025-11-18T22:36:36Z,2025-11-18T22:36:36Z,safesleep-dev-01,26.4,53.5,86.1,supino
2025-11-18T22:36:39Z,2025-11-18T22:36:39Z,safesleep-dev-01,29.8,34.9,40.8,supino
2025-11-18T22:36:42Z,2025-11-18T22:36:42Z,safesleep-dev-01,20.7,48.2,59.1,supino
2025-11-18T22:36:45Z,2025-11-18T22:36:45Z,safesleep-dev-01,21.5,55.7,49.6,supino
2025-11-18T22:36:48Z,2025-11-18T22:36:48Z,safesleep-dev-01,26.2,34.1,79.6,lateral
2025-11-18T22:36:51Z,2025-11-18T22:36:51Z,safesleep-dev-01,27.0,42.7,82.8,supino
2025-11-18T22:36:54Z,2025-11-18T22:36:54Z,safesleep-dev-01,27.1,45.3,62.7,lateral
2025-11-18T22:36:57Z,2025-11-18T22:36:57Z,safesleep-dev-01,18.7,62.6,55.1,lateral
2025-11-18T22:37:00Z,2025-11-18T22:37:00Z,safesleep-dev-01,28.3,56.0,36.1,supino
2025-11-18T22:37:03Z,2025-11-18T22:37:03Z,safesleep-dev-01,22.3,52.2,27.3,lateral
2025-11-18T22:37:06Z,2025-11-18T22:37:06Z,safesleep-dev-01,20.6,56.4,44.3,supino
2025-11-18T22:37:09Z,2025-11-18T22:37:09Z,safesleep-dev-01,21.7,43.1,77.2,supino
2025-11-18T22:37:12Z,2025-11-18T22:37:12Z,safesleep-dev-01,25.1,35.2,28.4,supino
2025-11-18T22:37:15Z,2025-11-18T22:37:15Z,safesleep-dev-01,20.0,40.1,48.5,supino
2025-11-18T22:37:18Z,2025-11-18T22:37:18Z,safesleep-dev-01,20.9,66.6,58.9,lateral
2025-11-18T22:37:21Z,2025-11-18T22:37:21Z,safesleep-dev-01,18.3,67.4,41.6,supino
2025-11-18T22:37:24Z,2025-11-18T22:37:24Z,safesleep-dev-01,23.3,41.4,74.7,supino
2025-11-18T22:37:27Z,2025-11-18T22:37:27Z,safesleep-dev-01,19.9,55.7,55.2,lateral
2025-11-18T22:37:30Z,2025-11-18T22:37:30Z,safesleep-dev-01,18.4,33.1,34.1,lateral
2025-11-18T22:37:33Z,2025-11-18T22:37:33Z,safesleep-dev-01,26.0,57.3,26.9,lateral
2025-11-18T22:37:36Z,2025-11-18T22:37:36Z,safesleep-dev-01,18.1,45.8,72.1,lateral
2025-11-18T22:37:39Z,2025-11-18T22:37:39Z,safesleep-dev-01,22.2,53.5,45.0,supino
2025-11-18T22:37:42Z,2025-11-18T22:37:42Z,safesleep-dev-01,23.2,65.6,80.8,supino
2025-11-18T22:37:45Z,2025-11-18T22:37:45Z,safesleep-dev-01,29.0,39.5,41.3,supino
2025-11-18T22:37:48Z,2025-11-18T22:37:48Z,safesleep-dev-01,27.2,56.0,71.0,supino
2025-11-18T22:37:51Z,2025-11-18T22:37:51Z,safesleep-dev-01,19.3,52.5,79.1,supino
2025-11-18T22:37:54Z,2025-11-18T22:37:54Z,safesleep-dev-01,21.7,54.5,77.9,supino
2025-11-18T22:37:57Z,2025-11-18T22:37:57Z,safesleep-dev-01,29.1,38.7,48.4,supino
2025-11-18T22:38:00Z,2025-11-18T22:38:00Z,safesleep-dev-01,23.8,42.2,45.4,prono
2025-11-18T22:38:03Z,2025-11-18T22:38:03Z,safesleep-dev-01,24.0,62.0,85.1,supino
2025-11-18T22:38:06Z,2025-11-18T22:38:06Z,safesleep-dev-01,26.2,42.9,20.4,supino
2025-11-18T22:38:09Z,2025-11-18T22:38:09Z,safesleep-dev-01,20.2,41.7,24.8,lateral
2025-11-18T22:38:12Z,2025-11-18T22:38:12Z,safesleep-dev-01,21.8,66.9,28.4,lateral
2025-11-18T22:38:15Z,2025-11-18T22:38:15Z,safesleep-dev-01,22.8,48.2,66.9,supino
2025-11-18T22:38:18Z,2025-11-18T22:38:18Z,safesleep-dev-01,24.5,42.4,24.6,supino
2025-11-18T22:38:21Z,2025-11-18T22:38:21Z,safesleep-dev-01,24.6,61.6,25.0,supino
2025-11-18T22:38:24Z,2025-11-18T22:38:24Z,safesleep-dev-01,22.6,59.4,81.8,supino
2025-11-18T22:38:27Z,2025-11-18T22:38:27Z,safesleep-dev-01,29.0,59.4,80.1,supino
2025-11-18T22:38:30Z,2025-11-18T22:38:30Z,safesleep-dev-01,18.0,52.7,49.8,supino
2025-11-18T22:38:33Z,2025-11-18T22:38:33Z,safesleep-dev-01,24.5,39.9,32.4,prono
2025-11-18T22:38:36Z,2025-11-18T22:38:36Z,safesleep-dev-01,18.8,44.2,55.1,supino
2025-11-18T22:38:39Z,2025-11-18T22:38:39Z,safesleep-dev-01,25.9,58.5,36.9,lateral
2025-11-18T22:38:42Z,2025-11-18T22:38:42Z,safesleep-dev-01,26.8,56.2,57.9,lateral
2025-11-18T22:38:45Z,2025-11-18T22:38:45Z,safesleep-dev-01,21.2,48.7,36.4,lateral
2025-11-18T22:38:48Z,2025-11-18T22:38:48Z,safesleep-dev-01,20.3,60.0,72.2,supino
2025-11-18T22:38:51Z,2025-11-18T22:38:51Z,safesleep-dev-01,18.6,69.7,53.1,supino
2025-11-18T22:38:54Z,2025-11-18T22:38:54Z,safesleep-dev-01,29.5,55.9,82.8,supino
2025-11-18T22:38:57Z,2025-11-18T22:38:57Z,safesleep-dev-01,25.2,62.5,37.5,supino
2025-11-18T22:39:00Z,2025-11-18T22:39:00Z,safesleep-dev-01,23.7,66.7,58.8,supino
2025-11-18T22:39:03Z,2025-11-18T22:39:03Z,safesleep-dev-01,22.1,56.9,56.5,prono
2025-11-18T22:39:06Z,2025-11-18T22:39:06Z,safesleep-dev-01,26.5,35.0,21.0,supino
2025-11-18T22:39:09Z,2025-11-18T22:39:09Z,safesleep-dev-01,23.0,44.3,21.3,lateral
2025-11-18T22:39:12Z,2025-11-18T22:39:12Z,safesleep-dev-01,20.4,49.6,87.3,supino
2025-11-18T22:39:15Z,2025-11-18T22:39:15Z,safesleep-dev-01,28.1,31.2,20.1,prono
2025-11-18T22:39:18Z,2025-11-18T22:39:18Z,safesleep-dev-01,24.5,51.2,53.5,supino
2025-11-18T22:39:21Z,2025-11-18T22:39:21Z,safesleep-dev-01,24.7,68.2,50.1,supino
2025-11-18T22:39:24Z,2025-11-18T22:39:24Z,safesleep-dev-01,28.5,45.2,81.5,prono
2025-11-18T22:39:27Z,2025-11-18T22:39:27Z,safesleep-dev-01,22.8,38.7,61.5,lateral
2025-11-18T22:39:30Z,2025-11-18T22:39:30Z,safesleep-dev-01,25.3,56.4,20.3,lateral
2025-11-18T22:39:33Z,2025-11-18T22:39:33Z,safesleep-dev-01,24.6,51.0,57.2,prono
2025-11-18T22:39:36Z,2025-11-18T22:39:36Z,safesleep-dev-01,20.3,68.3,33.5,supino
2025-11-18T22:39:39Z,2025-11-18T22:39:39Z,safesleep-dev-01,27.3,59.1,58.9,prono
2025-11-18T22:39:42Z,2025-11-18T22:39:42Z,safesleep-dev-01,22.7,57.3,53.0,supino
2025-11-18T22:39:45Z,2025-11-18T22:39:45Z,safesleep-dev-01,28.5,38.7,33.6,supino
2025-11-18T22:39:48Z,2025-11-18T22:39:48Z,safesleep-dev-01,20.6,64.4,22.5,supino
2025-11-18T22:39:51Z,2025-11-18T22:39:51Z,safesleep-dev-01,23.8,57.7,79.1,prono
2025-11-18T22:39:54Z,2025-11-18T22:39:54Z,safesleep-dev-01,29.4,59.1,33.3,prono
2025-11-18T22:39:57Z,2025-11-18T22:39:57Z,safesleep-dev-01,25.5,36.1,47.3,supino
2025-11-18T22:40:00Z,2025-11-18T22:40:00Z,safesleep-dev-01,28.3,60.7,67.9,supino
2025-11-18T22:40:03Z,2025-11-18T22:40:03Z,safesleep-dev-01,24.9,66.4,33.0,lateral
2025-11-18T22:40:06Z,2025-11-18T22:40:06Z,safesleep-dev-01,29.9,51.4,23.2,prono
2025-11-18T22:40:09Z,2025-11-18T22:40:09Z,safesleep-dev-01,21.2,33.8,59.7,supino
2025-11-18T22:40:12Z,2025-11-18T22:40:12Z,safesleep-dev-01,20.0,67.4,64.6,supino
2025-11-18T22:40:15Z,2025-11-18T22:40:15Z,safesleep-dev-01,23.6,65.4,36.7,lateral
2025-11-18T22:40:18Z,2025-11-18T22:40:18Z,safesleep-dev-01,26.9,53.5,48.9,supino
2025-11-18T22:40:21Z,2025-11-18T22:40:21Z,safesleep-dev-01,24.4,69.7,58.3,lateral
2025-11-18T22:40:24Z,2025-11-18T22:40:24Z,safesleep-dev-01,19.4,62.7,54.7,prono
2025-11-18T22:40:27Z,2025-11-18T22:40:27Z,safesleep-dev-01,23.1,58.9,69.3,supino
2025-11-18T22:40:30Z,2025-11-18T22:40:30Z,safesleep-dev-01,19.7,67.6,56.1,supino
2025-11-18T22:40:33Z,2025-11-18T22:40:33Z,safesleep-dev-01,22.6,53.9,52.9,supino
2025-11-18T22:40:36Z,2025-11-18T22:40:36Z,safesleep-dev-01,20.9,63.7,34.0,supino
2025-11-18T22:40:39Z,2025-11-18T22:40:39Z,safesleep-dev-01,18.9,59.5,72.2,supino
2025-11-18T22:40:42Z,2025-11-18T22:40:42Z,safesleep-dev-01,24.6,66.0,46.3,supino
2025-11-18T22:40:45Z,2025-11-18T22:40:45Z,safesleep-dev-01,29.3,48.9,74.8,supino
2025-11-18T22:40:48Z,2025-11-18T22:40:48Z,safesleep-dev-01,19.6,53.9,50.6,supino
2025-11-18T22:40:51Z,2025-11-18T22:40:51Z,safesleep-dev-01,28.3,69.7,78.8,lateral
2025-11-18T22:40:54Z,2025-11-18T22:40:54Z,safesleep-dev-01,28.1,38.1,62.3,supino
2025-11-18T22:40:57Z,2025-11-18T22:40:57Z,safesleep-dev-01,25.5,61.1,25.6,lateral
2025-11-18T22:41:00Z,2025-11-18T22:41:00Z,safesleep-dev-01,19.3,41.2,27.0,supino
2025-11-18T22:41:03Z,2025-11-18T22:41:03Z,safesleep-dev-01,27.6,50.0,67.7,prono
2025-11-18T22:41:06Z,2025-11-18T22:41:06Z,safesleep-dev-01,21.3,68.2,89.9,supino
2025-11-18T22:41:09Z,2025-11-18T22:41:09Z,safesleep-dev-01,28.1,54.6,56.2,supino
2025-11-18T22:41:12Z,2025-11-18T22:41:12Z,safesleep-dev-01,18.1,53.5,75.0,prono
2025-11-18T22:41:15Z,2025-11-18T22:41:15Z,safesleep-dev-01,25.8,68.2,45.0,supino
2025-11-18T22:41:18Z,2025-11-18T22:41:18Z,safesleep-dev-01,20.2,53.8,40.3,lateral
2025-11-18T22:41:21Z,2025-11-18T22:41:21Z,safesleep-dev-01,21.5,54.8,74.3,lateral
2025-11-18T22:41:24Z,2025-11-18T22:41:24Z,safesleep-dev-01,25.1,57.6,74.0,supino
2025-11-18T22:41:27Z,2025-11-18T22:41:27Z,safesleep-dev-01,21.2,67.3,61.8,supino
2025-11-18T22:41:30Z,2025-11-18T22:41:30Z,safesleep-dev-01,19.9,39.7,25.9,supino
2025-11-18T22:41:33Z,2025-11-18T22:41:33Z,safesleep-dev-01,21.6,53.3,74.7,supino
2025-11-18T22:41:36Z,2025-11-18T22:41:36Z,safesleep-dev-01,23.4,63.4,56.4,prono
2025-11-18T22:41:39Z,2025-11-18T22:41:39Z,safesleep-dev-01,18.8,66.1,23.3,prono
2025-11-18T22:41:42Z,2025-11-18T22:41:42Z,safesleep-dev-01,27.1,53.5,48.1,supino
2025-11-18T22:41:45Z,2025-11-18T22:41:45Z,safesleep-dev-01,27.9,48.1,26.0,prono
2025-11-18T22:41:48Z,2025-11-18T22:41:48Z,safesleep-dev-01,21.5,54.0,66.8,prono
2025-11-18T22:41:51Z,2025-11-18T22:41:51Z,safesleep-dev-01,21.6,45.4,24.3,lateral
2025-11-18T22:41:54Z,2025-11-18T22:41:54Z,safesleep-dev-01,28.7,53.2,38.4,supino
2025-11-18T22:41:57Z,2025-11-18T22:41:57Z,safesleep-dev-01,29.7,35.5,34.1,lateral
2025-11-18T22:42:00Z,2025-11-18T22:42:00Z,safesleep-dev-01,23.0,33.9,88.0,prono
2025-11-18T22:42:03Z,2025-11-18T22:42:03Z,safesleep-dev-01,26.1,34.4,27.7,prono
2025-11-18T22:42:06Z,2025-11-18T22:42:06Z,safesleep-dev-01,23.5,55.5,68.2,supino
2025-11-18T22:42:09Z,2025-11-18T22:42:09Z,safesleep-dev-01,24.5,69.1,55.9,prono
2025-11-18T22:42:12Z,2025-11-18T22:42:12Z,safesleep-dev-01,24.0,48.0,77.6,supino
2025-11-18T22:42:15Z,2025-11-18T22:42:15Z,safesleep-dev-01,19.5,47.2,75.7,supino
2025-11-18T22:42:18Z,2025-11-18T22:42:18Z,safesleep-dev-01,20.1,32.8,64.6,supino
2025-11-18T22:42:21Z,2025-11-18T22:42:21Z,safesleep-dev-01,24.7,31.9,73.5,prono
2025-11-18T22:42:24Z,2025-11-18T22:42:24Z,safesleep-dev-01,27.7,37.8,62.7,supino
2025-11-18T22:42:27Z,2025-11-18T22:42:27Z,safesleep-dev-01,23.9,33.2,56.8,supino
2025-11-18T22:42:30Z,2025-11-18T22:42:30Z,safesleep-dev-01,28.8,56.6,69.9,supino
2025-11-18T22:42:33Z,2025-11-18T22:42:33Z,safesleep-dev-01,28.0,38.8,73.4,prono
2025-11-18T22:42:36Z,2025-11-18T22:42:36Z,safesleep-dev-01,24.4,47.7,34.4,supino
2025-11-18T22:42:39Z,2025-11-18T22:42:39Z,safesleep-dev-01,23.9,39.8,82.6,lateral
2025-11-18T22:42:42Z,2025-11-18T22:42:42Z,safesleep-dev-01,22.4,53.4,40.4,supino
2025-11-18T22:42:46Z,2025-11-18T22:42:46Z,safesleep-dev-01,18.1,51.9,47.1,supino
2025-11-18T22:42:49Z,2025-11-18T22:42:49Z,safesleep-dev-01,22.0,67.9,57.5,lateral
2025-11-18T22:42:52Z,2025-11-18T22:42:52Z,safesleep-dev-01,22.7,54.7,52.6,lateral
2025-11-18T22:42:55Z,2025-11-18T22:42:55Z,safesleep-dev-01,23.6,51.7,27.7,supino
2025-11-18T22:42:58Z,2025-11-18T22:42:58Z,safesleep-dev-01,23.3,57.9,42.3,supino
2025-11-18T22:43:01Z,2025-11-18T22:43:01Z,safesleep-dev-01,20.6,68.7,30.8,supino
2025-11-18T22:43:04Z,2025-11-18T22:43:04Z,safesleep-dev-01,24.2,44.9,57.6,supino
2025-11-18T22:43:07Z,2025-11-18T22:43:07Z,safesleep-dev-01,22.1,30.5,24.4,supino
2025-11-18T22:43:10Z,2025-11-18T22:43:10Z,safesleep-dev-01,19.3,42.2,33.2,supino
2025-11-18T22:43:13Z,2025-11-18T22:43:13Z,safesleep-dev-01,18.1,68.9,49.1,lateral
2025-11-18T22:43:16Z,2025-11-18T22:43:16Z,safesleep-dev-01,27.5,45.1,68.0,lateral
2025-11-18T22:43:19Z,2025-11-18T22:43:19Z,safesleep-dev-01,21.8,43.4,30.2,lateral
2025-11-18T22:43:22Z,2025-11-18T22:43:22Z,safesleep-dev-01,24.5,38.4,37.9,supino
2025-11-18T22:43:25Z,2025-11-18T22:43:25Z,safesleep-dev-01,26.5,63.3,41.5,lateral
2025-11-18T22:43:28Z,2025-11-18T22:43:28Z,safesleep-dev-01,29.9,55.0,45.4,supino
2025-11-18T22:43:31Z,2025-11-18T22:43:31Z,safesleep-dev-01,26.4,43.6,42.7,lateral
2025-11-18T22:43:34Z,2025-11-18T22:43:34Z,safesleep-dev-01,26.3,65.0,23.5,lateral
2025-11-18T22:43:37Z,2025-11-18T22:43:37Z,safesleep-dev-01,20.6,49.4,56.2,prono
2025-11-18T22:43:40Z,2025-11-18T22:43:40Z,safesleep-dev-01,22.8,49.9,53.9,lateral
2025-11-18T22:43:43Z,2025-11-18T22:43:43Z,safesleep-dev-01,26.8,52.4,87.2,lateral
2025-11-18T22:43:46Z,2025-11-18T22:43:46Z,safesleep-dev-01,29.2,54.2,44.6,supino
2025-11-18T22:43:49Z,2025-11-18T22:43:49Z,safesleep-dev-01,28.7,56.1,56.5,supino
2025-11-18T22:43:52Z,2025-11-18T22:43:52Z,safesleep-dev-01,28.2,46.7,74.7,supino
2025-11-18T22:43:55Z,2025-11-18T22:43:55Z,safesleep-dev-01,18.2,33.0,38.2,prono
2025-11-18T22:43:58Z,2025-11-18T22:43:58Z,safesleep-dev-01,30.0,44.0,75.4,lateral
2025-11-18T22:44:01Z,2025-11-18T22:44:01Z,safesleep-dev-01,23.6,35.7,64.5,supino
2025-11-18T22:44:04Z,2025-11-18T22:44:04Z,safesleep-dev-01,27.4,51.7,86.7,supino
2025-11-18T22:44:07Z,2025-11-18T22:44:07Z,safesleep-dev-01,21.1,50.2,26.6,supino
2025-11-18T22:44:10Z,2025-11-18T22:44:10Z,safesleep-dev-01,19.2,58.0,20.5,lateral
2025-11-18T22:44:13Z,2025-11-18T22:44:13Z,safesleep-dev-01,19.0,60.6,74.2,supino
2025-11-18T22:44:16Z,2025-11-18T22:44:16Z,safesleep-dev-01,27.0,36.8,20.6,lateral
2025-11-18T22:44:19Z,2025-11-18T22:44:19Z,safesleep-dev-01,24.2,51.9,68.7,supino
2025-11-18T22:44:22Z,2025-11-18T22:44:22Z,safesleep-dev-01,20.4,33.1,29.9,lateral
2025-11-18T22:44:25Z,2025-11-18T22:44:25Z,safesleep-dev-01,26.2,59.3,37.6,supino
2025-11-18T22:44:28Z,2025-11-18T22:44:28Z,safesleep-dev-01,24.4,35.3,57.6,lateral
2025-11-18T22:44:31Z,2025-11-18T22:44:31Z,safesleep-dev-01,27.3,35.1,84.5,supino
2025-11-18T22:44:34Z,2025-11-18T22:44:34Z,safesleep-dev-01,20.5,47.6,26.3,lateral
2025-11-18T22:44:37Z,2025-11-18T22:44:37Z,safesleep-dev-01,29.7,53.5,45.5,prono
2025-11-18T22:44:40Z,2025-11-18T22:44:40Z,safesleep-dev-01,25.6,68.6,59.5,lateral
2025-11-18T22:44:43Z,2025-11-18T22:44:43Z,safesleep-dev-01,22.7,62.4,89.5,prono
2025-11-18T22:44:46Z,2025-11-18T22:44:46Z,safesleep-dev-01,28.6,69.8,37.5,supino
2025-11-18T22:44:49Z,2025-11-18T22:44:49Z,safesleep-dev-01,26.1,53.1,72.5,lateral
2025-11-18T22:44:52Z,2025-11-18T22:44:52Z,safesleep-dev-01,25.0,50.9,73.6,supino
2025-11-18T22:44:55Z,2025-11-18T22:44:55Z,safesleep-dev-01,24.5,42.7,38.6,supino
2025-11-18T22:44:58Z,2025-11-18T22:44:58Z,safesleep-dev-01,24.9,35.0,64.7,prono
2025-11-18T22:45:01Z,2025-11-18T22:45:01Z,safesleep-dev-01,23.3,60.7,64.2,lateral
2025-11-18T22:45:04Z,2025-11-18T22:45:04Z,safesleep-dev-01,18.9,37.0,29.1,supino
2025-11-18T22:45:07Z,2025-11-18T22:45:07Z,safesleep-dev-01,20.4,39.6,35.0,supino
2025-11-18T22:45:10Z,2025-11-18T22:45:10Z,safesleep-dev-01,24.2,61.5,46.8,supino
2025-11-18T22:45:13Z,2025-11-18T22:45:13Z,safesleep-dev-01,24.7,46.2,41.8,supino
2025-11-18T22:45:16Z,2025-11-18T22:45:16Z,safesleep-dev-01,22.6,40.8,35.6,lateral
2025-11-18T22:45:19Z,2025-11-18T22:45:19Z,safesleep-dev-01,28.0,40.6,59.6,lateral
2025-11-18T22:45:22Z,2025-11-18T22:45:22Z,safesleep-dev-01,26.4,64.0,39.4,lateral
2025-11-18T22:45:25Z,2025-11-18T22:45:25Z,safesleep-dev-01,24.3,57.4,62.0,prono
2025-11-18T22:45:28Z,2025-11-18T22:45:28Z,safesleep-dev-01,19.9,32.1,35.0,supino
2025-11-18T22:45:31Z,2025-11-18T22:45:31Z,safesleep-dev-01,28.0,30.1,52.9,supino
2025-11-18T22:45:34Z,2025-11-18T22:45:34Z,safesleep-dev-01,19.1,51.9,69.3,supino
2025-11-18T22:45:37Z,2025-11-18T22:45:37Z,safesleep-dev-01,25.5,66.0,30.3,prono
2025-11-18T22:45:40Z,2025-11-18T22:45:40Z,safesleep-dev-01,19.4,62.1,65.6,supino
2025-11-18T22:45:43Z,2025-11-18T22:45:43Z,safesleep-dev-01,23.3,30.4,49.9,supino
2025-11-18T22:45:46Z,2025-11-18T22:45:46Z,safesleep-dev-01,27.6,60.8,71.3,supino
2025-11-18T22:45:49Z,2025-11-18T22:45:49Z,safesleep-dev-01,18.3,31.3,27.3,prono
2025-11-18T22:45:52Z,2025-11-18T22:45:52Z,safesleep-dev-01,18.6,31.2,80.2,supino
2025-11-18T22:45:55Z,2025-11-18T22:45:55Z,safesleep-dev-01,28.5,49.6,30.9,supino
2025-11-18T22:45:58Z,2025-11-18T22:45:58Z,safesleep-dev-01,22.9,35.6,67.2,supino
2025-11-18T22:46:01Z,2025-11-18T22:46:01Z,safesleep-dev-01,27.6,61.7,65.9,lateral
2025-11-18T22:46:04Z,2025-11-18T22:46:04Z,safesleep-dev-01,22.9,32.7,28.4,supino
2025-11-18T22:46:07Z,2025-11-18T22:46:07Z,safesleep-dev-01,18.3,60.8,63.2,prono
2025-11-18T22:46:10Z,2025-11-18T22:46:10Z,safesleep-dev-01,26.2,56.9,33.0,prono
2025-11-18T22:46:13Z,2025-11-18T22:46:13Z,safesleep-dev-01,18.1,55.4,62.1,supino
2025-11-18T22:46:16Z,2025-11-18T22:46:16Z,safesleep-dev-01,21.1,68.1,82.7,lateral
2025-11-18T22:46:19Z,2025-11-18T22:46:19Z,safesleep-dev-01,23.8,47.6,73.5,lateral
2025-11-18T22:46:22Z,2025-11-18T22:46:22Z,safesleep-dev-01,18.8,60.7,46.6,supino
2025-11-18T22:46:25Z,2025-11-18T22:46:25Z,safesleep-dev-01,21.5,47.8,21.0,supino
2025-11-18T22:46:28Z,2025-11-18T22:46:28Z,safesleep-dev-01,24.3,64.0,48.3,lateral
2025-11-18T22:46:31Z,2025-11-18T22:46:31Z,safesleep-dev-01,22.0,58.5,25.1,lateral
2025-11-18T22:46:34Z,2025-11-18T22:46:34Z,safesleep-dev-01,19.0,51.6,83.1,supino
2025-11-18T22:46:37Z,2025-11-18T22:46:37Z,safesleep-dev-01,22.0,33.6,72.7,supino
2025-11-18T22:46:40Z,2025-11-18T22:46:40Z,safesleep-dev-01,25.5,68.3,33.0,supino
2025-11-18T22:46:43Z,2025-11-18T22:46:43Z,safesleep-dev-01,18.8,55.9,40.0,supino
2025-11-18T22:46:46Z,2025-11-18T22:46:46Z,safesleep-dev-01,18.8,65.7,36.0,supino
2025-11-18T22:46:49Z,2025-11-18T22:46:49Z,safesleep-dev-01,27.0,33.2,55.2,supino
2025-11-18T22:46:52Z,2025-11-18T22:46:52Z,safesleep-dev-01,29.3,58.7,24.7,prono
2025-11-18T22:46:55Z,2025-11-18T22:46:55Z,safesleep-dev-01,24.5,58.3,30.2,prono
2025-11-18T22:46:58Z,2025-11-18T22:46:58Z,safesleep-dev-01,29.5,36.0,82.4,supino
2025-11-18T22:47:01Z,2025-11-18T22:47:01Z,safesleep-dev-01,21.7,43.5,69.9,supino
2025-11-18T22:47:04Z,2025-11-18T22:47:04Z,safesleep-dev-01,19.6,38.2,75.8,lateral
2025-11-18T22:47:07Z,2025-11-18T22:47:07Z,safesleep-dev-01,23.8,49.4,20.7,supino
2025-11-18T22:47:10Z,2025-11-18T22:47:10Z,safesleep-dev-01,18.1,31.9,50.8,prono
2025-11-18T22:47:13Z,2025-11-18T22:47:13Z,safesleep-dev-01,18.3,35.0,31.3,lateral
2025-11-18T22:47:16Z,2025-11-18T22:47:16Z,safesleep-dev-01,29.0,37.9,29.6,prono
2025-11-18T22:47:19Z,2025-11-18T22:47:19Z,safesleep-dev-01,23.3,69.4,65.7,supino
2025-11-18T22:47:22Z,2025-11-18T22:47:22Z,safesleep-dev-01,19.2,56.9,48.2,supino
2025-11-18T22:47:25Z,2025-11-18T22:47:25Z,safesleep-dev-01,27.0,64.7,89.5,lateral
2025-11-18T22:47:28Z,2025-11-18T22:47:28Z,safesleep-dev-01,25.6,53.7,58.8,lateral
2025-11-18T22:47:31Z,2025-11-18T22:47:31Z,safesleep-dev-01,27.3,65.8,37.6,prono
2025-11-18T22:47:34Z,2025-11-18T22:47:34Z,safesleep-dev-01,26.7,65.2,86.6,supino
2025-11-18T22:47:37Z,2025-11-18T22:47:37Z,safesleep-dev-01,21.4,52.8,70.8,supino
2025-11-18T22:47:40Z,2025-11-18T22:47:40Z,safesleep-dev-01,20.3,33.7,41.5,prono
2025-11-18T22:47:43Z,2025-11-18T22:47:43Z,safesleep-dev-01,27.5,69.4,51.6,prono
2025-11-18T22:47:46Z,2025-11-18T22:47:46Z,safesleep-dev-01,20.7,30.3,66.3,lateral
2025-11-18T22:47:49Z,2025-11-18T22:47:49Z,safesleep-dev-01,18.2,47.5,77.7,supino
2025-11-18T22:47:52Z,2025-11-18T22:47:52Z,safesleep-dev-01,22.5,59.5,35.5,supino
2025-11-18T22:47:55Z,2025-11-18T22:47:55Z,safesleep-dev-01,19.1,68.8,62.3,supino
2025-11-18T22:47:58Z,2025-11-18T22:47:58Z,safesleep-dev-01,22.3,66.9,88.2,supino
2025-11-18T22:48:01Z,2025-11-18T22:48:01Z,safesleep-dev-01,23.3,50.4,29.3,prono
2025-11-18T22:48:04Z,2025-11-18T22:48:04Z,safesleep-dev-01,24.3,33.3,70.1,supino
2025-11-18T22:48:07Z,2025-11-18T22:48:07Z,safesleep-dev-01,29.6,57.0,32.9,lateral
2025-11-18T22:48:10Z,2025-11-18T22:48:10Z,safesleep-dev-01,26.9,55.0,74.6,supino
2025-11-18T22:48:13Z,2025-11-18T22:48:13Z,safesleep-dev-01,18.8,44.3,66.7,lateral
2025-11-18T22:48:16Z,2025-11-18T22:48:16Z,safesleep-dev-01,20.6,43.1,63.1,prono
2025-11-18T22:48:19Z,2025-11-18T22:48:19Z,safesleep-dev-01,23.2,60.0,54.7,supino
2025-11-18T22:48:22Z,2025-11-18T22:48:22Z,safesleep-dev-01,29.1,53.5,26.5,prono
2025-11-18T22:48:25Z,2025-11-18T22:48:25Z,safesleep-dev-01,22.0,62.0,51.7,supino
2025-11-18T22:48:28Z,2025-11-18T22:48:28Z,safesleep-dev-01,22.8,69.0,22.3,supino
2025-11-18T22:48:31Z,2025-11-18T22:48:31Z,safesleep-dev-01,29.9,39.1,20.4,supino
2025-11-18T22:48:34Z,2025-11-18T22:48:34Z,safesleep-dev-01,24.7,50.5,57.8,lateral
2025-11-18T22:48:37Z,2025-11-18T22:48:37Z,safesleep-dev-01,19.8,41.5,27.7,lateral
2025-11-18T22:48:40Z,2025-11-18T22:48:40Z,safesleep-dev-01,24.4,62.1,83.1,prono
2025-11-18T22:48:43Z,2025-11-18T22:48:43Z,safesleep-dev-01,27.4,69.4,50.4,lateral
2025-11-18T22:48:46Z,2025-11-18T22:48:46Z,safesleep-dev-01,20.2,43.5,43.3,supino
2025-11-18T22:48:49Z,2025-11-18T22:48:49Z,safesleep-dev-01,18.0,67.4,43.1,prono
2025-11-18T22:48:52Z,2025-11-18T22:48:52Z,safesleep-dev-01,20.1,45.7,53.7,supino
2025-11-18T22:48:55Z,2025-11-18T22:48:55Z,safesleep-dev-01,28.6,60.6,20.9,prono
2025-11-18T22:48:58Z,2025-11-18T22:48:58Z,safesleep-dev-01,27.8,45.3,34.7,supino
2025-11-18T22:49:01Z,2025-11-18T22:49:01Z,safesleep-dev-01,27.3,50.4,66.2,lateral
2025-11-18T22:49:04Z,2025-11-18T22:49:04Z,safesleep-dev-01,18.2,47.2,69.3,supino
2025-11-18T22:49:07Z,2025-11-18T22:49:07Z,safesleep-dev-01,22.9,38.1,72.6,lateral
2025-11-18T22:49:10Z,2025-11-18T22:49:10Z,safesleep-dev-01,19.7,61.7,75.5,supino
2025-11-18T22:49:13Z,2025-11-18T22:49:13Z,safesleep-dev-01,21.4,32.9,36.1,supino
2025-11-18T22:49:16Z,2025-11-18T22:49:16Z,safesleep-dev-01,19.8,66.9,57.7,lateral
2025-11-18T22:49:19Z,2025-11-18T22:49:19Z,safesleep-dev-01,19.3,55.8,68.5,supino
2025-11-18T22:49:22Z,2025-11-18T22:49:22Z,safesleep-dev-01,19.6,40.7,28.7,supino
2025-11-18T22:49:25Z,2025-11-18T22:49:25Z,safesleep-dev-01,29.9,69.2,74.2,supino
2025-11-18T22:49:28Z,2025-11-18T22:49:28Z,safesleep-dev-01,21.2,35.0,88.9,prono
2025-11-18T22:49:31Z,2025-11-18T22:49:31Z,safesleep-dev-01,29.0,54.5,69.5,lateral
2025-11-18T22:49:34Z,2025-11-18T22:49:34Z,safesleep-dev-01,22.8,35.8,53.7,supino
2025-11-18T22:49:37Z,2025-11-18T22:49:37Z,safesleep-dev-01,25.2,37.7,48.1,supino
2025-11-18T22:49:40Z,2025-11-18T22:49:40Z,safesleep-dev-01,19.7,38.7,44.8,supino
2025-11-18T22:49:43Z,2025-11-18T22:49:43Z,safesleep-dev-01,24.7,65.0,71.1,lateral
2025-11-18T22:49:46Z,2025-11-18T22:49:46Z,safesleep-dev-01,24.5,36.3,64.8,supino
2025-11-18T22:49:49Z,2025-11-18T22:49:49Z,safesleep-dev-01,23.7,53.0,86.1,supino
2025-11-18T22:49:52Z,2025-11-18T22:49:52Z,safesleep-dev-01,27.4,67.4,50.1,supino
2025-11-18T22:49:55Z,2025-11-18T22:49:55Z,safesleep-dev-01,28.1,61.1,37.6,supino
2025-11-18T22:49:58Z,2025-11-18T22:49:58Z,safesleep-dev-01,26.1,37.1,27.6,supino
2025-11-18T22:50:01Z,2025-11-18T22:50:01Z,safesleep-dev-01,24.3,58.0,52.5,supino
2025-11-18T22:50:04Z,2025-11-18T22:50:04Z,safesleep-dev-01,19.4,61.2,74.3,supino
2025-11-18T22:50:07Z,2025-11-18T22:50:07Z,safesleep-dev-01,27.1,30.8,79.1,lateral
2025-11-18T22:50:10Z,2025-11-18T22:50:10Z,safesleep-dev-01,26.1,69.7,35.3,prono
2025-11-18T22:50:13Z,2025-11-18T22:50:13Z,safesleep-dev-01,20.2,34.6,50.6,prono
2025-11-18T22:50:16Z,2025-11-18T22:50:16Z,safesleep-dev-01,21.1,46.8,51.7,supino
2025-11-18T22:50:19Z,2025-11-18T22:50:19Z,safesleep-dev-01,26.4,43.7,33.9,supino
2025-11-18T22:50:22Z,2025-11-18T22:50:22Z,safesleep-dev-01,29.0,37.9,43.5,lateral
2025-11-18T22:50:25Z,2025-11-18T22:50:25Z,safesleep-dev-01,20.2,46.3,51.4,lateral
2025-11-18T22:50:28Z,2025-11-18T22:50:28Z,safesleep-dev-01,28.4,65.6,59.8,prono
2025-11-18T22:50:31Z,2025-11-18T22:50:31Z,safesleep-dev-01,20.9,35.7,80.3,lateral
2025-11-18T22:50:34Z,2025-11-18T22:50:34Z,safesleep-dev-01,18.3,53.7,42.7,supino
2025-11-18T22:50:37Z,2025-11-18T22:50:37Z,safesleep-dev-01,27.6,68.4,80.6,supino
2025-11-18T22:50:40Z,2025-11-18T22:50:40Z,safesleep-dev-01,27.3,69.1,70.5,supino
2025-11-18T22:50:43Z,2025-11-18T22:50:43Z,safesleep-dev-01,27.1,55.1,82.8,supino
2025-11-18T22:50:46Z,2025-11-18T22:50:46Z,safesleep-dev-01,28.9,61.1,57.4,lateral
2025-11-18T22:50:49Z,2025-11-18T22:50:49Z,safesleep-dev-01,19.8,66.8,67.7,lateral
2025-11-18T22:50:52Z,2025-11-18T22:50:52Z,safesleep-dev-01,27.0,36.8,67.2,supino
2025-11-18T22:50:55Z,2025-11-18T22:50:55Z,safesleep-dev-01,22.0,48.1,79.2,prono
2025-11-18T22:50:58Z,2025-11-18T22:50:58Z,safesleep-dev-01,29.9,54.5,60.8,supino
2025-11-18T22:51:01Z,2025-11-18T22:51:01Z,safesleep-dev-01,24.7,41.8,40.9,lateral
2025-11-18T22:51:04Z,2025-11-18T22:51:04Z,safesleep-dev-01,21.2,50.9,33.7,supino
2025-11-18T22:51:07Z,2025-11-18T22:51:07Z,safesleep-dev-01,20.1,31.4,51.6,supino
2025-11-18T22:51:10Z,2025-11-18T22:51:10Z,safesleep-dev-01,18.5,43.1,62.6,supino
2025-11-18T22:51:13Z,2025-11-18T22:51:13Z,safesleep-dev-01,23.7,48.9,59.7,lateral
2025-11-18T22:51:16Z,2025-11-18T22:51:16Z,safesleep-dev-01,25.7,52.7,74.8,lateral
2025-11-18T22:51:19Z,2025-11-18T22:51:19Z,safesleep-dev-01,27.8,43.7,41.4,supino
2025-11-18T22:51:22Z,2025-11-18T22:51:22Z,safesleep-dev-01,18.5,65.9,73.2,supino
2025-11-18T22:51:25Z,2025-11-18T22:51:25Z,safesleep-dev-01,22.1,34.2,36.5,prono
2025-11-18T22:51:28Z,2025-11-18T22:51:28Z,safesleep-dev-01,23.5,66.6,43.0,supino
2025-11-18T22:51:31Z,2025-11-18T22:51:31Z,safesleep-dev-01,18.4,31.8,67.2,lateral
2025-11-18T22:51:34Z,2025-11-18T22:51:34Z,safesleep-dev-01,22.7,51.8,58.3,prono
2025-11-18T22:51:37Z,2025-11-18T22:51:37Z,safesleep-dev-01,28.6,53.9,80.1,lateral
2025-11-18T22:51:40Z,2025-11-18T22:51:40Z,safesleep-dev-01,20.9,64.4,70.8,lateral
2025-11-18T22:51:43Z,2025-11-18T22:51:43Z,safesleep-dev-01,22.6,53.2,74.6,supino
2025-11-18T22:51:46Z,2025-11-18T22:51:46Z,safesleep-dev-01,20.9,59.1,71.1,lateral
2025-11-18T22:51:49Z,2025-11-18T22:51:49Z,safesleep-dev-01,18.7,48.2,42.1,supino
2025-11-18T22:51:52Z,2025-11-18T22:51:52Z,safesleep-dev-01,28.3,51.5,44.6,supino
2025-11-18T22:51:55Z,2025-11-18T22:51:55Z,safesleep-dev-01,28.4,64.5,58.7,prono
2025-11-18T22:51:58Z,2025-11-18T22:51:58Z,safesleep-dev-01,25.9,31.8,73.4,prono
2025-11-18T22:52:01Z,2025-11-18T22:52:01Z,safesleep-dev-01,29.3,36.5,47.2,supino
2025-11-18T22:52:04Z,2025-11-18T22:52:04Z,safesleep-dev-01,27.6,39.8,43.3,prono
2025-11-18T22:52:07Z,2025-11-18T22:52:07Z,safesleep-dev-01,23.4,44.2,28.3,supino
2025-11-18T22:52:10Z,2025-11-18T22:52:10Z,safesleep-dev-01,28.5,41.6,74.0,supino
2025-11-18T22:52:13Z,2025-11-18T22:52:13Z,safesleep-dev-01,29.7,38.1,51.9,prono
2025-11-18T22:52:16Z,2025-11-18T22:52:16Z,safesleep-dev-01,23.4,64.8,40.2,supino
2025-11-18T22:52:19Z,2025-11-18T22:52:19Z,safesleep-dev-01,24.3,30.0,56.7,supino
2025-11-18T22:52:22Z,2025-11-18T22:52:22Z,safesleep-dev-01,25.5,59.7,70.5,prono
2025-11-18T22:52:25Z,2025-11-18T22:52:25Z,safesleep-dev-01,26.9,55.0,57.8,lateral
2025-11-18T22:52:28Z,2025-11-18T22:52:28Z,safesleep-dev-01,29.1,37.5,21.3,supino
2025-11-18T22:52:31Z,2025-11-18T22:52:31Z,safesleep-dev-01,21.2,61.3,88.4,lateral
2025-11-18T22:52:34Z,2025-11-18T22:52:34Z,safesleep-dev-01,25.0,57.6,87.8,supino
2025-11-18T22:52:37Z,2025-11-18T22:52:37Z,safesleep-dev-01,28.5,65.0,22.2,prono
2025-11-18T22:52:40Z,2025-11-18T22:52:40Z,safesleep-dev-01,18.8,36.3,49.9,supino
2025-11-18T22:52:43Z,2025-11-18T22:52:43Z,safesleep-dev-01,20.9,48.8,65.2,supino
2025-11-18T22:52:46Z,2025-11-18T22:52:46Z,safesleep-dev-01,26.3,49.5,85.1,supino
2025-11-18T22:52:49Z,2025-11-18T22:52:49Z,safesleep-dev-01,24.7,38.7,74.6,supino
2025-11-18T22:52:52Z,2025-11-18T22:52:52Z,safesleep-dev-01,27.2,32.6,89.9,lateral
2025-11-18T22:52:55Z,2025-11-18T22:52:55Z,safesleep-dev-01,27.9,44.0,83.9,supino
2025-11-18T22:52:58Z,2025-11-18T22:52:58Z,safesleep-dev-01,28.5,31.5,86.1,supino
2025-11-18T22:53:01Z,2025-11-18T22:53:01Z,safesleep-dev-01,29.6,33.2,47.1,supino
2025-11-18T22:53:04Z,2025-11-18T22:53:04Z,safesleep-dev-01,18.6,43.4,82.3,prono
2025-11-18T22:53:07Z,2025-11-18T22:53:07Z,safesleep-dev-01,28.2,66.7,25.6,lateral
2025-11-18T22:53:10Z,2025-11-18T22:53:10Z,safesleep-dev-01,19.9,33.1,58.3,prono
2025-11-18T22:53:13Z,2025-11-18T22:53:13Z,safesleep-dev-01,22.3,51.9,25.3,lateral
2025-11-18T22:53:16Z,2025-11-18T22:53:16Z,safesleep-dev-01,29.8,61.6,41.9,supino
2025-11-18T22:53:19Z,2025-11-18T22:53:19Z,safesleep-dev-01,24.1,39.8,79.1,lateral
2025-11-18T22:53:22Z,2025-11-18T22:53:22Z,safesleep-dev-01,26.8,53.3,62.8,lateral
2025-11-18T22:53:25Z,2025-11-18T22:53:25Z,safesleep-dev-01,27.7,63.9,51.0,supino
2025-11-18T22:53:28Z,2025-11-18T22:53:28Z,safesleep-dev-01,23.8,64.8,26.9,supino
2025-11-18T22:53:31Z,2025-11-18T22:53:31Z,safesleep-dev-01,19.1,31.8,75.3,supino
2025-11-18T22:53:34Z,2025-11-18T22:53:34Z,safesleep-dev-01,24.4,59.7,46.5,lateral
2025-11-18T22:53:37Z,2025-11-18T22:53:37Z,safesleep-dev-01,21.7,42.7,59.4,supino
2025-11-18T22:53:40Z,2025-11-18T22:53:40Z,safesleep-dev-01,26.4,41.6,57.5,supino
2025-11-18T22:53:43Z,2025-11-18T22:53:43Z,safesleep-dev-01,21.0,57.3,71.7,supino
2025-11-18T22:53:46Z,2025-11-18T22:53:46Z,safesleep-dev-01,26.2,46.6,88.8,supino
2025-11-18T22:53:49Z,2025-11-18T22:53:49Z,safesleep-dev-01,18.5,66.0,85.7,supino
2025-11-18T22:53:52Z,2025-11-18T22:53:52Z,safesleep-dev-01,22.6,43.0,41.6,supino
2025-11-18T22:53:55Z,2025-11-18T22:53:55Z,safesleep-dev-01,25.9,50.3,76.9,supino
2025-11-18T22:53:58Z,2025-11-18T22:53:58Z,safesleep-dev-01,22.4,31.7,64.7,supino
2025-11-18T22:54:01Z,2025-11-18T22:54:01Z,safesleep-dev-01,19.9,66.2,68.1,supino
2025-11-18T22:54:04Z,2025-11-18T22:54:04Z,safesleep-dev-01,19.2,37.9,66.4,prono
2025-11-18T22:54:07Z,2025-11-18T22:54:07Z,safesleep-dev-01,22.8,56.2,82.0,prono
2025-11-18T22:54:10Z,2025-11-18T22:54:10Z,safesleep-dev-01,22.0,31.1,88.0,lateral
2025-11-18T22:54:13Z,2025-11-18T22:54:13Z,safesleep-dev-01,21.3,69.7,21.8,supino
2025-11-18T22:54:16Z,2025-11-18T22:54:16Z,safesleep-dev-01,24.6,61.1,87.8,supino
2025-11-18T22:54:19Z,2025-11-18T22:54:19Z,safesleep-dev-01,20.2,46.3,45.7,supino
2025-11-18T22:54:22Z,2025-11-18T22:54:22Z,safesleep-dev-01,20.2,44.2,43.8,lateral
2025-11-18T22:54:25Z,2025-11-18T22:54:25Z,safesleep-dev-01,20.8,44.3,40.5,supino
2025-11-18T22:54:28Z,2025-11-18T22:54:28Z,safesleep-dev-01,24.3,33.8,79.8,supino
2025-11-18T22:54:31Z,2025-11-18T22:54:31Z,safesleep-dev-01,23.9,30.2,84.7,supino
2025-11-18T22:54:34Z,2025-11-18T22:54:34Z,safesleep-dev-01,20.5,36.2,31.0,supino
2025-11-18T22:54:37Z,2025-11-18T22:54:37Z,safesleep-dev-01,29.4,39.5,21.8,lateral
2025-11-18T22:54:40Z,2025-11-18T22:54:40Z,safesleep-dev-01,24.5,55.5,56.2,prono
2025-11-18T22:54:43Z,2025-11-18T22:54:43Z,safesleep-dev-01,27.6,61.3,69.1,lateral
2025-11-18T22:54:46Z,2025-11-18T22:54:46Z,safesleep-dev-01,20.4,31.7,77.5,supino
2025-11-18T22:54:49Z,2025-11-18T22:54:49Z,safesleep-dev-01,19.0,44.5,59.0,supino
2025-11-18T22:54:52Z,2025-11-18T22:54:52Z,safesleep-dev-01,24.0,48.9,26.0,prono
2025-11-18T22:54:55Z,2025-11-18T22:54:55Z,safesleep-dev-01,29.2,42.8,58.1,prono
2025-11-18T22:54:58Z,2025-11-18T22:54:58Z,safesleep-dev-01,20.5,56.4,75.2,lateral
2025-11-18T22:55:01Z,2025-11-18T22:55:01Z,safesleep-dev-01,28.0,53.3,59.6,supino
2025-11-18T22:55:04Z,2025-11-18T22:55:04Z,safesleep-dev-01,28.8,38.7,61.5,supino
2025-11-18T22:55:07Z,2025-11-18T22:55:07Z,safesleep-dev-01,19.3,49.6,69.6,lateral
2025-11-18T22:55:10Z,2025-11-18T22:55:10Z,safesleep-dev-01,19.6,37.6,86.1,supino
2025-11-18T22:55:13Z,2025-11-18T22:55:13Z,safesleep-dev-01,20.4,69.2,53.0,prono
2025-11-18T22:55:16Z,2025-11-18T22:55:16Z,safesleep-dev-01,28.2,57.8,32.0,supino
2025-11-18T22:55:19Z,2025-11-18T22:55:19Z,safesleep-dev-01,18.9,33.7,56.1,supino
2025-11-18T22:55:22Z,2025-11-18T22:55:22Z,safesleep-dev-01,28.3,37.6,84.7,lateral
2025-11-18T22:55:25Z,2025-11-18T22:55:25Z,safesleep-dev-01,23.1,49.3,60.6,lateral
2025-11-18T22:55:28Z,2025-11-18T22:55:28Z,safesleep-dev-01,23.4,66.3,31.5,prono
2025-11-18T22:55:31Z,2025-11-18T22:55:31Z,safesleep-dev-01,24.2,31.9,37.3,lateral
2025-11-18T22:55:34Z,2025-11-18T22:55:34Z,safesleep-dev-01,19.1,47.3,85.2,lateral
2025-11-18T22:55:37Z,2025-11-18T22:55:37Z,safesleep-dev-01,26.8,32.3,28.6,supino
2025-11-18T22:55:40Z,2025-11-18T22:55:40Z,safesleep-dev-01,20.7,64.4,31.1,supino
2025-11-18T22:55:43Z,2025-11-18T22:55:43Z,safesleep-dev-01,29.3,44.9,47.4,prono
2025-11-18T22:55:46Z,2025-11-18T22:55:46Z,safesleep-dev-01,29.6,58.6,74.2,lateral
2025-11-18T22:55:49Z,2025-11-18T22:55:49Z,safesleep-dev-01,24.8,54.0,77.6,lateral
2025-11-18T22:55:52Z,2025-11-18T22:55:52Z,safesleep-dev-01,26.9,49.2,80.6,lateral
2025-11-18T22:55:55Z,2025-11-18T22:55:55Z,safesleep-dev-01,27.1,52.9,50.2,supino
2025-11-18T22:55:58Z,2025-11-18T22:55:58Z,safesleep-dev-01,21.6,33.0,78.1,supino
2025-11-18T22:56:01Z,2025-11-18T22:56:01Z,safesleep-dev-01,26.3,54.8,45.1,lateral
2025-11-18T22:56:04Z,2025-11-18T22:56:04Z,safesleep-dev-01,28.9,47.9,26.1,supino
2025-11-18T22:56:07Z,2025-11-18T22:56:07Z,safesleep-dev-01,27.3,63.0,44.7,supino
2025-11-18T22:56:10Z,2025-11-18T22:56:10Z,safesleep-dev-01,21.4,34.1,44.9,supino
2025-11-18T22:56:13Z,2025-11-18T22:56:13Z,safesleep-dev-01,27.2,67.4,50.8,supino
2025-11-18T22:56:16Z,2025-11-18T22:56:16Z,safesleep-dev-01,25.7,60.0,67.8,supino
2025-11-18T22:56:19Z,2025-11-18T22:56:19Z,safesleep-dev-01,29.6,35.3,32.4,supino
2025-11-18T22:56:22Z,2025-11-18T22:56:22Z,safesleep-dev-01,22.4,61.1,75.4,lateral
2025-11-18T22:56:25Z,2025-11-18T22:56:25Z,safesleep-dev-01,28.5,40.8,82.7,prono
2025-11-18T22:56:28Z,2025-11-18T22:56:28Z,safesleep-dev-01,27.7,63.2,77.8,supino
2025-11-18T22:56:31Z,2025-11-18T22:56:31Z,safesleep-dev-01,19.5,40.0,54.4,lateral
2025-11-18T22:56:34Z,2025-11-18T22:56:34Z,safesleep-dev-01,21.2,31.6,23.7,supino
2025-11-18T22:56:37Z,2025-11-18T22:56:37Z,safesleep-dev-01,27.2,62.6,47.4,lateral
2025-11-18T22:56:40Z,2025-11-18T22:56:40Z,safesleep-dev-01,22.1,44.8,84.4,supino
2025-11-18T22:56:43Z,2025-11-18T22:56:43Z,safesleep-dev-01,22.4,69.2,88.8,supino
2025-11-18T22:56:46Z,2025-11-18T22:56:46Z,safesleep-dev-01,20.8,65.3,34.4,prono
2025-11-18T22:56:49Z,2025-11-18T22:56:49Z,safesleep-dev-01,27.5,55.5,62.7,lateral
2025-11-18T22:56:52Z,2025-11-18T22:56:52Z,safesleep-dev-01,19.7,30.8,86.1,prono
2025-11-18T22:56:55Z,2025-11-18T22:56:55Z,safesleep-dev-01,28.5,42.1,61.2,lateral
2025-11-18T22:56:58Z,2025-11-18T22:56:58Z,safesleep-dev-01,25.0,47.3,35.5,supino
2025-11-18T22:57:01Z,2025-11-18T22:57:01Z,safesleep-dev-01,22.6,38.1,84.7,supino
2025-11-18T22:57:04Z,2025-11-18T22:57:04Z,safesleep-dev-01,26.2,44.2,21.5,supino
2025-11-18T22:57:07Z,2025-11-18T22:57:07Z,safesleep-dev-01,18.4,41.9,55.2,prono
2025-11-18T22:57:10Z,2025-11-18T22:57:10Z,safesleep-dev-01,18.3,61.1,58.0,supino
2025-11-18T22:57:13Z,2025-11-18T22:57:13Z,safesleep-dev-01,28.0,58.0,39.4,supino
2025-11-18T22:57:16Z,2025-11-18T22:57:16Z,safesleep-dev-01,19.1,47.8,33.5,supino
2025-11-18T22:57:19Z,2025-11-18T22:57:19Z,safesleep-dev-01,28.9,55.4,39.9,supino
2025-11-18T22:57:22Z,2025-11-18T22:57:22Z,safesleep-dev-01,21.0,41.6,83.4,supino
2025-11-18T22:57:25Z,2025-11-18T22:57:25Z,safesleep-dev-01,22.0,38.3,72.1,supino
2025-11-18T22:57:28Z,2025-11-18T22:57:28Z,safesleep-dev-01,28.6,68.6,83.2,prono
2025-11-18T22:57:31Z,2025-11-18T22:57:31Z,safesleep-dev-01,25.0,54.5,45.3,supino
2025-11-18T22:57:34Z,2025-11-18T22:57:34Z,safesleep-dev-01,20.2,32.9,51.6,supino
2025-11-18T22:57:37Z,2025-11-18T22:57:37Z,safesleep-dev-01,28.9,47.3,20.4,lateral
2025-11-18T22:57:40Z,2025-11-18T22:57:40Z,safesleep-dev-01,19.3,31.7,49.9,supino
2025-11-18T22:57:43Z,2025-11-18T22:57:43Z,safesleep-dev-01,28.8,44.9,54.2,supino
2025-11-18T22:57:46Z,2025-11-18T22:57:46Z,safesleep-dev-01,26.3,46.0,32.8,prono
2025-11-18T22:57:49Z,2025-11-18T22:57:49Z,safesleep-dev-01,24.1,35.2,87.6,supino
2025-11-18T22:57:52Z,2025-11-18T22:57:52Z,safesleep-dev-01,26.0,63.1,20.2,lateral
2025-11-18T22:57:55Z,2025-11-18T22:57:55Z,safesleep-dev-01,22.8,52.8,67.9,lateral
2025-11-18T22:57:58Z,2025-11-18T22:57:58Z,safesleep-dev-01,21.1,57.2,41.6,supino
2025-11-18T22:58:01Z,2025-11-18T22:58:01Z,safesleep-dev-01,20.9,43.1,21.3,supino
2025-11-18T22:58:04Z,2025-11-18T22:58:04Z,safesleep-dev-01,21.5,44.6,67.0,supino
2025-11-18T22:58:07Z,2025-11-18T22:58:07Z,safesleep-dev-01,22.6,53.7,30.8,supino
2025-11-18T22:58:10Z,2025-11-18T22:58:10Z,safesleep-dev-01,29.9,55.0,28.8,supino
2025-11-18T22:58:13Z,2025-11-18T22:58:13Z,safesleep-dev-01,26.0,48.1,53.4,supino
2025-11-18T22:58:16Z,2025-11-18T22:58:16Z,safesleep-dev-01,23.3,59.1,31.0,supino
2025-11-18T22:58:19Z,2025-11-18T22:58:19Z,safesleep-dev-01,28.0,48.4,33.8,supino
2025-11-18T22:58:22Z,2025-11-18T22:58:22Z,safesleep-dev-01,23.8,52.8,49.9,supino
2025-11-18T22:58:25Z,2025-11-18T22:58:25Z,safesleep-dev-01,20.8,59.3,73.6,supino
2025-11-18T22:58:28Z,2025-11-18T22:58:28Z,safesleep-dev-01,29.8,38.0,86.8,prono
2025-11-18T22:58:31Z,2025-11-18T22:58:31Z,safesleep-dev-01,22.7,49.4,65.1,supino
2025-11-18T22:58:34Z,2025-11-18T22:58:34Z,safesleep-dev-01,26.8,58.0,67.5,supino
2025-11-18T22:58:37Z,2025-11-18T22:58:37Z,safesleep-dev-01,25.4,46.2,50.3,supino
2025-11-18T22:58:40Z,2025-11-18T22:58:40Z,safesleep-dev-01,25.1,53.8,46.8,supino
2025-11-18T22:58:43Z,2025-11-18T22:58:43Z,safesleep-dev-01,26.5,67.7,55.2,supino
2025-11-18T22:58:46Z,2025-11-18T22:58:46Z,safesleep-dev-01,22.7,35.7,34.4,lateral
2025-11-18T22:58:49Z,2025-11-18T22:58:49Z,safesleep-dev-01,22.0,63.3,47.6,supino
2025-11-18T22:58:52Z,2025-11-18T22:58:52Z,safesleep-dev-01,24.0,43.7,22.4,prono
2025-11-18T22:58:55Z,2025-11-18T22:58:55Z,safesleep-dev-01,24.7,40.6,70.9,lateral
2025-11-18T22:58:58Z,2025-11-18T22:58:58Z,safesleep-dev-01,24.5,54.1,48.8,prono
2025-11-18T22:59:01Z,2025-11-18T22:59:01Z,safesleep-dev-01,29.3,37.7,48.4,supino
2025-11-18T22:59:04Z,2025-11-18T22:59:04Z,safesleep-dev-01,21.4,69.9,60.7,supino
2025-11-18T22:59:07Z,2025-11-18T22:59:07Z,safesleep-dev-01,26.7,41.1,86.6,supino
2025-11-18T22:59:10Z,2025-11-18T22:59:10Z,safesleep-dev-01,29.6,48.1,30.9,prono
2025-11-18T22:59:13Z,2025-11-18T22:59:13Z,safesleep-dev-01,29.4,44.1,87.6,supino
2025-11-18T22:59:16Z,2025-11-18T22:59:16Z,safesleep-dev-01,26.0,57.8,86.7,prono
2025-11-18T22:59:19Z,2025-11-18T22:59:19Z,safesleep-dev-01,22.1,55.4,37.8,supino
2025-11-18T22:59:22Z,2025-11-18T22:59:22Z,safesleep-dev-01,18.2,59.8,85.3,supino
2025-11-18T22:59:25Z,2025-11-18T22:59:25Z,safesleep-dev-01,28.9,68.6,77.7,lateral
2025-11-18T22:59:28Z,2025-11-18T22:59:28Z,safesleep-dev-01,18.2,64.4,40.1,supino
2025-11-18T22:59:31Z,2025-11-18T22:59:31Z,safesleep-dev-01,24.7,59.4,62.0,lateral
2025-11-18T22:59:35Z,2025-11-18T22:59:34Z,safesleep-dev-01,21.4,66.8,23.7,supino
2025-11-18T22:59:38Z,2025-11-18T22:59:38Z,safesleep-dev-01,28.8,63.4,61.4,supino
2025-11-18T22:59:41Z,2025-11-18T22:59:41Z,safesleep-dev-01,24.2,44.4,37.0,prono
2025-11-18T22:59:44Z,2025-11-18T22:59:44Z,safesleep-dev-01,24.3,65.4,81.7,supino
2025-11-18T22:59:47Z,2025-11-18T22:59:47Z,safesleep-dev-01,22.2,32.8,83.7,supino
2025-11-18T22:59:50Z,2025-11-18T22:59:50Z,safesleep-dev-01,26.9,58.2,25.1,lateral
2025-11-18T22:59:53Z,2025-11-18T22:59:53Z,safesleep-dev-01,19.9,52.3,25.1,lateral
2025-11-18T22:59:56Z,2025-11-18T22:59:56Z,safesleep-dev-01,20.7,56.6,35.5,supino
2025-11-18T22:59:59Z,2025-11-18T22:59:59Z,safesleep-dev-01,27.7,68.8,27.5,lateral
2025-11-18T23:00:02Z,2025-11-18T23:00:02Z,safesleep-dev-01,21.9,48.6,61.9,supino
2025-11-18T23:00:05Z,2025-11-18T23:00:05Z,safesleep-dev-01,26.0,33.0,43.9,lateral
2025-11-18T23:00:08Z,2025-11-18T23:00:08Z,safesleep-dev-01,22.1,30.6,76.4,lateral
2025-11-18T23:00:11Z,2025-11-18T23:00:11Z,safesleep-dev-01,20.8,44.2,46.3,supino
2025-11-18T23:00:14Z,2025-11-18T23:00:14Z,safesleep-dev-01,23.2,44.0,36.6,supino
2025-11-18T23:00:17Z,2025-11-18T23:00:17Z,safesleep-dev-01,22.5,58.4,74.4,lateral
2025-11-18T23:00:20Z,2025-11-18T23:00:20Z,safesleep-dev-01,26.9,46.5,44.9,lateral
2025-11-18T23:00:23Z,2025-11-18T23:00:23Z,safesleep-dev-01,18.4,58.2,69.3,supino
2025-11-18T23:00:26Z,2025-11-18T23:00:26Z,safesleep-dev-01,22.2,51.9,42.0,supino
2025-11-18T23:00:29Z,2025-11-18T23:00:29Z,safesleep-dev-01,22.4,48.0,45.9,supino
2025-11-18T23:00:32Z,2025-11-18T23:00:32Z,safesleep-dev-01,24.8,59.2,25.8,supino
2025-11-18T23:00:35Z,2025-11-18T23:00:35Z,safesleep-dev-01,22.4,30.7,22.6,supino
2025-11-18T23:00:38Z,2025-11-18T23:00:38Z,safesleep-dev-01,20.3,57.6,36.9,supino
2025-11-18T23:00:41Z,2025-11-18T23:00:41Z,safesleep-dev-01,18.7,63.2,36.8,supino
2025-11-18T23:00:44Z,2025-11-18T23:00:44Z,safesleep-dev-01,28.4,61.6,85.8,supino
2025-11-18T23:00:47Z,2025-11-18T23:00:47Z,safesleep-dev-01,26.4,66.9,44.9,supino
2025-11-18T23:00:50Z,2025-11-18T23:00:50Z,safesleep-dev-01,25.3,42.9,53.6,supino
2025-11-18T23:00:53Z,2025-11-18T23:00:53Z,safesleep-dev-01,29.2,41.4,33.0,supino
2025-11-18T23:00:56Z,2025-11-18T23:00:56Z,safesleep-dev-01,20.4,46.1,86.6,supino
2025-11-18T23:00:59Z,2025-11-18T23:00:59Z,safesleep-dev-01,22.1,32.0,36.6,lateral
2025-11-18T23:01:02Z,2025-11-18T23:01:02Z,safesleep-dev-01,29.3,62.8,28.0,prono
2025-11-18T23:01:05Z,2025-11-18T23:01:05Z,safesleep-dev-01,25.1,62.4,38.2,prono
2025-11-18T23:01:08Z,2025-11-18T23:01:08Z,safesleep-dev-01,29.3,59.6,40.9,supino
2025-11-18T23:01:11Z,2025-11-18T23:01:11Z,safesleep-dev-01,26.7,59.4,23.2,lateral
2025-11-18T23:01:14Z,2025-11-18T23:01:14Z,safesleep-dev-01,23.9,36.6,72.5,supino
2025-11-18T23:01:17Z,2025-11-18T23:01:17Z,safesleep-dev-01,20.1,51.4,33.6,prono
2025-11-18T23:01:20Z,2025-11-18T23:01:20Z,safesleep-dev-01,20.7,39.0,82.5,supino
2025-11-18T23:01:23Z,2025-11-18T23:01:23Z,safesleep-dev-01,26.9,39.7,33.4,supino
2025-11-18T23:01:26Z,2025-11-18T23:01:26Z,safesleep-dev-01,27.6,66.8,65.8,supino
2025-11-18T23:01:29Z,2025-11-18T23:01:29Z,safesleep-dev-01,29.3,59.1,86.6,prono
2025-11-18T23:01:32Z,2025-11-18T23:01:32Z,safesleep-dev-01,24.4,43.8,45.0,prono
2025-11-18T23:01:35Z,2025-11-18T23:01:35Z,safesleep-dev-01,29.0,46.2,88.9,lateral
2025-11-18T23:01:38Z,2025-11-18T23:01:38Z,safesleep-dev-01,26.6,49.3,50.5,supino
2025-11-18T23:01:41Z,2025-11-18T23:01:41Z,safesleep-dev-01,24.7,37.3,73.3,prono
2025-11-18T23:01:44Z,2025-11-18T23:01:44Z,safesleep-dev-01,24.3,68.0,83.0,supino
2025-11-18T23:01:47Z,2025-11-18T23:01:47Z,safesleep-dev-01,19.2,33.4,61.7,supino
2025-11-18T23:01:50Z,2025-11-18T23:01:50Z,safesleep-dev-01,27.1,33.2,84.6,supino
2025-11-18T23:01:53Z,2025-11-18T23:01:53Z,safesleep-dev-01,22.6,57.7,44.0,prono
2025-11-18T23:01:56Z,2025-11-18T23:01:56Z,safesleep-dev-01,29.0,53.3,43.3,supino
2025-11-18T23:01:59Z,2025-11-18T23:01:59Z,safesleep-dev-01,22.6,59.1,33.5,lateral
2025-11-18T23:02:02Z,2025-11-18T23:02:02Z,safesleep-dev-01,20.5,41.5,20.1,lateral
2025-11-18T23:02:05Z,2025-11-18T23:02:05Z,safesleep-dev-01,22.1,57.1,64.0,prono
2025-11-18T23:02:08Z,2025-11-18T23:02:08Z,safesleep-dev-01,23.2,61.4,54.8,supino
2025-11-18T23:02:11Z,2025-11-18T23:02:11Z,safesleep-dev-01,19.0,65.2,49.6,lateral
2025-11-18T23:02:14Z,2025-11-18T23:02:14Z,safesleep-dev-01,18.5,48.5,35.0,supino
2025-11-18T23:02:17Z,2025-11-18T23:02:17Z,safesleep-dev-01,25.3,56.1,86.5,supino
2025-11-18T23:02:20Z,2025-11-18T23:02:20Z,safesleep-dev-01,20.8,63.3,45.3,supino
2025-11-18T23:02:23Z,2025-11-18T23:02:23Z,safesleep-dev-01,22.8,51.5,45.6,supino
2025-11-18T23:02:26Z,2025-11-18T23:02:26Z,safesleep-dev-01,28.0,42.3,89.5,supino
2025-11-18T23:02:29Z,2025-11-18T23:02:29Z,safesleep-dev-01,28.6,57.1,46.0,supino
2025-11-18T23:02:32Z,2025-11-18T23:02:32Z,safesleep-dev-01,25.4,58.4,70.6,supino
2025-11-18T23:02:35Z,2025-11-18T23:02:35Z,safesleep-dev-01,28.1,60.8,87.8,supino
2025-11-18T23:02:38Z,2025-11-18T23:02:38Z,safesleep-dev-01,24.1,40.7,22.1,supino
2025-11-18T23:02:41Z,2025-11-18T23:02:41Z,safesleep-dev-01,25.4,41.6,81.1,supino
2025-11-18T23:02:44Z,2025-11-18T23:02:44Z,safesleep-dev-01,27.4,55.7,43.1,supino
2025-11-18T23:02:47Z,2025-11-18T23:02:47Z,safesleep-dev-01,22.6,62.2,60.4,prono
2025-11-18T23:02:50Z,2025-11-18T23:02:50Z,safesleep-dev-01,29.2,35.7,81.7,supino
2025-11-18T23:02:53Z,2025-11-18T23:02:53Z,safesleep-dev-01,24.8,65.0,60.4,supino
2025-11-18T23:02:56Z,2025-11-18T23:02:56Z,safesleep-dev-01,18.3,37.1,44.9,supino
2025-11-18T23:02:59Z,2025-11-18T23:02:59Z,safesleep-dev-01,26.6,40.2,59.6,supino
2025-11-18T23:03:02Z,2025-11-18T23:03:02Z,safesleep-dev-01,27.9,46.6,48.9,supino
2025-11-18T23:11:58Z,2025-11-18T23:11:58Z,safesleep-dev-01,25.1,60.4,61.1,prono
2025-11-18T23:12:01Z,2025-11-18T23:12:01Z,safesleep-dev-01,25.9,58.1,62.1,supino
2025-11-18T23:12:04Z,2025-11-18T23:12:04Z,safesleep-dev-01,28.8,47.7,62.3,lateral
2025-11-18T23:12:07Z,2025-11-18T23:12:07Z,safesleep-dev-01,19.1,34.9,64.7,supino
2025-11-18T23:12:10Z,2025-11-18T23:12:10Z,safesleep-dev-01,19.6,61.4,52.2,supino
2025-11-18T23:12:13Z,2025-11-18T23:12:13Z,safesleep-dev-01,25.2,65.0,63.0,supino
2025-11-18T23:12:16Z,2025-11-18T23:12:16Z,safesleep-dev-01,28.4,48.2,71.0,supino
2025-11-18T23:12:19Z,2025-11-18T23:12:19Z,safesleep-dev-01,21.1,37.6,50.7,supino
2025-11-18T23:12:22Z,2025-11-18T23:12:22Z,safesleep-dev-01,23.0,37.2,88.5,lateral
2025-11-18T23:12:25Z,2025-11-18T23:12:25Z,safesleep-dev-01,26.2,30.4,54.4,lateral
2025-11-18T23:16:11Z,2025-11-18T23:16:11Z,safesleep-dev-01,19.4,54.1,75.9,supino
2025-11-18T23:16:14Z,2025-11-18T23:16:14Z,safesleep-dev-01,18.3,48.6,49.3,prono
2025-11-18T23:16:17Z,2025-11-18T23:16:17Z,safesleep-dev-01,21.4,45.0,20.9,supino
2025-11-18T23:16:20Z,2025-11-18T23:16:20Z,safesleep-dev-01,29.6,39.6,67.1,supino
2025-11-18T23:16:23Z,2025-11-18T23:16:23Z,safesleep-dev-01,29.6,31.0,28.6,prono
2025-11-18T23:16:26Z,2025-11-18T23:16:26Z,safesleep-dev-01,20.8,63.0,24.3,supino
2025-11-18T23:16:29Z,2025-11-18T23:16:29Z,safesleep-dev-01,23.7,64.0,40.8,supino
2025-11-18T23:16:32Z,2025-11-18T23:16:32Z,safesleep-dev-01,22.6,57.9,66.9,lateral
2025-11-18T23:16:35Z,2025-11-18T23:16:35Z,safesleep-dev-01,20.5,60.4,32.3,lateral
2025-11-18T23:16:38Z,2025-11-18T23:16:38Z,safesleep-dev-01,21.7,50.4,29.7,lateral
2025-11-18T23:16:41Z,2025-11-18T23:16:41Z,safesleep-dev-01,20.6,49.2,83.5,prono
2025-11-18T23:16:44Z,2025-11-18T23:16:44Z,safesleep-dev-01,29.5,55.1,80.9,supino
2025-11-18T23:16:47Z,2025-11-18T23:16:47Z,safesleep-dev-01,20.6,60.0,78.9,prono
2025-11-18T23:16:50Z,2025-11-18T23:16:50Z,safesleep-dev-01,21.8,50.6,82.5,supino
2025-11-18T23:16:53Z,2025-11-18T23:16:53Z,safesleep-dev-01,23.2,50.1,65.6,supino
2025-11-18T23:16:56Z,2025-11-18T23:16:56Z,safesleep-dev-01,18.2,38.7,79.8,lateral
2025-11-18T23:16:59Z,2025-11-18T23:16:59Z,safesleep-dev-01,20.8,70.0,43.1,supino
2025-11-18T23:17:02Z,2025-11-18T23:17:02Z,safesleep-dev-01,19.7,60.5,67.2,supino
2025-11-18T23:17:05Z,2025-11-18T23:17:05Z,safesleep-dev-01,27.8,31.4,64.5,supino
2025-11-18T23:17:08Z,2025-11-18T23:17:08Z,safesleep-dev-01,21.8,62.9,37.9,supino
2025-11-18T23:17:11Z,2025-11-18T23:17:11Z,safesleep-dev-01,28.8,59.6,88.6,supino
2025-11-18T23:17:14Z,2025-11-18T23:17:14Z,safesleep-dev-01,20.2,45.3,50.9,supino
2025-11-18T23:17:17Z,2025-11-18T23:17:17Z,safesleep-dev-01,27.6,55.8,75.0,lateral
2025-11-18T23:17:20Z,2025-11-18T23:17:20Z,safesleep-dev-01,23.9,53.8,65.1,supino
2025-11-18T23:17:23Z,2025-11-18T23:17:23Z,safesleep-dev-01,20.5,53.3,23.2,supino
2025-11-18T23:17:26Z,2025-11-18T23:17:26Z,safesleep-dev-01,25.1,42.6,28.3,supino
2025-11-18T23:17:29Z,2025-11-18T23:17:29Z,safesleep-dev-01,24.9,55.8,60.1,supino
2025-11-18T23:17:32Z,2025-11-18T23:17:32Z,safesleep-dev-01,29.9,31.3,51.6,lateral
2025-11-18T23:17:35Z,2025-11-18T23:17:35Z,safesleep-dev-01,19.3,41.0,23.6,lateral
2025-11-18T23:17:38Z,2025-11-18T23:17:38Z,safesleep-dev-01,23.8,39.5,72.2,supino
2025-11-18T23:17:41Z,2025-11-18T23:17:41Z,safesleep-dev-01,27.8,34.8,41.4,lateral
2025-11-18T23:17:44Z,2025-11-18T23:17:44Z,safesleep-dev-01,23.9,38.3,44.5,lateral
2025-11-18T23:17:47Z,2025-11-18T23:17:47Z,safesleep-dev-01,24.7,67.5,32.7,supino
2025-11-18T23:17:50Z,2025-11-18T23:17:50Z,safesleep-dev-01,20.8,51.8,56.5,lateral
2025-11-18T23:17:53Z,2025-11-18T23:17:53Z,safesleep-dev-01,19.4,33.3,45.0,lateral
2025-11-18T23:17:56Z,2025-11-18T23:17:56Z,safesleep-dev-01,21.9,56.9,72.6,supino
2025-11-18T23:17:59Z,2025-11-18T23:17:59Z,safesleep-dev-01,22.2,55.1,83.6,lateral
2025-11-18T23:18:02Z,2025-11-18T23:18:02Z,safesleep-dev-01,25.6,43.9,45.3,supino
2025-11-18T23:18:05Z,2025-11-18T23:18:05Z,safesleep-dev-01,23.2,61.3,35.6,lateral
2025-11-18T23:18:08Z,2025-11-18T23:18:08Z,safesleep-dev-01,27.3,46.6,48.9,supino
2025-11-18T23:18:11Z,2025-11-18T23:18:11Z,safesleep-dev-01,26.8,34.5,34.6,prono
2025-11-18T23:18:14Z,2025-11-18T23:18:14Z,safesleep-dev-01,19.9,65.6,87.9,supino
2025-11-18T23:18:17Z,2025-11-18T23:18:17Z,safesleep-dev-01,28.6,33.4,64.9,supino
2025-11-18T23:18:20Z,2025-11-18T23:18:20Z,safesleep-dev-01,20.4,49.6,54.7,supino
2025-11-18T23:18:23Z,2025-11-18T23:18:23Z,safesleep-dev-01,26.0,34.4,21.3,lateral
2025-11-18T23:18:26Z,2025-11-18T23:18:26Z,safesleep-dev-01,19.4,50.6,55.8,supino
2025-11-18T23:18:29Z,2025-11-18T23:18:29Z,safesleep-dev-01,22.1,49.4,73.0,supino
2025-11-18T23:18:32Z,2025-11-18T23:18:32Z,safesleep-dev-01,22.6,66.8,51.3,supino
2025-11-18T23:18:35Z,2025-11-18T23:18:35Z,safesleep-dev-01,22.1,32.1,23.5,lateral
2025-11-18T23:18:38Z,2025-11-18T23:18:38Z,safesleep-dev-01,27.2,66.3,36.5,supino
2025-11-18T23:18:41Z,2025-11-18T23:18:41Z,safesleep-dev-01,22.1,42.0,86.8,supino
2025-11-18T23:18:44Z,2025-11-18T23:18:44Z,safesleep-dev-01,25.6,55.4,27.5,supino
2025-11-18T23:18:47Z,2025-11-18T23:18:47Z,safesleep-dev-01,26.2,42.5,67.4,lateral
2025-11-18T23:18:50Z,2025-11-18T23:18:50Z,safesleep-dev-01,24.6,61.2,85.6,lateral
2025-11-18T23:18:53Z,2025-11-18T23:18:53Z,safesleep-dev-01,23.5,39.9,33.1,lateral
2025-11-18T23:18:56Z,2025-11-18T23:18:56Z,safesleep-dev-01,29.3,64.8,85.7,supino
2025-11-18T23:18:59Z,2025-11-18T23:18:59Z,safesleep-dev-01,23.6,40.6,80.6,supino
2025-11-18T23:19:02Z,2025-11-18T23:19:02Z,safesleep-dev-01,18.2,67.0,30.9,lateral
2025-11-18T23:19:05Z,2025-11-18T23:19:05Z,safesleep-dev-01,29.6,51.4,30.9,supino
2025-11-18T23:19:08Z,2025-11-18T23:19:08Z,safesleep-dev-01,25.9,52.7,86.7,supino
2025-11-18T23:19:11Z,2025-11-18T23:19:11Z,safesleep-dev-01,22.0,60.6,55.5,supino
2025-11-18T23:19:14Z,2025-11-18T23:19:14Z,safesleep-dev-01,27.0,66.5,71.4,supino
2025-11-18T23:19:17Z,2025-11-18T23:19:17Z,safesleep-dev-01,28.1,63.0,23.2,lateral
2025-11-18T23:19:20Z,2025-11-18T23:19:20Z,safesleep-dev-01,19.9,53.9,85.1,supino
2025-11-18T23:19:23Z,2025-11-18T23:19:23Z,safesleep-dev-01,23.8,31.8,48.4,supino
2025-11-18T23:19:26Z,2025-11-18T23:19:26Z,safesleep-dev-01,26.4,55.5,63.0,lateral
2025-11-18T23:19:29Z,2025-11-18T23:19:29Z,safesleep-dev-01,22.4,65.8,57.5,lateral
2025-11-18T23:19:32Z,2025-11-18T23:19:32Z,safesleep-dev-01,22.9,33.2,60.5,supino
2025-11-18T23:19:35Z,2025-11-18T23:19:35Z,safesleep-dev-01,18.2,37.4,45.5,lateral
2025-11-18T23:19:38Z,2025-11-18T23:19:38Z,safesleep-dev-01,19.0,68.6,51.3,prono
2025-11-18T23:19:41Z,2025-11-18T23:19:41Z,safesleep-dev-01,29.8,48.3,38.7,supino
2025-11-18T23:19:44Z,2025-11-18T23:19:44Z,safesleep-dev-01,29.4,48.9,47.5,lateral
2025-11-18T23:19:47Z,2025-11-18T23:19:47Z,safesleep-dev-01,28.7,48.5,49.3,prono
2025-11-18T23:19:50Z,2025-11-18T23:19:50Z,safesleep-dev-01,21.6,62.1,26.0,prono
2025-11-18T23:19:53Z,2025-11-18T23:19:53Z,safesleep-dev-01,27.7,61.5,31.3,supino
2025-11-18T23:19:56Z,2025-11-18T23:19:56Z,safesleep-dev-01,18.2,37.4,79.9,supino
2025-11-18T23:19:59Z,2025-11-18T23:19:59Z,safesleep-dev-01,28.4,32.6,87.2,lateral
2025-11-18T23:20:02Z,2025-11-18T23:20:02Z,safesleep-dev-01,29.1,42.7,84.3,supino
2025-11-18T23:20:05Z,2025-11-18T23:20:05Z,safesleep-dev-01,21.5,36.7,37.0,supino
2025-11-18T23:20:08Z,2025-11-18T23:20:08Z,safesleep-dev-01,23.3,44.7,75.7,supino
2025-11-18T23:20:11Z,2025-11-18T23:20:11Z,safesleep-dev-01,22.0,55.8,79.8,prono
2025-11-18T23:20:14Z,2025-11-18T23:20:14Z,safesleep-dev-01,29.8,62.3,75.5,prono
2025-11-18T23:20:17Z,2025-11-18T23:20:17Z,safesleep-dev-01,22.6,39.7,74.1,supino
2025-11-18T23:20:20Z,2025-11-18T23:20:20Z,safesleep-dev-01,29.0,56.0,30.0,supino
2025-11-18T23:20:23Z,2025-11-18T23:20:23Z,safesleep-dev-01,25.6,57.1,75.9,prono
2025-11-18T23:20:26Z,2025-11-18T23:20:26Z,safesleep-dev-01,29.0,43.2,51.0,supino
2025-11-18T23:20:29Z,2025-11-18T23:20:29Z,safesleep-dev-01,20.5,36.5,44.9,supino
2025-11-18T23:20:32Z,2025-11-18T23:20:32Z,safesleep-dev-01,22.7,44.0,47.1,supino
2025-11-18T23:20:35Z,2025-11-18T23:20:35Z,safesleep-dev-01,27.5,65.3,62.9,supino
2025-11-18T23:20:38Z,2025-11-18T23:20:38Z,safesleep-dev-01,23.0,36.0,39.5,supino
2025-11-18T23:20:41Z,2025-11-18T23:20:41Z,safesleep-dev-01,24.8,63.5,70.9,supino
2025-11-18T23:20:44Z,2025-11-18T23:20:44Z,safesleep-dev-01,28.3,56.0,52.1,prono
2025-11-18T23:20:47Z,2025-11-18T23:20:47Z,safesleep-dev-01,23.8,67.3,59.9,supino
2025-11-18T23:20:50Z,2025-11-18T23:20:50Z,safesleep-dev-01,18.2,49.3,25.8,supino
2025-11-18T23:20:53Z,2025-11-18T23:20:53Z,safesleep-dev-01,25.2,68.3,41.9,supino
2025-11-18T23:20:56Z,2025-11-18T23:20:56Z,safesleep-dev-01,29.1,40.9,70.8,lateral
2025-11-18T23:20:59Z,2025-11-18T23:20:59Z,safesleep-dev-01,18.8,32.1,89.8,prono
2025-11-18T23:21:02Z,2025-11-18T23:21:02Z,safesleep-dev-01,24.3,49.4,26.6,prono
2025-11-18T23:21:05Z,2025-11-18T23:21:05Z,safesleep-dev-01,29.3,62.0,46.9,supino
2025-11-18T23:21:08Z,2025-11-18T23:21:08Z,safesleep-dev-01,18.7,63.7,51.4,lateral
2025-11-18T23:21:11Z,2025-11-18T23:21:11Z,safesleep-dev-01,19.2,63.1,68.1,lateral
2025-11-18T23:21:14Z,2025-11-18T23:21:14Z,safesleep-dev-01,24.6,66.1,86.5,supino
2025-11-18T23:21:17Z,2025-11-18T23:21:17Z,safesleep-dev-01,20.9,49.3,77.2,supino
2025-11-18T23:21:20Z,2025-11-18T23:21:20Z,safesleep-dev-01,20.9,42.3,49.3,supino
2025-11-18T23:21:23Z,2025-11-18T23:21:23Z,safesleep-dev-01,24.9,61.4,71.5,lateral
2025-11-18T23:21:26Z,2025-11-18T23:21:26Z,safesleep-dev-01,27.9,57.6,75.6,supino
2025-11-18T23:21:29Z,2025-11-18T23:21:29Z,safesleep-dev-01,27.7,46.2,71.1,lateral
2025-11-18T23:21:32Z,2025-11-18T23:21:32Z,safesleep-dev-01,20.0,53.3,81.6,supino
2025-11-18T23:21:35Z,2025-11-18T23:21:35Z,safesleep-dev-01,23.4,66.5,67.2,supino
2025-11-18T23:21:38Z,2025-11-18T23:21:38Z,safesleep-dev-01,18.2,66.8,38.7,prono
2025-11-18T23:21:41Z,2025-11-18T23:21:41Z,safesleep-dev-01,22.0,35.5,41.0,supino
2025-11-18T23:21:44Z,2025-11-18T23:21:44Z,safesleep-dev-01,19.1,59.4,25.1,supino
2025-11-18T23:21:47Z,2025-11-18T23:21:47Z,safesleep-dev-01,26.6,61.5,41.6,supino
2025-11-18T23:21:50Z,2025-11-18T23:21:50Z,safesleep-dev-01,20.1,32.2,77.4,supino
2025-11-18T23:21:53Z,2025-11-18T23:21:53Z,safesleep-dev-01,19.5,41.5,53.9,prono
2025-11-18T23:21:56Z,2025-11-18T23:21:56Z,safesleep-dev-01,19.1,42.6,89.3,supino
2025-11-18T23:21:59Z,2025-11-18T23:21:59Z,safesleep-dev-01,23.0,48.5,36.0,lateral
2025-11-18T23:22:02Z,2025-11-18T23:22:02Z,safesleep-dev-01,22.7,59.0,77.0,lateral
2025-11-18T23:23:24Z,2025-11-18T23:23:24Z,safesleep-dev-01,23.9,38.6,36.7,lateral
2025-11-18T23:23:27Z,2025-11-18T23:23:27Z,safesleep-dev-01,25.9,61.3,20.3,supino
2025-11-18T23:23:30Z,2025-11-18T23:23:30Z,safesleep-dev-01,25.1,37.5,38.2,supino
2025-11-18T23:23:33Z,2025-11-18T23:23:33Z,safesleep-dev-01,18.2,43.2,58.2,supino
2025-11-18T23:23:36Z,2025-11-18T23:23:36Z,safesleep-dev-01,18.5,38.6,78.7,prono
2025-11-18T23:23:39Z,2025-11-18T23:23:39Z,safesleep-dev-01,27.2,35.7,69.2,supino
2025-11-18T23:23:42Z,2025-11-18T23:23:42Z,safesleep-dev-01,20.3,42.1,74.9,lateral
2025-11-18T23:23:45Z,2025-11-18T23:23:45Z,safesleep-dev-01,26.0,48.9,53.7,supino
2025-11-18T23:23:48Z,2025-11-18T23:23:48Z,safesleep-dev-01,19.5,52.0,68.6,supino
2025-11-18T23:23:51Z,2025-11-18T23:23:51Z,safesleep-dev-01,18.4,31.8,35.4,prono
2025-11-18T23:23:54Z,2025-11-18T23:23:54Z,safesleep-dev-01,27.9,41.0,28.1,supino
2025-11-18T23:23:57Z,2025-11-18T23:23:57Z,safesleep-dev-01,23.5,31.3,51.9,lateral
2025-11-18T23:24:00Z,2025-11-18T23:24:00Z,safesleep-dev-01,26.5,54.6,54.2,supino
2025-11-18T23:24:03Z,2025-11-18T23:24:03Z,safesleep-dev-01,24.6,39.0,66.9,supino
2025-11-18T23:24:06Z,2025-11-18T23:24:06Z,safesleep-dev-01,21.4,57.0,25.7,supino
2025-11-18T23:24:09Z,2025-11-18T23:24:09Z,safesleep-dev-01,27.4,56.2,46.2,supino
2025-11-18T23:24:12Z,2025-11-18T23:24:12Z,safesleep-dev-01,19.5,49.0,85.1,prono
2025-11-18T23:24:15Z,2025-11-18T23:24:15Z,safesleep-dev-01,25.5,52.9,48.9,lateral
2025-11-18T23:24:18Z,2025-11-18T23:24:18Z,safesleep-dev-01,27.8,30.4,85.9,supino
2025-11-18T23:24:21Z,2025-11-18T23:24:21Z,safesleep-dev-01,19.9,57.5,33.7,supino
2025-11-18T23:24:24Z,2025-11-18T23:24:24Z,safesleep-dev-01,23.6,48.7,77.4,supino
2025-11-18T23:24:27Z,2025-11-18T23:24:27Z,safesleep-dev-01,20.3,41.3,39.8,lateral
2025-11-18T23:24:30Z,2025-11-18T23:24:30Z,safesleep-dev-01,19.6,32.4,37.1,prono
2025-11-18T23:24:33Z,2025-11-18T23:24:33Z,safesleep-dev-01,18.5,33.6,67.9,supino
2025-11-18T23:24:36Z,2025-11-18T23:24:36Z,safesleep-dev-01,21.0,40.2,38.6,prono
2025-11-18T23:24:39Z,2025-11-18T23:24:39Z,safesleep-dev-01,22.7,49.1,51.5,supino
2025-11-18T23:24:42Z,2025-11-18T23:24:42Z,safesleep-dev-01,22.6,47.9,56.3,supino
2025-11-18T23:24:45Z,2025-11-18T23:24:45Z,safesleep-dev-01,20.3,35.8,37.8,lateral
2025-11-18T23:24:48Z,2025-11-18T23:24:48Z,safesleep-dev-01,24.4,66.2,89.8,supino
2025-11-18T23:24:51Z,2025-11-18T23:24:51Z,safesleep-dev-01,24.2,63.2,36.5,lateral
2025-11-18T23:24:54Z,2025-11-18T23:24:54Z,safesleep-dev-01,19.5,45.2,68.8,lateral
2025-11-18T23:24:57Z,2025-11-18T23:24:57Z,safesleep-dev-01,19.7,56.9,53.2,supino
2025-11-18T23:25:00Z,2025-11-18T23:25:00Z,safesleep-dev-01,25.5,31.8,47.2,supino
2025-11-18T23:25:03Z,2025-11-18T23:25:03Z,safesleep-dev-01,29.2,68.0,33.2,supino
2025-11-18T23:25:06Z,2025-11-18T23:25:06Z,safesleep-dev-01,20.7,62.9,73.9,supino
2025-11-18T23:25:09Z,2025-11-18T23:25:09Z,safesleep-dev-01,29.0,65.9,64.8,lateral
2025-11-18T23:25:12Z,2025-11-18T23:25:12Z,safesleep-dev-01,28.7,37.6,78.6,supino
2025-11-18T23:25:15Z,2025-11-18T23:25:15Z,safesleep-dev-01,19.6,57.3,56.9,prono
2025-11-18T23:25:18Z,2025-11-18T23:25:18Z,safesleep-dev-01,25.9,60.8,51.8,prono
2025-11-18T23:25:21Z,2025-11-18T23:25:21Z,safesleep-dev-01,19.2,48.7,22.2,lateral
2025-11-18T23:25:24Z,2025-11-18T23:25:24Z,safesleep-dev-01,26.0,61.5,40.1,supino
2025-11-18T23:25:27Z,2025-11-18T23:25:27Z,safesleep-dev-01,25.6,38.8,67.1,lateral
2025-11-18T23:25:30Z,2025-11-18T23:25:30Z,safesleep-dev-01,29.3,37.4,47.3,supino
2025-11-18T23:25:33Z,2025-11-18T23:25:33Z,safesleep-dev-01,27.1,44.6,23.0,lateral
2025-11-18T23:25:36Z,2025-11-18T23:25:36Z,safesleep-dev-01,19.6,47.9,43.1,lateral
2025-11-18T23:25:39Z,2025-11-18T23:25:39Z,safesleep-dev-01,24.3,61.6,74.2,supino
2025-11-18T23:25:42Z,2025-11-18T23:25:42Z,safesleep-dev-01,24.3,68.7,63.6,lateral
2025-11-18T23:25:45Z,2025-11-18T23:25:45Z,safesleep-dev-01,24.6,30.7,77.7,supino
2025-11-18T23:25:48Z,2025-11-18T23:25:48Z,safesleep-dev-01,20.0,54.9,58.4,supino
2025-11-18T23:25:51Z,2025-11-18T23:25:51Z,safesleep-dev-01,28.5,60.3,26.0,lateral
2025-11-18T23:25:54Z,2025-11-18T23:25:54Z,safesleep-dev-01,24.7,55.7,33.9,lateral
2025-11-18T23:25:57Z,2025-11-18T23:25:57Z,safesleep-dev-01,24.8,47.5,27.9,supino
2025-11-18T23:26:00Z,2025-11-18T23:26:00Z,safesleep-dev-01,26.1,55.0,47.8,supino
2025-11-18T23:26:03Z,2025-11-18T23:26:03Z,safesleep-dev-01,29.2,30.1,27.9,supino
2025-11-18T23:26:06Z,2025-11-18T23:26:06Z,safesleep-dev-01,26.8,41.3,56.5,supino
2025-11-18T23:26:09Z,2025-11-18T23:26:09Z,safesleep-dev-01,24.5,49.1,29.2,prono
2025-11-18T23:26:12Z,2025-11-18T23:26:12Z,safesleep-dev-01,22.0,56.8,88.2,supino
2025-11-18T23:26:15Z,2025-11-18T23:26:15Z,safesleep-dev-01,26.4,56.8,66.1,supino
2025-11-18T23:26:18Z,2025-11-18T23:26:18Z,safesleep-dev-01,21.2,41.8,82.4,supino
2025-11-18T23:26:21Z,2025-11-18T23:26:21Z,safesleep-dev-01,23.4,44.2,49.2,lateral
2025-11-18T23:26:24Z,2025-11-18T23:26:24Z,safesleep-dev-01,29.6,49.2,70.5,supino
2025-11-18T23:26:27Z,2025-11-18T23:26:27Z,safesleep-dev-01,29.7,47.3,56.4,supino
2025-11-18T23:26:30Z,2025-11-18T23:26:30Z,safesleep-dev-01,20.6,48.4,78.5,supino
2025-11-18T23:26:33Z,2025-11-18T23:26:33Z,safesleep-dev-01,21.1,41.8,30.0,supino
2025-11-18T23:26:36Z,2025-11-18T23:26:36Z,safesleep-dev-01,21.1,65.6,51.1,supino
2025-11-18T23:26:39Z,2025-11-18T23:26:39Z,safesleep-dev-01,18.5,54.5,47.6,lateral
2025-11-18T23:26:42Z,2025-11-18T23:26:42Z,safesleep-dev-01,29.1,33.1,42.2,supino
2025-11-18T23:26:45Z,2025-11-18T23:26:45Z,safesleep-dev-01,26.0,39.3,24.1,prono
2025-11-18T23:26:48Z,2025-11-18T23:26:48Z,safesleep-dev-01,25.4,45.9,37.6,prono
2025-11-18T23:26:51Z,2025-11-18T23:26:51Z,safesleep-dev-01,24.1,33.3,68.2,supino
2025-11-18T23:26:54Z,2025-11-18T23:26:54Z,safesleep-dev-01,24.1,45.0,37.5,supino
2025-11-18T23:26:57Z,2025-11-18T23:26:57Z,safesleep-dev-01,23.7,52.9,43.9,lateral
2025-11-18T23:27:00Z,2025-11-18T23:27:00Z,safesleep-dev-01,28.2,39.0,48.6,supino
2025-11-18T23:27:03Z,2025-11-18T23:27:03Z,safesleep-dev-01,23.6,43.8,30.0,supino
2025-11-18T23:27:06Z,2025-11-18T23:27:06Z,safesleep-dev-01,22.2,30.2,86.9,supino
2025-11-18T23:27:09Z,2025-11-18T23:27:09Z,safesleep-dev-01,24.3,56.8,81.8,supino
